frame_idx,timestamp,state,is_lost,is_keyframe,x,y,z,q_x,q_y,q_z,q_w
0,1.040000,2,false,true,-0.000000000,-0.000000007,0.000000000,-0.000000000,-0.000000000,-0.000000000,1.000000000
1,1.060000,2,false,false,0.000400571,0.000697139,0.000206804,-0.005493452,-0.009806020,0.005285520,-0.999922872
2,1.080000,2,false,false,0.000877136,-0.000641606,0.000064245,-0.008353551,-0.014270506,0.009342953,-0.999819636
3,1.100000,2,false,false,0.000214112,-0.001302361,-0.000810950,-0.006975350,-0.018736724,0.012156988,-0.999726236
4,1.120000,2,false,false,0.000069232,-0.003909510,-0.000937066,-0.001040833,-0.023745151,0.009005104,-0.999676943
5,1.140000,2,false,false,0.004190778,-0.006209339,-0.001273739,0.003238038,-0.025933383,0.001702267,-0.999656975
6,1.160000,2,false,false,0.002253730,-0.002529018,-0.002726531,0.005358528,-0.028796896,-0.001182135,-0.999570251
7,1.180000,2,false,false,0.001727394,-0.004425670,-0.004015245,0.008966799,-0.028931212,-0.001978549,-0.999539256
8,1.200000,2,false,false,0.003315162,-0.004288320,-0.004882784,0.008801231,-0.026187222,-0.005822361,-0.999601364
9,1.220000,2,false,false,0.000055663,-0.003647637,-0.007280128,0.010946898,-0.021519924,-0.010749672,-0.999650717
10,1.240000,2,false,false,0.003338055,-0.001046868,-0.007593779,0.015337585,-0.014436909,-0.015234844,-0.999662042
11,1.260000,2,false,false,0.002278150,-0.001674078,-0.008778867,0.019420965,-0.009877161,-0.019504089,-0.999572337
12,1.280000,2,false,false,0.001525953,-0.005127669,-0.010330833,0.023974065,-0.008064753,-0.021041477,-0.999458611
13,1.300000,2,false,false,-0.006000045,-0.001366011,-0.015228383,-0.024534820,0.008323897,0.019590743,0.999472380
14,1.320000,2,false,false,-0.009195368,-0.000747834,-0.017944768,-0.024932943,0.005574517,0.023323607,0.999401510
15,1.340000,2,false,false,-0.007882599,-0.001902235,-0.017440693,-0.030731814,0.001101151,0.024567660,0.999225140
16,1.360000,2,false,false,-0.007868938,-0.004475762,-0.017474076,-0.037422594,-0.001011389,0.022882644,0.999037027
17,1.380000,2,false,false,-0.007834067,-0.001946774,-0.017616898,-0.042184632,-0.003891961,0.019982589,0.998902440
18,1.400000,2,false,false,-0.007543840,-0.001942657,-0.018540090,-0.046995826,-0.007251372,0.015981922,0.998740971
19,1.420000,2,false,false,-0.005623843,-0.005377702,-0.018004319,-0.052959491,-0.008878132,0.013690883,0.998463333
20,1.440000,2,false,false,-0.006072801,-0.005492586,-0.019566637,-0.060554221,-0.010772189,0.012381218,0.998030066
21,1.460000,2,false,false,-0.006226423,-0.008176892,-0.020703591,-0.070728563,-0.012829510,0.014438706,0.997308612
22,1.480000,2,false,false,-0.004738054,-0.008751685,-0.019868469,-0.081222497,-0.016396642,0.015596835,0.996439040
23,1.500000,2,false,false,-0.002659013,-0.009180182,-0.018917101,-0.089450978,-0.023009527,0.015506621,0.995604634
24,1.520000,2,false,false,-0.000458637,-0.008499661,-0.019476220,-0.097116940,-0.029768459,0.014520613,0.994721770
25,1.540000,2,false,false,-0.001204852,-0.008674257,-0.020362653,-0.105054520,-0.033239502,0.015151611,0.993795276
26,1.560000,2,false,false,0.001678424,-0.009967139,-0.021235086,-0.112924621,-0.036090035,0.017490102,0.992793858
27,1.580000,2,false,false,0.003661781,-0.008692747,-0.020828478,-0.119560882,-0.038711362,0.016967958,0.991926849
28,1.600000,2,false,false,0.003745446,-0.009509380,-0.021002816,-0.125584885,-0.040805247,0.015584143,0.991120875
29,1.620000,2,false,false,0.004284134,-0.007183093,-0.021021578,-0.129556060,-0.042009633,0.013742001,0.990586460
30,1.640000,2,false,false,0.004583740,-0.006722616,-0.021242214,-0.132305905,-0.041257832,0.011500135,0.990283191
31,1.660000,2,false,false,0.006421663,-0.003578907,-0.021201234,-0.133788735,-0.040551841,0.008657457,0.990142047
32,1.680000,2,false,false,0.008021236,-0.002683010,-0.020640688,-0.135404557,-0.040018711,0.005471564,0.989966810
33,1.700000,2,false,false,0.007396290,-0.001171663,-0.022011034,-0.137644574,-0.039973259,0.002980531,0.989670277
34,1.720000,2,false,false,0.008156068,0.000102086,-0.023104588,-0.140745029,-0.040311154,0.002564219,0.989221632
35,1.740000,2,false,false,0.008549567,-0.000647904,-0.021996543,-0.145828426,-0.040927824,0.003557175,0.988456607
36,1.760000,2,false,false,0.010116803,-0.000218629,-0.021126615,-0.151590556,-0.042174134,0.005286347,0.987529099
37,1.780000,2,false,false,0.011063825,0.000374755,-0.022616789,-0.158029333,-0.044833213,0.006042752,0.986397624
38,1.800000,2,false,false,0.008802375,0.000119873,-0.024037922,-0.164695933,-0.046370629,0.006646599,0.985231400
39,1.820000,2,false,false,0.009384239,-0.005635010,-0.022838740,-0.170212850,-0.047861945,0.007140939,0.984218419
40,1.840000,2,false,false,0.010836670,-0.003994888,-0.022881059,-0.170850873,-0.048885368,0.005750109,0.984066665
41,1.860000,2,false,false,0.015982609,-0.003908475,-0.024237905,-0.174306393,-0.050982859,0.005550853,0.983355105
42,1.880000,2,false,false,0.014476285,-0.004581267,-0.025683619,-0.183457628,-0.054637108,0.007984856,0.981475651
43,1.900000,2,false,false,0.014593113,-0.005370647,-0.025834674,-0.193739712,-0.057981972,0.011599911,0.979269385
44,1.920000,2,false,false,0.013340740,-0.006829345,-0.027537419,-0.201178178,-0.060115755,0.011988811,0.977634788
45,1.940000,2,false,false,0.012824628,-0.005888929,-0.028286215,-0.206303164,-0.061156671,0.010355001,0.976520240
46,1.960000,2,false,false,0.012788065,-0.003355463,-0.029251121,-0.210739031,-0.061085608,0.008844990,0.975591898
47,1.980000,2,false,false,0.012302196,-0.003222440,-0.029962704,-0.210600913,-0.058696318,0.006506412,0.975786746
48,2.000000,2,false,false,0.012401493,-0.001491406,-0.031280521,-0.206123963,-0.055038501,0.002889518,0.976972580
49,2.020000,2,false,false,0.011728607,0.000094335,-0.031034457,-0.201691657,-0.051781960,-0.001710534,0.978077829
50,2.040000,2,false,false,0.013204766,0.002113131,-0.031513333,-0.201415017,-0.051606141,-0.005147109,0.978132069
51,2.060000,2,false,false,0.014433183,0.002562233,-0.032112218,-0.206479728,-0.053514030,-0.005307214,0.976971984
52,2.080000,2,false,false,0.008833192,0.011010952,-0.034993820,-0.211368412,-0.054247558,-0.005407165,0.975884914
53,2.100000,2,false,false,0.007710331,0.012020403,-0.036555324,-0.216384321,-0.054837644,-0.004461993,0.974756837
54,2.120000,2,false,false,0.010003186,0.010968871,-0.035991240,-0.220553234,-0.055181805,-0.002512229,0.973809540
55,2.140000,2,false,false,0.009128764,0.011565174,-0.036247842,-0.222261995,-0.053625204,-0.001965471,0.973509192
56,2.160000,2,false,false,0.009272354,0.012553159,-0.036516219,-0.221788943,-0.052106615,-0.004172645,0.973692536
57,2.180000,2,false,false,0.009226979,0.013085952,-0.037983686,-0.221506849,-0.052287988,-0.006891567,0.973731577
58,2.200000,2,false,false,0.008048547,0.013056641,-0.038284428,-0.224968478,-0.054574195,-0.007602823,0.972806811
59,2.220000,2,false,false,0.008080604,0.013122974,-0.038755216,-0.230679855,-0.056874629,-0.006270085,0.971345901
60,2.240000,2,false,false,0.008306967,0.012498029,-0.038683262,-0.236216247,-0.058462322,-0.004961846,0.969927549
61,2.260000,2,false,false,0.006132558,0.012806187,-0.040447671,-0.239928007,-0.059486561,-0.005980980,0.968947947
62,2.280000,2,false,false,0.004579613,0.013881368,-0.042589892,-0.242544234,-0.060781904,-0.007656031,0.968204141
63,2.300000,2,false,false,0.004656136,0.014173545,-0.042512372,-0.245230928,-0.061238252,-0.008074212,0.967494965
64,2.320000,2,false,false,0.003379848,0.015886821,-0.043163475,-0.246789739,-0.061046239,-0.008521197,0.967106879
65,2.340000,2,false,false,0.000926278,0.015110286,-0.045656137,-0.248842955,-0.061387040,-0.009252295,0.966552198
66,2.360000,2,false,false,0.001256327,0.015893264,-0.046916038,-0.251041234,-0.062664159,-0.009527077,0.965898931
67,2.380000,2,false,false,0.002532410,0.016113741,-0.043462876,-0.253484279,-0.062370569,-0.008773249,0.965286851
68,2.400000,2,false,false,0.001385293,0.016333252,-0.043441933,-0.254838616,-0.061683755,-0.009517130,0.964967251
69,2.420000,2,false,false,0.001121937,0.018792721,-0.044701301,-0.255849391,-0.061623976,-0.010767056,0.964690447
70,2.440000,2,false,false,0.001327021,0.018280247,-0.043482982,-0.258222133,-0.061395511,-0.010003037,0.964080870
71,2.460000,2,false,false,0.000162571,0.019709377,-0.044275306,-0.260161936,-0.061012186,-0.009951032,0.963584065
72,2.480000,2,false,false,0.001182036,0.021363035,-0.043800477,-0.260795861,-0.060477212,-0.011071124,0.963434219
73,2.500000,2,false,false,0.002427857,0.023539942,-0.043384977,-0.261103481,-0.060400646,-0.012305373,0.963340759
74,2.520000,2,false,false,0.002216045,0.023522371,-0.042373981,-0.262436450,-0.060399551,-0.012475220,0.962976336
75,2.540000,2,false,false,0.002324150,0.025102712,-0.040389244,-0.263232917,-0.060158912,-0.012561456,0.962772906
76,2.560000,2,false,false,0.003464342,0.027167520,-0.038924709,-0.263620496,-0.059916846,-0.013370533,0.962671041
77,2.580000,2,false,false,0.004218043,0.027824795,-0.037404601,-0.263321519,-0.059012167,-0.014419083,0.962793589
78,2.600000,2,false,false,0.001757392,0.029959247,-0.038469430,-0.263064086,-0.058277968,-0.015924118,0.962884963
79,2.620000,2,false,false,0.002531952,0.030983478,-0.036605936,-0.263338834,-0.057607338,-0.016560802,0.962839484
80,2.640000,2,false,false,0.008744380,0.031352561,-0.031087425,-0.264398992,-0.058123201,-0.016919421,0.962511659
81,2.660000,2,false,false,0.008573408,0.034269709,-0.029307596,-0.265436590,-0.057960421,-0.017137252,0.962231934
82,2.680000,2,false,false,0.011865048,0.034947846,-0.026471794,-0.267179042,-0.058573227,-0.016892899,0.961716831
83,2.700000,2,false,false,0.012364753,0.037015814,-0.022800401,-0.268614113,-0.058485363,-0.016859403,0.961322904
84,2.720000,2,false,false,0.013888964,0.039252996,-0.020002736,-0.269457370,-0.057976659,-0.016622007,0.961121857
85,2.740000,2,false,false,0.015336548,0.041133583,-0.017533531,-0.270571977,-0.056934945,-0.015959796,0.960882246
86,2.760000,2,false,false,0.017665226,0.043905288,-0.014883291,-0.271291792,-0.056368809,-0.015545635,0.960719407
87,2.780000,2,false,false,0.018638950,0.046183690,-0.009698858,-0.272160232,-0.055330887,-0.015434215,0.960535884
88,2.800000,2,false,false,0.021499680,0.049014941,-0.005723905,-0.273242831,-0.054849919,-0.014765250,0.960266590
89,2.820000,2,false,false,0.023019003,0.052675769,-0.001694124,-0.274326205,-0.054831624,-0.014516051,0.959962487
90,2.840000,2,false,false,0.025625372,0.056210425,0.002691927,-0.275139123,-0.054361060,-0.014629439,0.959754884
91,2.860000,2,false,false,0.022705792,0.062843047,0.003155343,-0.274892688,-0.053461011,-0.014700214,0.959874928
92,2.880000,2,false,false,0.025015084,0.066092491,0.007353679,-0.276344687,-0.054224763,-0.014031458,0.959425092
93,2.900000,2,false,false,0.024957592,0.069140650,0.011508871,-0.277412206,-0.054333005,-0.013356717,0.959120452
94,2.920000,2,false,false,0.027162906,0.073909007,0.015118126,-0.277792066,-0.054635573,-0.012677928,0.959002554
95,2.940000,2,false,false,0.030204697,0.077153310,0.021977536,-0.277768880,-0.054271068,-0.012585600,0.959031105
96,2.960000,2,false,false,0.033650827,0.081383407,0.027713746,-0.276864082,-0.054345690,-0.012695384,0.959287047
97,2.980000,2,false,false,0.034149263,0.086263157,0.032454014,-0.275856048,-0.054032229,-0.012740576,0.959594607
98,3.000000,2,false,false,0.037388846,0.089077272,0.039322220,-0.274708748,-0.053409267,-0.012212667,0.959965348
99,3.020000,2,false,false,0.039401084,0.093936093,0.045298517,-0.272084743,-0.052730311,-0.012173947,0.960750401
100,3.040000,2,false,false,0.042672835,0.095446937,0.052655797,-0.269907147,-0.052238896,-0.012105424,0.961392105
101,3.060000,2,false,false,0.045050077,0.098709382,0.058317173,-0.266904354,-0.052378852,-0.012143057,0.962221980
102,3.080000,2,false,false,0.049284853,0.101761192,0.064432353,-0.264560789,-0.052832477,-0.011903636,0.962847173
103,3.100000,2,false,false,0.052545428,0.105783746,0.071398035,-0.261785120,-0.052494392,-0.013557364,0.963602185
104,3.120000,2,false,false,0.058897685,0.110134162,0.080835029,-0.258422136,-0.051502954,-0.015278268,0.964537263
105,3.140000,2,false,false,0.064506367,0.112221628,0.088119194,-0.255420148,-0.050196417,-0.016450001,0.965386152
106,3.160000,2,false,false,0.065074638,0.116533034,0.093949184,-0.252204537,-0.047925800,-0.017595021,0.966326296
107,3.180000,2,false,false,0.069397569,0.120729893,0.100280568,-0.249838173,-0.047447346,-0.018113412,0.966954827
108,3.200000,2,false,false,0.072734311,0.123368762,0.107310966,-0.247735202,-0.046651967,-0.018899303,0.967519343
109,3.220000,2,false,false,0.075912237,0.126913518,0.113585360,-0.244613543,-0.045487549,-0.020275710,0.968340874
110,3.240000,2,false,false,0.080588229,0.130196884,0.119229466,-0.240864635,-0.043823067,-0.021275312,0.969335437
111,3.260000,2,false,false,0.082911327,0.132168397,0.126296952,-0.236768022,-0.040527612,-0.022913728,0.970450103
112,3.280000,2,false,false,0.085524872,0.135552362,0.132735178,-0.231975630,-0.036912464,-0.024935534,0.971701145
113,3.300000,2,false,false,0.089594670,0.137205645,0.138110742,-0.227819800,-0.033555817,-0.027337022,0.972740948
114,3.320000,2,false,false,0.095961154,0.142384216,0.145732507,-0.221923620,-0.028353600,-0.030146126,0.974185407
115,3.340000,2,false,false,0.097932085,0.143498600,0.151595816,-0.216621980,-0.021800470,-0.033632521,0.975432515
116,3.360000,2,false,false,0.101928174,0.146083966,0.158427134,-0.212833896,-0.016959129,-0.036735807,0.976250291
117,3.380000,2,false,false,0.108471930,0.149256438,0.169009313,-0.210483581,-0.012069699,-0.038399044,0.976768434
118,3.400000,2,false,false,0.112491004,0.150618136,0.176178530,-0.208322957,-0.007356316,-0.039347813,0.977240622
119,3.420000,2,false,false,0.115719952,0.153788224,0.181703657,-0.205578700,-0.004074351,-0.040660620,0.977787077
120,3.440000,2,false,false,0.119384192,0.156283811,0.188165620,-0.202679485,-0.001478404,-0.042432830,0.978324234
121,3.460000,2,false,false,0.122272722,0.158118352,0.193937004,-0.199422508,0.002198651,-0.044144049,0.978916347
122,3.480000,2,false,false,0.121696204,0.159633115,0.196231335,-0.196168199,0.006838579,-0.046257153,0.979454756
123,3.500000,2,false,false,0.124191716,0.161297575,0.201259270,-0.193522468,0.011226881,-0.048279833,0.979842901
124,3.520000,2,false,false,0.126352742,0.162470073,0.205029085,-0.191594243,0.017764568,-0.049519055,0.980063260
125,3.540000,2,false,false,0.129297137,0.163236052,0.209008083,-0.190358028,0.025152219,-0.050669715,0.980083585
126,3.560000,2,false,false,0.133444279,0.167243332,0.214061573,-0.188834071,0.031989615,-0.052725468,0.980070591
127,3.580000,2,false,false,0.136148348,0.168623760,0.217235714,-0.189031780,0.040114343,-0.053880285,0.979670763
128,3.600000,2,false,false,0.138215601,0.169139594,0.220921755,-0.189817488,0.049603544,-0.055026654,0.979020357
129,3.620000,2,false,false,0.140973002,0.169336304,0.224538445,-0.190699220,0.058977135,-0.057298914,0.978198528
130,3.640000,2,false,false,0.148455366,0.174067140,0.228747025,-0.190295845,0.066232875,-0.060168769,0.977640271
131,3.660000,2,false,false,0.151947975,0.176258519,0.229757309,-0.190421060,0.074900270,-0.062602483,0.976837099
132,3.680000,2,false,false,0.152436063,0.177121133,0.231116682,-0.190310434,0.084698305,-0.065929472,0.975838900
133,3.700000,2,false,false,0.156933755,0.178585336,0.232897088,-0.191318586,0.093019508,-0.068543836,0.974703252
134,3.720000,2,false,false,0.157810256,0.179943174,0.233932912,-0.193379849,0.101480521,-0.071085937,0.973269105
135,3.740000,2,false,false,0.160809398,0.179668874,0.235370547,-0.197298169,0.109004579,-0.073846176,0.971461892
136,3.760000,2,false,false,0.161227718,0.181335807,0.235360175,-0.201160371,0.116676770,-0.076987691,0.969532907
137,3.780000,2,false,false,0.162754357,0.182240218,0.235230744,-0.204711094,0.123405471,-0.080586344,0.967662334
138,3.800000,2,false,true,0.159019455,0.176436409,0.216132492,-0.206983805,0.128848091,-0.085836262,0.966016591
139,3.820000,2,false,false,0.158678845,0.176965252,0.215093419,-0.211802736,0.134207025,-0.090433687,0.963820457
140,3.840000,2,false,false,0.158049896,0.178808361,0.213430613,-0.217888549,0.139024854,-0.093058281,0.961528420
141,3.860000,2,false,false,0.159428656,0.178343788,0.213417336,-0.224079743,0.144079596,-0.094577424,0.959210336
142,3.880000,2,false,false,0.156376243,0.180122703,0.210784793,-0.227668166,0.149842769,-0.098874122,0.957046688
143,3.900000,2,false,false,0.156592578,0.180891380,0.209113196,-0.230533034,0.154820755,-0.102513425,0.955183804
144,3.920000,2,false,false,0.153784409,0.180318147,0.208387911,-0.231573671,0.160557896,-0.107184649,0.953470707
145,3.940000,2,false,false,0.152968466,0.180866778,0.207225263,-0.230822742,0.165884063,-0.112261102,0.952155888
146,3.960000,2,false,false,0.148571700,0.174594074,0.206799179,-0.232541665,0.171423867,-0.115542211,0.950362206
147,3.980000,2,false,false,0.144734010,0.175626472,0.202331066,-0.232280135,0.176098660,-0.120172694,0.948996246
148,4.000000,2,false,false,0.142213449,0.172636524,0.201151133,-0.234035954,0.181160703,-0.123452269,0.947189271
149,4.020000,2,false,false,0.139778480,0.173011869,0.198452041,-0.234500453,0.187080815,-0.126976162,0.945456147
150,4.040000,2,false,false,0.136690408,0.172241598,0.197118446,-0.234488338,0.193863481,-0.131495953,0.943472922
151,4.060000,2,false,false,0.134875953,0.173638403,0.193246633,-0.234903812,0.199794397,-0.135388598,0.941579759
152,4.080000,2,false,false,0.131154925,0.172561482,0.190531269,-0.238155425,0.205891639,-0.137277141,0.939172864
153,4.100000,2,false,false,0.127371952,0.171910673,0.187676877,-0.242477223,0.212251976,-0.138121217,0.936523676
154,4.120000,2,false,false,0.121744432,0.170749873,0.184099659,-0.246014491,0.218581796,-0.140509278,0.933785915
155,4.140000,2,false,false,0.117662609,0.171301186,0.180853456,-0.247924984,0.224262282,-0.142431691,0.931639850
156,4.160000,2,false,false,0.111863904,0.171146497,0.178214580,-0.249926016,0.230125263,-0.143805504,0.929461837
157,4.180000,2,false,false,0.107131928,0.168963507,0.175106779,-0.251814663,0.235942528,-0.144483358,0.927386165
158,4.200000,2,false,false,0.102579720,0.166889191,0.171309173,-0.253357887,0.240456372,-0.146994665,0.925409675
159,4.220000,2,false,false,0.097109467,0.165504843,0.168766007,-0.254084080,0.244971797,-0.150037706,0.923536062
160,4.240000,2,false,false,0.091387540,0.162455261,0.167131454,-0.255638719,0.249828666,-0.151810393,0.921514034
161,4.260000,2,false,false,0.088510044,0.160348102,0.163381189,-0.256699294,0.253031552,-0.153960928,0.919987321
162,4.280000,2,false,false,0.085181355,0.159054518,0.160226583,-0.257508039,0.255963802,-0.156621769,0.918499768
163,4.300000,2,false,false,0.080430835,0.156890914,0.155312300,-0.258300275,0.259021252,-0.159375042,0.916945279
164,4.320000,2,false,false,0.076628886,0.154231206,0.153283879,-0.259602606,0.262274921,-0.162473202,0.915107012
165,4.340000,2,false,false,0.075569861,0.152970538,0.150203571,-0.261037171,0.264886498,-0.165670097,0.913371921
166,4.360000,2,false,false,0.075373694,0.151110291,0.146436095,-0.262258738,0.267121255,-0.170051277,0.911564171
167,4.380000,2,false,false,0.071919605,0.149750292,0.142998084,-0.263135672,0.269825876,-0.174950331,0.909585714
168,4.400000,2,false,false,0.070069581,0.147477075,0.139565796,-0.264423758,0.271281809,-0.179052606,0.907979369
169,4.420000,2,false,false,0.067857489,0.145526081,0.134818703,-0.265416831,0.272581279,-0.181553096,0.906803131
170,4.440000,2,false,false,0.067075051,0.142471477,0.132515699,-0.266581535,0.273644835,-0.182329163,0.905985117
171,4.460000,2,false,false,0.063911125,0.141009390,0.127992392,-0.267068148,0.274457306,-0.183254883,0.905409038
172,4.480000,2,false,false,0.061578989,0.138216138,0.124974921,-0.267716020,0.274452388,-0.184167713,0.905033827
173,4.500000,2,false,false,0.060383581,0.134386584,0.121428132,-0.268091202,0.274278820,-0.185314447,0.904741287
174,4.520000,2,false,false,0.059451025,0.135364681,0.117280386,-0.267837495,0.273941070,-0.187183857,0.904533923
175,4.540000,2,false,false,0.060246840,0.132731721,0.113514468,-0.268385649,0.272960156,-0.187387437,0.904625833
176,4.560000,2,false,false,0.047815911,0.131187871,0.104272410,-0.268468618,0.273129761,-0.188795552,0.904257119
177,4.580000,2,false,false,0.046842739,0.129998118,0.101284713,-0.268007815,0.271327406,-0.189486235,0.904791832
178,4.600000,2,false,false,0.047028407,0.128076613,0.099807777,-0.267031372,0.271451682,-0.188105255,0.905331254
179,4.620000,2,false,false,0.047971159,0.127192870,0.098032743,-0.265373111,0.272030771,-0.185704663,0.906140268
180,4.640000,2,false,false,0.048352279,0.125242993,0.096802689,-0.263695776,0.271643072,-0.183637574,0.907166898
181,4.660000,2,false,false,0.048926011,0.122682802,0.095849499,-0.262071550,0.269919932,-0.183231980,0.908233345
182,4.680000,2,false,false,0.048173487,0.120550618,0.094417080,-0.259299308,0.268707186,-0.182364494,0.909562290
183,4.700000,2,false,false,0.049437415,0.118691444,0.092733458,-0.256665915,0.267423630,-0.181089133,0.910941243
184,4.720000,2,false,false,0.049732693,0.116201833,0.092131957,-0.254756451,0.266932338,-0.179876417,0.911861181
185,4.740000,2,false,false,0.051419325,0.115818091,0.090928957,-0.252797216,0.266116768,-0.178437874,0.912926793
186,4.760000,2,false,false,0.052058429,0.116636477,0.089304000,-0.251063973,0.265027493,-0.177639425,0.913877249
187,4.780000,2,false,true,0.060048483,0.116074167,0.099722996,-0.250762522,0.264330119,-0.175436527,0.914587259
188,4.800000,2,false,false,0.061892979,0.115491755,0.099070042,-0.248671085,0.262560397,-0.175048098,0.915741801
189,4.820000,2,false,false,0.060230076,0.116473913,0.096473649,-0.245699212,0.261182904,-0.174311370,0.917077422
190,4.840000,2,false,false,0.063551947,0.113474518,0.097550847,-0.242444083,0.258618534,-0.171754435,0.919150591
191,4.860000,2,false,false,0.063438453,0.114841506,0.094619945,-0.236410752,0.256751120,-0.170269951,0.921518862
192,4.880000,2,false,false,0.065446660,0.113602214,0.094511233,-0.231477454,0.253626585,-0.169039115,0.923860192
193,4.900000,2,false,false,0.067659751,0.112440303,0.094225675,-0.228133544,0.250269532,-0.166756377,0.926019788
194,4.920000,2,false,false,0.069460027,0.113998823,0.092890568,-0.225367144,0.246960282,-0.162695244,0.928305268
195,4.940000,2,false,false,0.071698830,0.113810033,0.091868408,-0.223644048,0.244294494,-0.158382520,0.930171251
196,4.960000,2,false,false,0.073789164,0.112567492,0.091747537,-0.220222339,0.243055999,-0.155137107,0.931857526
197,4.980000,2,false,false,0.074706227,0.111846536,0.092371352,-0.215382457,0.241524726,-0.153499261,0.933656394
198,5.000000,2,false,false,0.076605409,0.109869242,0.092756726,-0.211713687,0.237567827,-0.151145533,0.935892045
199,5.020000,2,false,false,0.078345403,0.110967368,0.093086824,-0.210175723,0.232888252,-0.147527039,0.937989891
200,5.040000,2,false,false,0.077251323,0.111080587,0.093809195,-0.210883126,0.228312135,-0.143402442,0.939594448
201,5.060000,2,false,false,0.078207567,0.111882553,0.095963247,-0.212284312,0.222531587,-0.140384004,0.941120267
202,5.080000,2,false,false,0.079743445,0.113584839,0.097728260,-0.212587282,0.217120767,-0.138433337,0.942603588
203,5.100000,2,false,false,0.076553166,0.120337918,0.099062666,-0.211974993,0.211500168,-0.138105512,0.944066286
204,5.120000,2,false,false,0.076426968,0.124003381,0.102218367,-0.213077918,0.205062807,-0.136346072,0.945492923
205,5.140000,2,false,false,0.074957281,0.126629218,0.105494127,-0.214362592,0.198892578,-0.133406237,0.946938872
206,5.160000,2,false,false,0.074607946,0.129248708,0.109963983,-0.215297848,0.191000476,-0.130634576,0.948736191
207,5.180000,2,false,false,0.071547821,0.132481426,0.113929704,-0.214758351,0.184035942,-0.128764510,0.950489104
208,5.200000,2,false,false,0.066456616,0.136987552,0.118042335,-0.215474486,0.176319063,-0.126532793,0.952088177
209,5.220000,2,false,false,0.062087588,0.140361592,0.122516766,-0.217691004,0.166210309,-0.123693891,0.953773916
210,5.240000,2,false,false,0.060402114,0.144187659,0.128159061,-0.221153975,0.155721843,-0.120194465,0.955193698
211,5.260000,2,false,false,0.056861039,0.147226363,0.133958757,-0.226320490,0.145403907,-0.115261823,0.956217289
212,5.280000,2,false,false,0.055695932,0.151109695,0.139094368,-0.231379092,0.134513855,-0.108517386,0.957389057
213,5.300000,2,false,false,0.049923234,0.157866448,0.144258812,-0.232242420,0.124410398,-0.104192600,0.959025264
214,5.320000,2,false,false,0.048501559,0.163147658,0.151880503,-0.227155775,0.112632230,-0.101737559,0.961958349
215,5.340000,2,false,false,0.045145083,0.168621406,0.156588495,-0.215798244,0.097226396,-0.104112118,0.965991080
216,5.360000,2,false,false,0.043114863,0.174999774,0.162197784,-0.199871331,0.083938204,-0.106911458,0.970348299
217,5.380000,2,false,false,0.043276273,0.180781543,0.169602334,-0.183001488,0.075085945,-0.107276857,0.974353313
218,5.400000,2,false,false,0.048064817,0.185077161,0.193860471,-0.168398082,0.067776397,-0.103908166,0.977881193
219,5.420000,2,false,false,0.039806496,0.182973653,0.186430857,-0.158338338,0.060729600,-0.101981431,0.980224848
220,5.440000,2,false,false,0.032870647,0.188025936,0.193388179,-0.152935177,0.052758314,-0.096342176,0.982112885
221,5.460000,2,false,false,0.028451808,0.192076311,0.202154368,-0.148394838,0.045296427,-0.089376003,0.983839035
222,5.480000,2,false,false,0.025099169,0.197434872,0.210502356,-0.144086823,0.041357666,-0.085419588,0.985003591
223,5.500000,2,false,false,0.019611295,0.203723133,0.217517272,-0.140194967,0.039527874,-0.084326774,0.985734284
224,5.520000,2,false,false,0.020802077,0.215539798,0.228590518,-0.136380225,0.035846476,-0.085239813,0.986331463
225,5.540000,2,false,false,0.015192050,0.219678983,0.236836329,-0.137607157,0.034400132,-0.084270403,0.986295819
226,5.560000,2,false,false,0.009947076,0.225933686,0.244132966,-0.144248769,0.034035500,-0.079389900,0.985764265
227,5.580000,2,false,false,0.008194197,0.229577824,0.253955156,-0.153554916,0.033658735,-0.073733851,0.984810352
228,5.600000,2,false,false,0.003371901,0.234566286,0.263354272,-0.162838861,0.033467490,-0.070136927,0.983587444
229,5.620000,2,false,false,-0.000539304,0.246971831,0.267102897,-0.167577013,0.032191124,-0.070553504,0.982804120
230,5.640000,2,false,false,-0.004444720,0.253504932,0.274692148,-0.169253543,0.032354265,-0.070682690,0.982502103
231,5.660000,2,false,false,-0.009824703,0.259092659,0.281781077,-0.167376980,0.034947164,-0.073837355,0.982502818
232,5.680000,2,false,false,-0.011073695,0.265883386,0.290975332,-0.165792093,0.038130287,-0.080619335,0.982119977
233,5.700000,2,false,false,-0.013215668,0.272175550,0.298713326,-0.166669890,0.042245239,-0.084478401,0.981478453
234,5.720000,2,false,false,-0.012701045,0.271814078,0.308276206,-0.172224805,0.043628659,-0.084418342,0.980463505
235,5.740000,2,false,false,-0.017415827,0.275249094,0.315802872,-0.176063702,0.044550430,-0.085736997,0.979625463
236,5.760000,2,false,false,-0.019007016,0.280149132,0.323009938,-0.178790227,0.045736570,-0.086666115,0.978995085
237,5.780000,2,false,false,-0.022411147,0.285387039,0.330646306,-0.182998836,0.050038535,-0.087614045,0.977921963
238,5.800000,2,false,false,-0.023166096,0.291989625,0.338639885,-0.188574731,0.054435015,-0.089362502,0.976468503
239,5.820000,2,false,false,-0.026021771,0.295110822,0.346233606,-0.196919441,0.057775535,-0.089168228,0.974645495
240,5.840000,2,false,false,-0.022688029,0.307767987,0.352943987,-0.205703050,0.057676133,-0.087761410,0.972963393
241,5.860000,2,false,false,-0.024297763,0.310651690,0.360111713,-0.217305332,0.058346149,-0.083607353,0.970764577
242,5.880000,2,false,false,-0.023813494,0.315049469,0.367833704,-0.224326313,0.059280045,-0.081659652,0.969275713
243,5.900000,2,false,false,-0.024913469,0.321450055,0.374249041,-0.226635098,0.059655525,-0.081676841,0.968713939
244,5.920000,2,false,false,-0.027801938,0.327274919,0.379125267,-0.228971437,0.058780726,-0.080883108,0.968284547
245,5.940000,2,false,false,-0.031827088,0.334301502,0.388843358,-0.232820079,0.057722144,-0.078709476,0.967609346
246,5.960000,2,false,false,-0.035528190,0.339421421,0.394447267,-0.235077709,0.056727819,-0.078333840,0.967152715
247,5.980000,2,false,false,-0.034559350,0.343963116,0.401088238,-0.237493783,0.055020761,-0.077073187,0.966762245
248,6.000000,2,false,false,-0.035104215,0.350872010,0.405317038,-0.239960477,0.052128810,-0.075398743,0.966445386
249,6.020000,2,false,false,-0.035661831,0.353690028,0.412515581,-0.243209690,0.049277868,-0.072788395,0.965982795
250,6.040000,2,false,false,-0.036920395,0.356730968,0.419252813,-0.245662719,0.046687171,-0.070734255,0.965643287
251,6.060000,2,false,false,-0.034827191,0.363502026,0.426240295,-0.246863663,0.042102475,-0.069392219,0.965645134
252,6.080000,2,false,false,-0.035005257,0.368959844,0.430993676,-0.249328002,0.038439706,-0.067447014,0.965302467
253,6.100000,2,false,false,-0.033852112,0.374393135,0.437539101,-0.251038373,0.034526087,-0.064838886,0.965185881
254,6.120000,2,false,false,-0.032780547,0.380416036,0.443083078,-0.250989139,0.029522493,-0.063480079,0.965454936
255,6.140000,2,false,false,-0.033942565,0.382463872,0.452505022,-0.251515299,0.024974294,-0.062202759,0.965529501
256,6.160000,2,false,false,-0.033611782,0.386346132,0.456993341,-0.251858890,0.020907663,-0.061999936,0.965549588
257,6.180000,2,false,false,-0.032971896,0.393268555,0.463270068,-0.252170354,0.018104997,-0.061675072,0.965545774
258,6.200000,2,false,false,-0.030320238,0.400562644,0.472648680,-0.253122419,0.014408381,-0.061060239,0.965397894
259,6.220000,2,false,false,-0.026713008,0.406611413,0.481267124,-0.253699332,0.010954521,-0.059937276,0.965362251
260,6.240000,2,false,false,-0.025439620,0.412173539,0.489405334,-0.253312021,0.008121589,-0.059379071,0.965526402
261,6.260000,2,false,false,-0.018499689,0.423078716,0.499797493,-0.251138747,0.004345932,-0.058986492,0.966142416
262,6.280000,2,false,false,-0.016761843,0.429651499,0.508247972,-0.249880239,0.001082558,-0.057547078,0.966564596
263,6.300000,2,false,false,-0.017375246,0.433832645,0.514756024,-0.248860136,-0.002267427,-0.055607650,0.966939151
264,6.320000,2,false,false,-0.011576375,0.442589909,0.525724411,-0.247961029,-0.005878733,-0.053216062,0.967289507
265,6.340000,2,false,false,-0.009730082,0.446408510,0.533960581,-0.246955141,-0.008439205,-0.051324811,0.967630029
266,6.360000,2,false,false,-0.006222161,0.457494795,0.545083940,-0.245321408,-0.010212345,-0.049524166,0.968122184
267,6.380000,2,false,false,-0.002901629,0.463795215,0.553577125,-0.245671749,-0.012755502,-0.047184974,0.968120039
268,6.400000,2,false,false,-0.001300734,0.468919128,0.563671708,-0.246813014,-0.015278514,-0.044937186,0.967900097
269,6.420000,2,false,false,0.003405531,0.473388642,0.575011730,-0.247780085,-0.017525531,-0.042573586,0.967721820
270,6.440000,2,false,false,0.006178968,0.478030443,0.583412528,-0.247230724,-0.020006068,-0.042068269,0.967836320
271,6.460000,2,false,false,0.010899991,0.482541829,0.592498958,-0.246867344,-0.021782605,-0.042018451,0.967892826
272,6.480000,2,false,false,0.013630381,0.486736417,0.602937400,-0.247739747,-0.021490743,-0.041112680,0.967715323
273,6.500000,2,false,false,0.017882809,0.491046250,0.613014996,-0.248252049,-0.020646138,-0.039421070,0.967672765
274,6.520000,2,false,false,0.021752842,0.495706826,0.622210145,-0.248419791,-0.020125424,-0.037564952,0.967714548
275,6.540000,2,false,false,0.026215388,0.501188695,0.631688714,-0.249424443,-0.020048147,-0.035897493,0.967521071
276,6.560000,2,false,false,0.028143972,0.505848229,0.638362944,-0.250436485,-0.021514134,-0.035021961,0.967260242
277,6.580000,2,false,false,0.029334683,0.511802733,0.644197762,-0.250915140,-0.025519177,-0.035092805,0.967036188
278,6.600000,2,false,false,0.032204606,0.514743090,0.652221262,-0.252925098,-0.029546915,-0.033252724,0.966462731
279,6.620000,2,false,false,0.034773979,0.519770801,0.657988846,-0.254409820,-0.031392753,-0.031242928,0.966081798
280,6.640000,2,false,false,0.037543125,0.522680640,0.665683925,-0.255888790,-0.031858437,-0.029130718,0.965741932
281,6.660000,2,false,false,0.040338129,0.526916087,0.672890067,-0.256025195,-0.032716721,-0.028248288,0.965703309
282,6.680000,2,false,false,0.046058726,0.534078360,0.680354178,-0.256096870,-0.035830073,-0.027949497,0.965582490
283,6.700000,2,false,false,0.048371326,0.538027227,0.686415970,-0.258193016,-0.038163636,-0.025720259,0.964996576
284,6.720000,2,false,false,0.051701933,0.540914953,0.692941070,-0.260300219,-0.039556950,-0.022545218,0.964453638
285,6.740000,2,false,false,0.053914268,0.544835687,0.699694574,-0.258682877,-0.039168101,-0.021738000,0.964923024
286,6.760000,2,false,false,0.056656644,0.550822377,0.705519915,-0.252227038,-0.037335258,-0.025269616,0.966617346
287,6.780000,2,false,false,0.055787496,0.550114274,0.718133569,-0.247342721,-0.034462627,-0.026058786,0.967964351
288,6.800000,2,false,false,0.058023855,0.554056346,0.724838853,-0.243688479,-0.032521468,-0.026687454,0.968940735
289,6.820000,2,false,false,0.057479281,0.557351530,0.729609489,-0.243357703,-0.033766054,-0.025865141,0.969003558
290,6.840000,2,false,false,0.058575816,0.561377943,0.735072136,-0.244782090,-0.037154917,-0.024550721,0.968554914
291,6.860000,2,false,false,0.058839787,0.564878345,0.740923285,-0.246247679,-0.039579477,-0.023350315,0.968116879
292,6.880000,2,false,false,0.056188263,0.573769867,0.743274987,-0.244924068,-0.041281942,-0.025561402,0.968325675
293,6.900000,2,false,false,0.054325983,0.578021228,0.747472107,-0.245302185,-0.043712705,-0.027182305,0.968079150
294,6.920000,2,false,false,0.054450095,0.582296968,0.753769875,-0.245931745,-0.047078956,-0.027361043,0.967756510
295,6.940000,2,false,false,0.055631761,0.588380337,0.759715319,-0.245377690,-0.050769370,-0.027602168,0.967703700
296,6.960000,2,false,false,0.054337323,0.592190623,0.765769064,-0.244953841,-0.052915949,-0.027034258,0.967712104
297,6.980000,2,false,false,0.052937962,0.596556544,0.771198630,-0.243861169,-0.053902373,-0.027719397,0.967914224
298,7.000000,2,false,false,0.051936168,0.599932253,0.779591739,-0.243412092,-0.055327877,-0.028381139,0.967927635
299,7.020000,2,false,false,0.048915267,0.603519142,0.784488320,-0.242591828,-0.057574466,-0.029294256,0.967975378
300,7.040000,2,false,false,0.048636708,0.608644605,0.792098045,-0.243061483,-0.060398016,-0.029557478,0.967677414
301,7.060000,2,false,false,0.047515906,0.612979174,0.798798978,-0.243659273,-0.061932132,-0.029627332,0.967427909
302,7.080000,2,false,false,0.047961194,0.618775845,0.805891991,-0.242815986,-0.061423935,-0.030396698,0.967648506
303,7.100000,2,false,false,0.050126150,0.625108242,0.814946592,-0.241402239,-0.060740080,-0.032349989,0.967981994
304,7.120000,2,false,false,0.049830906,0.631672502,0.822365463,-0.240706325,-0.060375649,-0.035846401,0.968054950
305,7.140000,2,false,false,0.048663683,0.639153063,0.829913020,-0.239592269,-0.058260780,-0.037489019,0.968398631
306,7.160000,2,false,false,0.047053594,0.644981384,0.837164700,-0.239349097,-0.056197599,-0.038000181,0.968560755
307,7.180000,2,false,false,0.045004793,0.650907993,0.844358504,-0.240261510,-0.055361778,-0.037985675,0.968383551
308,7.200000,2,false,false,0.049395092,0.661360741,0.854418516,-0.240488186,-0.054259464,-0.037393011,0.968412697
309,7.220000,2,false,false,0.047323309,0.667943180,0.862986028,-0.239687547,-0.052678786,-0.037068963,0.968710899
310,7.240000,2,false,false,0.045459002,0.675002515,0.870783865,-0.237730384,-0.051777691,-0.037495822,0.969225168
311,7.260000,2,false,false,0.042435165,0.680620909,0.879138827,-0.236176416,-0.051145706,-0.037655789,0.969632387
312,7.280000,2,false,false,0.039841928,0.687318504,0.887751698,-0.234897986,-0.049833372,-0.037523858,0.970016241
313,7.300000,2,false,false,0.036024883,0.692021906,0.897581160,-0.235034913,-0.047797479,-0.036331475,0.970130980
314,7.320000,2,false,false,0.034878112,0.698888183,0.907102764,-0.232740343,-0.046353478,-0.037198201,0.970721185
315,7.340000,2,false,false,0.030231278,0.705584407,0.916224599,-0.229463786,-0.043507036,-0.038785737,0.971570551
316,7.360000,2,false,false,0.027909897,0.713633001,0.926424980,-0.227168784,-0.040733382,-0.040399056,0.972164094
317,7.380000,2,false,false,0.024090130,0.720090806,0.935906887,-0.226965129,-0.037631933,-0.041091830,0.972307682
318,7.400000,2,false,false,0.020169608,0.728707850,0.944366336,-0.226405025,-0.035819661,-0.041729178,0.972479522
319,7.420000,2,false,false,0.018610127,0.734424531,0.955550551,-0.227172375,-0.033151407,-0.041189216,0.972418249
320,7.440000,2,false,false,0.013489457,0.738943279,0.965207338,-0.227088973,-0.029260764,-0.041061331,0.972567976
321,7.460000,2,false,false,0.010822704,0.743746638,0.975118518,-0.226198003,-0.026073011,-0.041461576,0.972849309
322,7.480000,2,false,false,0.007964797,0.748570800,0.983864546,-0.225162014,-0.023415495,-0.041783337,0.973143339
323,7.500000,2,false,false,0.004826613,0.753585875,0.994063377,-0.224954620,-0.020608649,-0.041309644,0.973275006
324,7.520000,2,false,false,0.000904342,0.757714689,1.002151012,-0.224152699,-0.016798994,-0.040778581,0.973555624
325,7.540000,2,false,false,-0.002018794,0.763024211,1.010499716,-0.221970677,-0.012238962,-0.041061912,0.974111497
326,7.560000,2,false,false,0.004234582,0.770007730,1.022617817,-0.219464481,-0.007893930,-0.041470163,0.974706769
327,7.580000,2,false,false,0.004050722,0.775613606,1.032124758,-0.216620579,-0.002152279,-0.041762713,0.975359797
328,7.600000,2,false,false,0.001694789,0.780508518,1.040057898,-0.214259490,0.002704004,-0.041295730,0.975899696
329,7.620000,2,false,false,0.000009753,0.785785556,1.048832774,-0.213067666,0.005857901,-0.040211707,0.976192057
330,7.640000,2,false,false,-0.001297861,0.790532053,1.056666851,-0.212689295,0.009384400,-0.038862713,0.976301670
331,7.660000,2,false,true,0.015414221,0.764068842,1.029185414,-0.213133723,0.014649176,-0.036589663,0.976227820
332,7.680000,2,false,false,0.014067192,0.769056141,1.037136436,-0.212254450,0.020443512,-0.038024787,0.976260364
333,7.700000,2,false,false,0.013374316,0.773946822,1.045535803,-0.212169573,0.023477970,-0.038598623,0.976188004
334,7.720000,2,false,false,0.011564836,0.778831184,1.053241849,-0.213849828,0.024224862,-0.036645647,0.975878298
335,7.740000,2,false,false,0.010867124,0.784083784,1.061221123,-0.216005206,0.025196210,-0.034223571,0.975466907
336,7.760000,2,false,false,0.009056011,0.789513350,1.068486094,-0.216364473,0.028010074,-0.033995368,0.975318551
337,7.780000,2,false,false,0.009589050,0.795179069,1.077423334,-0.215829298,0.029559245,-0.034989215,0.975356221
338,7.800000,2,false,false,0.008618068,0.800833344,1.086153746,-0.215557799,0.031476434,-0.034391824,0.975377560
339,7.820000,2,false,false,0.007335568,0.807222962,1.093330741,-0.215311110,0.032067243,-0.034041703,0.975425065
340,7.840000,2,false,false,0.008024750,0.813317060,1.102934837,-0.215217009,0.032517020,-0.032510370,0.975483179
341,7.860000,2,false,false,0.007047595,0.818496346,1.112332344,-0.214862213,0.034108173,-0.030660594,0.975566924
342,7.880000,2,false,false,0.006495693,0.823675871,1.120478988,-0.213916525,0.036190104,-0.029789580,0.975726724
343,7.900000,2,false,false,0.004854631,0.829166830,1.128970385,-0.212210536,0.037493687,-0.029603513,0.976055682
344,7.920000,2,false,false,0.007343672,0.836721599,1.139920473,-0.210960492,0.038193453,-0.028188420,0.976341367
345,7.940000,2,false,false,0.007976774,0.843165159,1.149347901,-0.209555045,0.038744103,-0.026812918,0.976660967
346,7.960000,2,false,false,0.009302744,0.850524068,1.159877181,-0.208108887,0.039527617,-0.025683613,0.976969182
347,7.980000,2,false,false,0.007884134,0.858051300,1.170494795,-0.206068620,0.041593067,-0.024038292,0.977357626
348,8.000000,2,false,false,0.008515767,0.863953710,1.181341410,-0.203461021,0.043825183,-0.021574311,0.977863789
349,8.020000,2,false,false,0.009757457,0.869690895,1.193003774,-0.200682670,0.045424882,-0.019689595,0.978404522
350,8.040000,2,false,false,0.011785366,0.875570059,1.205427885,-0.197194695,0.046442829,-0.018856734,0.979082108
351,8.060000,2,false,false,0.012018445,0.881404579,1.216953993,-0.193516836,0.047074296,-0.018662078,0.979789257
352,8.080000,2,false,false,0.013751900,0.887314677,1.228703260,-0.191003039,0.046741936,-0.017310226,0.980323136
353,8.100000,2,false,false,0.015882995,0.891284227,1.242065072,-0.191225693,0.045088425,-0.014447745,0.980403543
354,8.120000,2,false,false,0.016325340,0.895363569,1.255250931,-0.192855179,0.043048754,-0.010431187,0.980226994
355,8.140000,2,false,false,0.018648151,0.899559915,1.268880725,-0.193814144,0.040533461,-0.008789709,0.980161190
356,8.160000,2,false,false,0.021618510,0.901866853,1.285684586,-0.193259656,0.039279126,-0.008315016,0.980325878
357,8.180000,2,false,false,0.021174505,0.902487516,1.300633073,-0.190801948,0.038049102,-0.007970166,0.980858505
358,8.200000,2,false,false,0.020971540,0.903163493,1.314613342,-0.187866777,0.035411887,-0.006132718,0.981536806
359,8.220000,2,false,false,0.022233063,0.904449701,1.329919934,-0.184540376,0.031082157,-0.005260257,0.982319236
360,8.240000,2,false,false,0.024535695,0.904137671,1.347249389,-0.182894573,0.025800884,-0.005172881,0.982780337
361,8.260000,2,false,false,0.021422233,0.905201912,1.358932257,-0.179724708,0.021399703,-0.006402248,0.983463347
362,8.280000,2,false,false,0.022451540,0.906610191,1.373719811,-0.176409423,0.016359175,-0.008510418,0.984144151
363,8.300000,2,false,false,0.022323346,0.905026257,1.390175462,-0.175656989,0.010333494,-0.009561826,0.984350801
364,8.320000,2,false,false,0.022469454,0.905312538,1.406064630,-0.176040217,0.001727381,-0.010337409,0.984327257
365,8.340000,2,false,false,0.020906506,0.906903386,1.418067455,-0.176374942,-0.007018909,-0.009789356,0.984249353
366,8.360000,2,false,false,0.020233501,0.907734692,1.431453586,-0.179025322,-0.016103048,-0.008495431,0.983676076
367,8.380000,2,false,false,0.018405646,0.908948302,1.445612431,-0.180785134,-0.022381842,-0.008148819,0.983234227
368,8.400000,2,false,false,0.018704878,0.910267949,1.461816311,-0.180068195,-0.027107429,-0.008678418,0.983242333
369,8.420000,2,false,false,0.014693892,0.912282884,1.472893238,-0.178600490,-0.030997161,-0.009749504,0.983385026
370,8.440000,2,false,false,0.011267476,0.913291156,1.485591531,-0.178017676,-0.035721444,-0.008737913,0.983339965
371,8.460000,2,false,false,0.010666650,0.911828995,1.501482606,-0.179763094,-0.041673411,-0.005058381,0.982813835
372,8.480000,2,false,false,0.005249204,0.911277175,1.507963538,-0.183435604,-0.047498431,0.001236815,0.981882811
373,8.500000,2,false,false,-0.024126731,0.919946492,1.495579958,-0.183724552,-0.051361099,0.003552138,0.981628656
374,8.520000,2,false,false,-0.024187248,0.919548154,1.507424831,-0.187235236,-0.057956263,0.009361197,0.980559230
375,8.540000,2,false,false,-0.026027184,0.921009421,1.516979814,-0.185744867,-0.063355953,0.011199001,0.980489492
376,8.560000,2,false,false,-0.031285979,0.922527671,1.529746056,-0.181156203,-0.067030489,0.010933798,0.981106460
377,8.580000,2,false,false,-0.036161453,0.919245362,1.541413784,-0.175639495,-0.070581213,0.010319088,0.981866956
378,8.600000,2,false,false,-0.040523730,0.917128801,1.553595185,-0.171999812,-0.074720182,0.012290149,0.982182264
379,8.620000,2,false,false,-0.044106364,0.912560582,1.564257383,-0.169826388,-0.080371201,0.014890518,0.982078254
380,8.640000,2,false,false,-0.052349951,0.911233425,1.571057916,-0.169385582,-0.085760161,0.018965650,0.981628239
381,8.660000,2,false,false,-0.058983799,0.911655843,1.576903582,-0.168404028,-0.088994034,0.022581702,0.981432796
382,8.680000,2,false,false,-0.065743178,0.915378213,1.590202570,-0.166395992,-0.092124015,0.024212983,0.981447577
383,8.700000,2,false,false,-0.070776224,0.918985426,1.598148465,-0.165332302,-0.095410876,0.027013129,0.981240213
384,8.720000,2,false,false,-0.080624834,0.919797063,1.603134394,-0.163976312,-0.098475292,0.030850723,0.981051803
385,8.740000,2,false,false,-0.090448923,0.921796978,1.608607888,-0.162428573,-0.100636519,0.035334557,0.980938733
386,8.760000,2,false,false,-0.098921329,0.921348393,1.612871647,-0.160151422,-0.102497764,0.039878968,0.980946183
387,8.780000,2,false,false,-0.108725443,0.909082651,1.622907758,-0.158059850,-0.105367981,0.041769046,0.980902672
388,8.800000,2,false,false,-0.116640218,0.905848920,1.627173543,-0.154165283,-0.110350117,0.044200022,0.980868101
389,8.820000,2,false,false,-0.128732428,0.905388772,1.632187605,-0.150651723,-0.115214437,0.047130492,0.980718315
390,8.840000,2,false,false,-0.139253050,0.901249170,1.637215614,-0.148480758,-0.118746892,0.050696757,0.980450153
391,8.860000,2,false,false,-0.154326022,0.896340907,1.642311335,-0.146379367,-0.122179367,0.054343071,0.980149031
392,8.880000,2,false,false,-0.150448903,0.879812837,1.659125566,-0.145687148,-0.127786353,0.059084386,0.979262531
393,8.900000,2,false,false,-0.164007455,0.877695441,1.661381483,-0.141038522,-0.131874636,0.061368786,0.979260504
394,8.920000,2,false,false,-0.172938362,0.875288844,1.666545749,-0.137287870,-0.136753678,0.063618630,0.978980720
395,8.940000,2,false,false,-0.185156852,0.874479711,1.670431852,-0.133455023,-0.140159369,0.066148773,0.978861332
396,8.960000,2,false,false,-0.197737128,0.869509339,1.673967600,-0.130454108,-0.143471822,0.068499967,0.978624225
397,8.980000,2,false,false,-0.204823628,0.869377077,1.677973986,-0.128410921,-0.147638530,0.072575748,0.977980793
398,9.000000,2,false,false,-0.219503686,0.866624057,1.677678943,-0.128529504,-0.152777955,0.076729357,0.976858079
399,9.020000,2,false,false,-0.228908926,0.868160784,1.677596569,-0.129685521,-0.158524588,0.083190858,0.975259483
400,9.040000,2,false,false,-0.239929795,0.865288913,1.681342006,-0.132728934,-0.164599642,0.088855714,0.973342061
401,9.060000,2,false,false,-0.250817418,0.863602817,1.683090210,-0.135570198,-0.169844806,0.094822690,0.971484542
402,9.080000,2,false,false,-0.264364362,0.859175980,1.684665203,-0.137938514,-0.175457478,0.099348404,0.969699740
403,9.100000,2,false,false,-0.278696120,0.859707236,1.682276368,-0.138495713,-0.181316286,0.104589052,0.967989922
404,9.120000,2,false,false,-0.288838923,0.858429551,1.685019970,-0.140239000,-0.188827366,0.110343061,0.965661228
405,9.140000,2,false,false,-0.300143957,0.860189438,1.683657885,-0.142467156,-0.196431860,0.116452821,0.963097334
406,9.160000,2,false,false,-0.313123077,0.857582688,1.684524655,-0.145547926,-0.205105811,0.121078029,0.960253894
407,9.180000,2,false,false,-0.324912667,0.858574033,1.682787418,-0.147940248,-0.214322731,0.124387048,0.957448304
408,9.200000,2,false,false,-0.338691890,0.860787511,1.678680062,-0.149179727,-0.222733572,0.127404571,0.954936326
409,9.220000,2,false,false,-0.352204323,0.861810982,1.677780032,-0.151803702,-0.231337607,0.130496934,0.952055216
410,9.240000,2,false,false,-0.362104416,0.862938166,1.677791119,-0.154558465,-0.240938306,0.134176552,0.948713422
411,9.260000,2,false,false,-0.374912679,0.861608624,1.679204464,-0.156254426,-0.250248104,0.137122616,0.945599258
412,9.280000,2,false,false,-0.386910260,0.865703642,1.672545910,-0.156257287,-0.258314133,0.139929414,0.943014979
413,9.300000,2,false,false,-0.396663219,0.869468510,1.671366453,-0.156064570,-0.265655011,0.142135665,0.940674663
414,9.320000,2,false,false,-0.404284477,0.871689081,1.671705127,-0.156480417,-0.272955418,0.144337386,0.938176990
415,9.340000,2,false,false,-0.413798541,0.872218668,1.673361540,-0.158256382,-0.281043261,0.147404984,0.935008764
416,9.360000,2,false,false,-0.423306137,0.875909328,1.672256231,-0.160194620,-0.288957030,0.150808781,0.931717932
417,9.380000,2,false,false,-0.427807868,0.878046334,1.675227165,-0.161960363,-0.296607226,0.153732881,0.928525329
418,9.400000,2,false,false,-0.434500515,0.878635406,1.676548719,-0.162703320,-0.302632034,0.155199587,0.926204383
419,9.420000,2,false,false,-0.443354845,0.881971955,1.679989100,-0.161861226,-0.307877570,0.154828161,0.924684048
420,9.440000,2,false,false,-0.452927530,0.887580693,1.679849863,-0.161819518,-0.312729329,0.155357674,0.922972798
421,9.460000,2,false,false,-0.460090876,0.890361488,1.681258321,-0.163107380,-0.318182588,0.156402081,0.920703113
422,9.480000,2,false,false,-0.448508620,0.893204689,1.684266925,-0.165085167,-0.326236844,0.158545449,0.917158604
423,9.500000,2,false,false,-0.455921233,0.896229386,1.685213566,-0.166229486,-0.330215782,0.159236550,0.915406525
424,9.520000,2,false,false,-0.466102004,0.897425652,1.687193990,-0.164959118,-0.333174497,0.157418594,0.914878547
425,9.540000,2,false,false,-0.475669444,0.902951002,1.690783739,-0.162824884,-0.336853862,0.155700698,0.914207220
426,9.560000,2,false,false,-0.488261282,0.909896195,1.689954758,-0.161518633,-0.340873450,0.154908881,0.913082838
427,9.580000,2,false,false,-0.496888697,0.916151762,1.690953970,-0.162500203,-0.344583809,0.156608596,0.911224246
428,9.600000,2,false,false,-0.506838322,0.921182752,1.694501400,-0.163931340,-0.348716795,0.158954129,0.908986628
429,9.620000,2,false,false,-0.517373443,0.926927745,1.696068525,-0.165642276,-0.353583425,0.159843475,0.906637549
430,9.640000,2,false,false,-0.527683496,0.932167470,1.699033856,-0.166038990,-0.360410064,0.161652476,0.903550863
431,9.660000,2,false,false,-0.536530375,0.940785110,1.702190638,-0.165217698,-0.364860833,0.163460121,0.901587784
432,9.680000,2,false,false,-0.545795739,0.947852612,1.704395771,-0.162097320,-0.366566956,0.164982617,0.901184738
433,9.700000,2,false,false,-0.557579935,0.952640891,1.708992243,-0.156691194,-0.367247880,0.164452299,0.901960313
434,9.720000,2,false,false,-0.567658007,0.959120631,1.715126514,-0.150072306,-0.366648763,0.164202943,0.903373897
435,9.740000,2,false,false,-0.580348730,0.965381682,1.718651295,-0.142183021,-0.365404338,0.162387326,0.905480027
436,9.760000,2,false,false,-0.591132045,0.974511385,1.722478747,-0.135416389,-0.363864213,0.156671032,0.908140719
437,9.780000,2,false,false,-0.601857662,0.983085752,1.728772044,-0.126981720,-0.362918198,0.148823231,0.911053121
438,9.800000,2,false,false,-0.612172842,0.989365339,1.737217903,-0.118285954,-0.358441263,0.141233742,0.915194690
439,9.820000,2,false,false,-0.624272525,0.999508500,1.748901606,-0.112925969,-0.355051845,0.137875035,0.917701721
440,9.840000,2,false,false,-0.634311497,1.005540848,1.756376266,-0.112904683,-0.355560839,0.137994215,0.917489290
441,9.860000,2,false,false,-0.645042241,1.009777308,1.763924122,-0.115535259,-0.361206919,0.142673746,0.914234877
442,9.880000,2,false,false,-0.655960202,1.013908744,1.771503925,-0.116196997,-0.367649883,0.148367986,0.910669446
443,9.900000,2,false,false,-0.666501760,1.022809267,1.777617455,-0.111103542,-0.372586757,0.152565196,0.908602774
444,9.920000,2,false,true,-0.653839946,1.000535011,1.762817144,-0.109232202,-0.374509752,0.154323027,0.907741845
445,9.940000,2,false,false,-0.667479396,1.004741311,1.770885825,-0.108655818,-0.374603152,0.157646418,0.907201231
446,9.960000,2,false,false,-0.678768873,1.009763956,1.777087927,-0.108184539,-0.376566559,0.160679579,0.905911565
447,9.980000,2,false,false,-0.690620303,1.018911123,1.784877539,-0.107824221,-0.383345783,0.162128478,0.902847946
448,10.000000,2,false,false,-0.705781639,1.019012451,1.790477037,-0.110755891,-0.390043616,0.163357839,0.899396122
449,10.020000,2,false,false,-0.713512123,1.023703337,1.799507141,-0.111320458,-0.393332064,0.166727379,0.897273481
450,10.040000,2,false,false,-0.725484014,1.024322510,1.811092138,-0.110077098,-0.393834412,0.168959126,0.896788955
451,10.060000,2,false,false,-0.737504244,1.022511959,1.821643114,-0.105558343,-0.394447744,0.167397559,0.897355318
452,10.080000,2,false,false,-0.748747587,1.024670482,1.833881617,-0.097944289,-0.394729048,0.165118814,0.898516417
453,10.100000,2,false,false,-0.759535313,1.023600340,1.848415256,-0.091364339,-0.394581437,0.160923451,0.900034308
454,10.120000,2,false,false,-0.766537428,1.025883675,1.864442706,-0.085066266,-0.392195433,0.158365130,0.902145803
455,10.140000,2,false,false,-0.775924444,1.025791883,1.875199318,-0.078119904,-0.387614518,0.156192824,0.905127704
456,10.160000,2,false,false,-0.785953641,1.023458838,1.891802669,-0.070296764,-0.382774442,0.155347481,0.907969892
457,10.180000,2,false,false,-0.792793632,1.023630500,1.906000257,-0.061189037,-0.378482640,0.155155137,0.910458028
458,10.200000,2,false,false,-0.802007377,1.019885302,1.918841839,-0.050971769,-0.373754740,0.154629514,0.913125992
459,10.220000,2,false,false,-0.811996341,1.004151940,1.939669609,-0.043657351,-0.369627178,0.153789490,0.915324330
460,10.240000,2,false,false,-0.816120327,1.004362583,1.950003386,-0.035317291,-0.365053058,0.156644389,0.917034149
461,10.260000,2,false,false,-0.821842968,1.001878262,1.960773945,-0.029599348,-0.361217380,0.158040971,0.918514550
462,10.280000,2,false,false,-0.827291965,0.997509897,1.973795176,-0.024053428,-0.356659412,0.158121452,0.920441866
463,10.300000,2,false,false,-0.830754280,0.995107293,1.986257792,-0.020505734,-0.350858271,0.158786967,0.922640085
464,10.320000,2,false,false,-0.826914430,1.004608393,1.994805455,-0.018046290,-0.346845448,0.160807848,0.923857927
465,10.340000,2,false,false,-0.830663204,1.001569748,2.004933834,-0.019082371,-0.342607439,0.162051737,0.925200105
466,10.360000,2,false,false,-0.836291909,0.998502254,2.012546062,-0.020242641,-0.339323342,0.162384003,0.926326811
467,10.380000,2,false,false,-0.836207271,0.997340441,2.021661520,-0.021764070,-0.337912917,0.161972478,0.926879764
468,10.400000,2,false,false,-0.840435743,0.995228350,2.030565739,-0.026106561,-0.336536527,0.162439302,0.927186728
469,10.420000,2,false,false,-0.842676640,0.998390675,2.036687851,-0.031258050,-0.334418058,0.163505375,0.927606404
470,10.440000,2,false,false,-0.847059548,0.993034840,2.045830250,-0.038860641,-0.333535969,0.163588762,0.927621901
471,10.460000,2,false,false,-0.850221515,0.989450812,2.055293798,-0.044597238,-0.332279891,0.162845403,0.927945375
472,10.480000,2,false,false,-0.856049299,0.983813465,2.064426184,-0.045594569,-0.328147799,0.158981130,0.930035114
473,10.500000,2,false,false,-0.854727745,0.988170564,2.071094990,-0.042365879,-0.323534727,0.152607411,0.932867408
474,10.520000,2,false,false,-0.859446406,0.983496189,2.077081680,-0.043994155,-0.320446014,0.147115365,0.934738457
475,10.540000,2,false,false,-0.865159512,0.979336202,2.083017349,-0.048012752,-0.321912467,0.138045192,0.935420096
476,10.560000,2,false,false,-0.868984520,0.978374064,2.089850187,-0.053473983,-0.325575858,0.126253441,0.935521841
477,10.580000,2,false,false,-0.875488520,0.975844502,2.097496748,-0.060303655,-0.325091869,0.112448186,0.937034845
478,10.600000,2,false,false,-0.873597443,0.975336492,2.104826927,-0.066298500,-0.320764005,0.099310994,0.939602256
479,10.620000,2,false,false,-0.874331176,0.982403457,2.110424280,-0.067789108,-0.315607965,0.089819841,0.942193568
480,10.640000,2,false,false,-0.878515661,0.979559183,2.116003513,-0.071790181,-0.314193606,0.082437828,0.943044364
481,10.660000,2,false,false,-0.885902464,0.977374554,2.117766619,-0.075249828,-0.312165797,0.078636609,0.943772376
482,10.680000,2,false,false,-0.887965679,0.976974249,2.123432159,-0.080256552,-0.309762418,0.075790621,0.944384396
483,10.700000,2,false,false,-0.893132746,0.977386117,2.124079704,-0.084276065,-0.307401448,0.072002023,0.945101976
484,10.720000,2,false,false,-0.902675688,0.975200832,2.118309498,-0.088102661,-0.303259432,0.069268331,0.946294665
485,10.740000,2,false,false,-0.915572524,0.971409023,2.115129948,-0.090886943,-0.301117390,0.066006832,0.946948349
486,10.760000,2,false,false,-0.921453118,0.972910166,2.117461443,-0.092711575,-0.300127894,0.063590951,0.947250783
487,10.780000,2,false,false,-0.931909025,0.972126186,2.114156246,-0.095583916,-0.298978835,0.064572178,0.947262287
488,10.800000,2,false,false,-0.938334882,0.971355438,2.113178015,-0.099743411,-0.299638569,0.068351999,0.946359396
489,10.820000,2,false,false,-0.944505632,0.968921840,2.114569187,-0.101064019,-0.298919499,0.069539458,0.946360171
490,10.840000,2,false,false,-0.952732682,0.971161544,2.112657309,-0.097353607,-0.297005624,0.069290355,0.947369456
491,10.860000,2,false,false,-0.959220469,0.975990713,2.108167171,-0.092589527,-0.296917379,0.070375524,0.947794616
492,10.880000,2,false,false,-0.967878222,0.979746163,2.102045536,-0.092232093,-0.297467560,0.072690167,0.947482169
493,10.900000,2,false,false,-0.976756573,0.982213378,2.096388102,-0.094380625,-0.297573596,0.075029336,0.947054863
494,10.920000,2,false,false,-0.981292486,0.994167924,2.092344522,-0.095784925,-0.296607107,0.076922998,0.947065175
495,10.940000,2,false,false,-0.986236036,1.003845453,2.082123280,-0.101409562,-0.295131713,0.079191811,0.946753442
496,10.960000,2,false,false,-0.995652258,1.011820555,2.074983835,-0.107810795,-0.293165445,0.080371879,0.946557641
497,10.980000,2,false,false,-1.001868725,1.018402815,2.071945190,-0.113056503,-0.291023195,0.079243422,0.946701825
498,11.000000,2,false,false,-1.006072402,1.023456573,2.066307306,-0.118338823,-0.288815916,0.077674434,0.946862280
499,11.020000,2,false,false,-1.009038091,1.037368536,2.061730385,-0.124685325,-0.287019432,0.078347668,0.946538508
500,11.040000,2,false,false,-1.013226390,1.047976255,2.059789658,-0.132869989,-0.284847409,0.077524275,0.946148753
501,11.060000,2,false,false,-1.014019728,1.059125066,2.058615208,-0.140723571,-0.282655269,0.075151011,0.945862174
502,11.080000,2,false,false,-1.018324733,1.068527460,2.053437948,-0.148720428,-0.278721511,0.073337592,0.945948303
503,11.100000,2,false,false,-1.021662235,1.075923204,2.050966978,-0.158192530,-0.274727315,0.072236888,0.945664823
504,11.120000,2,false,false,-1.022647858,1.096148968,2.040780306,-0.167698815,-0.271645784,0.072854139,0.944869280
505,11.140000,2,false,false,-1.026402235,1.101536036,2.038185596,-0.179001182,-0.268914551,0.072926179,0.943570554
506,11.160000,2,false,false,-1.028523564,1.115968585,2.031835318,-0.189020872,-0.266136765,0.074295796,0.942296445
507,11.180000,2,false,false,-1.028133392,1.125466347,2.029488087,-0.199623868,-0.263473481,0.076046713,0.940717280
508,11.200000,2,false,false,-1.035580039,1.124261498,2.022968054,-0.210420996,-0.260292530,0.074719481,0.939355075
509,11.220000,2,false,false,-1.035682321,1.134132147,2.017833471,-0.218783796,-0.257907897,0.075757794,0.938018143
510,11.240000,2,false,false,-1.037191987,1.141597867,2.013500214,-0.225922719,-0.255069256,0.077329561,0.936973214
511,11.260000,2,false,false,-1.038744569,1.152058959,2.011085033,-0.232015222,-0.251646250,0.078272216,0.936331511
512,11.280000,2,false,false,-1.037700891,1.160543799,2.008245230,-0.236834556,-0.247903720,0.077727512,0.936168551
513,11.300000,2,false,false,-1.035808444,1.163113117,2.013577700,-0.242506400,-0.245372280,0.078783348,0.935294807
514,11.320000,2,false,false,-1.036582947,1.169395685,2.008645535,-0.247721508,-0.243398339,0.080872245,0.934264958
515,11.340000,2,false,false,-1.037018776,1.175884247,2.009183884,-0.253870934,-0.241782710,0.082367331,0.932902157
516,11.360000,2,false,false,-1.033538461,1.182562232,2.005649567,-0.256935269,-0.239990264,0.082131505,0.932546735
517,11.380000,2,false,false,-1.036604762,1.189811707,2.006199121,-0.258985519,-0.238319293,0.081972569,0.932422101
518,11.400000,2,false,false,-1.037886500,1.188267231,2.007470369,-0.262517571,-0.237548962,0.083789274,0.931469023
519,11.420000,2,false,false,-1.036401749,1.193338752,2.006856441,-0.264862180,-0.237944826,0.087087959,0.930401027
520,11.440000,2,false,false,-1.036367416,1.196343064,2.006581068,-0.267153442,-0.239437282,0.089013487,0.929180086
521,11.460000,2,false,false,-1.038533926,1.200209141,2.002443075,-0.268610895,-0.241724655,0.089920864,0.928079545
522,11.480000,2,false,false,-1.039782166,1.205908537,2.001245022,-0.271636993,-0.245892867,0.090636946,0.926031888
523,11.500000,2,false,false,-1.039595246,1.212279558,1.998718739,-0.275038302,-0.249781802,0.092347242,0.923815489
524,11.520000,2,false,false,-1.040006876,1.219687223,1.994738817,-0.278270572,-0.252837002,0.094753966,0.921770453
525,11.540000,2,false,false,-1.046909332,1.221356750,1.987464905,-0.281118810,-0.253782839,0.095697477,0.920547962
526,11.560000,2,false,false,-1.047397494,1.224913239,1.985611439,-0.283378661,-0.255833626,0.094029672,0.919458628
527,11.580000,2,false,false,-1.049137950,1.231372595,1.983072758,-0.285266101,-0.258322477,0.091152474,0.918468297
528,11.600000,2,false,false,-1.049375296,1.236842155,1.982210159,-0.289266706,-0.261118829,0.090616964,0.916477144
529,11.620000,2,false,false,-1.050441980,1.243424416,1.977273107,-0.293936670,-0.262490511,0.092359014,0.914423168
530,11.640000,2,false,false,-1.053779006,1.256984472,1.977804661,-0.296257943,-0.261540085,0.093239538,0.913856924
531,11.660000,2,false,false,-1.055700064,1.262088060,1.976570725,-0.298443198,-0.257559597,0.092292123,0.914372385
532,11.680000,2,false,false,-1.054677963,1.268342018,1.978887796,-0.299094439,-0.252795249,0.089503929,0.915765405
533,11.700000,2,false,false,-1.054469347,1.275324464,1.978547812,-0.298242360,-0.247986391,0.084836975,0.917800069
534,11.720000,2,false,false,-1.050776720,1.281457543,1.980823159,-0.297907025,-0.243755147,0.079379573,0.919529080
535,11.740000,2,false,false,-1.052445650,1.285834432,1.982422829,-0.298980951,-0.236838788,0.072352633,0.921565533
536,11.760000,2,false,false,-1.050483704,1.291257501,1.986907005,-0.299876541,-0.228128269,0.067391813,0.923845232
537,11.780000,2,false,false,-1.049056649,1.296965122,1.989712477,-0.299015194,-0.218902066,0.063635133,0.926618814
538,11.800000,2,false,false,-1.037993312,1.299130201,1.994807005,-0.298905522,-0.209590092,0.059240386,0.929095328
539,11.820000,2,false,false,-1.036703229,1.306962490,1.996757269,-0.296859384,-0.196703047,0.052536085,0.932964325
540,11.840000,2,false,false,-1.033035398,1.308090806,2.003919363,-0.296229333,-0.182537451,0.043582156,0.936498225
541,11.860000,2,false,false,-1.031513453,1.312863469,2.007853746,-0.296174347,-0.167775452,0.035001427,0.939631402
542,11.880000,2,false,false,-1.020729780,1.316125989,2.012254715,-0.295427740,-0.155000806,0.029139116,0.942256987
543,11.900000,2,false,false,-1.020540476,1.321878791,2.016058445,-0.292890340,-0.141377464,0.022144681,0.945376813
544,11.920000,2,false,false,-1.016083479,1.323740840,2.018532991,-0.289402843,-0.127179801,0.013919090,0.948618829
545,11.940000,2,false,false,-1.011249542,1.327874541,2.023785591,-0.285834283,-0.112003267,0.005396973,0.951695859
546,11.960000,2,false,false,-1.006440759,1.334801197,2.026338339,-0.281945318,-0.097016141,-0.001826262,0.954511106
547,11.980000,2,false,false,-1.006813526,1.337625623,2.032869816,-0.281095296,-0.082055897,-0.009952866,0.956113636
548,12.000000,2,false,false,-0.996120095,1.338557839,2.031336546,-0.279070795,-0.068425253,-0.015678089,0.957701325
549,12.020000,2,false,false,-0.995137215,1.344582319,2.032007456,-0.276565880,-0.052991498,-0.023365300,0.959248364
550,12.040000,2,false,false,-0.990626395,1.345933318,2.033711433,-0.274294376,-0.038039166,-0.031056805,0.960391164
551,12.060000,2,false,false,-0.989577889,1.351300359,2.033721685,-0.272001833,-0.022691676,-0.037693277,0.961290419
552,12.080000,2,false,false,-0.991153777,1.351897955,2.036901474,-0.270581573,-0.007177006,-0.044212084,0.961654544
553,12.100000,2,false,false,-0.966549814,1.348531961,2.046269417,-0.270104438,0.004269041,-0.048492029,0.961599648
554,12.120000,2,false,false,-0.965065241,1.350527167,2.047298670,-0.267619282,0.020073211,-0.056170236,0.961676657
555,12.140000,2,false,false,-0.964052677,1.350529671,2.046309948,-0.265256554,0.036177948,-0.064238146,0.961355090
556,12.160000,2,false,false,-0.962453127,1.351424932,2.046260834,-0.263613284,0.052105878,-0.071217582,0.960583746
557,12.180000,2,false,false,-0.961359501,1.352938890,2.046245575,-0.262236357,0.068401195,-0.077905521,0.959418595
558,12.200000,2,false,false,-0.953361094,1.352259159,2.039991617,-0.260003984,0.083668441,-0.083977088,0.958303452
559,12.220000,2,false,false,-0.954072475,1.352100015,2.038745165,-0.259389669,0.101172075,-0.089317545,0.956296861
560,12.240000,2,false,false,-0.951637208,1.351829290,2.035893202,-0.259955227,0.117803574,-0.092689477,0.953915238
561,12.260000,2,false,false,-0.953806996,1.349307775,2.035716772,-0.261473238,0.133967638,-0.096534252,0.950981438
562,12.280000,2,false,false,-0.951629281,1.348355055,2.032830000,-0.262523949,0.148841545,-0.099892654,0.948129117
563,12.300000,2,false,false,-0.955976367,1.349153280,2.034194469,-0.264174372,0.164923057,-0.104756981,0.944477856
564,12.320000,2,false,false,-0.956017315,1.362767696,2.022388458,-0.261919111,0.180031240,-0.111427285,0.941579044
565,12.340000,2,false,false,-0.956878245,1.364467978,2.018351555,-0.262482285,0.193892717,-0.115822025,0.938133240
566,12.360000,2,false,false,-0.957448661,1.362771511,2.016193390,-0.264781803,0.206596255,-0.118978828,0.934372902
567,12.380000,2,false,false,-0.956260920,1.365369081,2.011435032,-0.266024202,0.219105691,-0.122215711,0.930745482
568,12.400000,2,false,false,-0.955963671,1.362578392,2.010458946,-0.267314494,0.231963307,-0.126123965,0.926730156
569,12.420000,2,false,false,-0.957778931,1.351014495,2.016081095,-0.268820375,0.243796378,-0.129153475,0.922831714
570,12.440000,2,false,false,-0.952365756,1.352652311,2.012460947,-0.266999930,0.252411187,-0.132214352,0.920607984
571,12.460000,2,false,false,-0.970068753,1.347728014,2.010445118,-0.265757769,0.262319326,-0.137717396,0.917385101
572,12.480000,2,false,false,-0.969928682,1.349432707,2.006850004,-0.263285339,0.269819081,-0.141532689,0.915339887
573,12.500000,2,false,false,-0.970689297,1.345753789,2.004293919,-0.260819852,0.277292281,-0.147274718,0.912903190
574,12.520000,2,false,false,-0.974489629,1.340120077,2.005231142,-0.257660478,0.284824729,-0.153691486,0.910420239
575,12.540000,2,false,false,-0.973404706,1.343219519,2.001492500,-0.253003567,0.290473282,-0.158880413,0.909049809
576,12.560000,2,false,false,-0.974976003,1.342110395,1.999731064,-0.249495924,0.295786768,-0.161992848,0.907755613
577,12.580000,2,false,false,-0.975511968,1.338727832,2.000703335,-0.246189401,0.301198095,-0.165095657,0.906318963
578,12.600000,2,false,false,-0.971508265,1.335408688,2.001852751,-0.238818601,0.305087000,-0.169649661,0.906149328
579,12.620000,2,false,false,-0.971602201,1.337683678,2.000319481,-0.228913203,0.307961226,-0.177468956,0.906235874
580,12.640000,2,false,false,-0.978600740,1.317280769,2.011779070,-0.225361392,0.313921571,-0.181122810,0.904356182
581,12.660000,2,false,false,-0.980627358,1.315905333,2.015542984,-0.220168844,0.319697320,-0.185645014,0.902693391
582,12.680000,2,false,false,-0.978408456,1.310130835,2.015459538,-0.216965020,0.324350864,-0.188406676,0.901235640
583,12.700000,2,false,false,-0.983093858,1.308676600,2.018212318,-0.214887664,0.328717887,-0.190227911,0.899767339
584,12.720000,2,false,false,-0.980529904,1.309003115,2.017800331,-0.213026062,0.332412541,-0.191236854,0.898638010
585,12.740000,2,false,true,-0.937562943,1.278970718,1.976340294,-0.212940082,0.334829718,-0.194554776,0.897047400
586,12.760000,2,false,false,-0.932850003,1.285187840,1.977929592,-0.205529734,0.338174909,-0.201309815,0.896030009
587,12.780000,2,false,false,-0.936884403,1.280229568,1.979538083,-0.196669489,0.340899438,-0.210175365,0.894949794
588,12.800000,2,false,false,-0.932937860,1.276147485,1.981515169,-0.189107329,0.343073905,-0.216839239,0.894158602
589,12.820000,2,false,false,-0.933393836,1.273838758,1.985296488,-0.183614716,0.345842361,-0.220863715,0.893251419
590,12.840000,2,false,false,-0.937021554,1.269394875,1.993234992,-0.181086630,0.350164980,-0.222027466,0.891793668
591,12.860000,2,false,false,-0.934500277,1.269996285,1.995466232,-0.179198861,0.353348345,-0.224072069,0.890406966
592,12.880000,2,false,false,-0.931199849,1.269936204,1.998343349,-0.180082262,0.357530564,-0.226134732,0.888034582
593,12.900000,2,false,false,-0.929499388,1.273783922,2.000549793,-0.181345522,0.361968488,-0.228557840,0.885355294
594,12.920000,2,false,false,-0.925758302,1.272868514,2.003042936,-0.181669891,0.365028560,-0.229998663,0.883657634
595,12.940000,2,false,false,-0.924506903,1.277468681,2.008260012,-0.179230601,0.367880136,-0.231580317,0.882559419
596,12.960000,2,false,false,-0.923739672,1.273995161,2.014013290,-0.174803600,0.370216906,-0.233139306,0.882059693
597,12.980000,2,false,false,-0.919641614,1.283567071,2.017036438,-0.168270454,0.371624082,-0.235771611,0.882038832
598,13.000000,2,false,false,-0.916087627,1.284771800,2.021615267,-0.163190648,0.374418050,-0.235803351,0.881803155
599,13.020000,2,false,false,-0.913083196,1.282236338,2.028034210,-0.159973815,0.376966476,-0.235404074,0.881413460
600,13.040000,2,false,false,-0.910155177,1.288727164,2.031389236,-0.154834107,0.378051519,-0.239029452,0.880890667
601,13.060000,2,false,true,-0.911597967,1.263795733,2.039263964,-0.149723813,0.378312767,-0.242303550,0.880767524
602,13.080000,2,false,false,-0.909022570,1.272185922,2.044331074,-0.136611089,0.375896960,-0.252770871,0.880991340
603,13.100000,2,false,false,-0.905143142,1.274135232,2.049234390,-0.123603173,0.373803288,-0.261210918,0.881341219
604,13.120000,2,false,false,-0.902446032,1.272843242,2.056623697,-0.112057813,0.372422367,-0.266923010,0.881757796
605,13.140000,2,false,false,-0.895180345,1.273113370,2.059614420,-0.102118723,0.369880766,-0.271748185,0.882560492
606,13.160000,2,false,false,-0.894873023,1.269400477,2.071044445,-0.097343214,0.369790167,-0.271882325,0.883096635
607,13.180000,2,false,false,-0.891793251,1.279425621,2.073866606,-0.093426444,0.368758142,-0.273809075,0.883355916
608,13.200000,2,false,false,-0.888155222,1.290032983,2.079777002,-0.087010205,0.368621051,-0.276541919,0.883217096
609,13.220000,2,false,false,-0.880708694,1.289767265,2.082409143,-0.081140354,0.367219567,-0.279472977,0.883437037
610,13.240000,2,false,false,-0.881770372,1.287750125,2.094650030,-0.076931305,0.367340386,-0.280404687,0.883468091
611,13.260000,2,false,false,-0.877622604,1.288646340,2.101033449,-0.073239408,0.365391701,-0.280727237,0.884486973
612,13.280000,2,false,false,-0.874072790,1.287924409,2.107503414,-0.070897318,0.364656627,-0.280503392,0.885051966
613,13.300000,2,false,false,-0.870610595,1.294779539,2.114651442,-0.066860512,0.363541603,-0.282332122,0.885243356
614,13.320000,2,false,false,-0.875526547,1.298669457,2.128588915,-0.063862778,0.364025831,-0.282012135,0.885367692
615,13.340000,2,false,false,-0.873093247,1.309154749,2.132456779,-0.061870120,0.362679273,-0.284531116,0.885255814
616,13.360000,2,false,false,-0.871939659,1.309157491,2.140665531,-0.061382622,0.362770587,-0.284575194,0.885238230
617,13.380000,2,false,false,-0.869687438,1.312655091,2.150038481,-0.060105901,0.363172621,-0.285601228,0.884830415
618,13.400000,2,false,false,-0.868016124,1.315281630,2.156745672,-0.058883205,0.362886667,-0.287930518,0.884274900
619,13.420000,2,false,false,-0.865370512,1.314838648,2.163971901,-0.059059612,0.363209069,-0.290553927,0.883272052
620,13.440000,2,false,false,-0.861947417,1.319432735,2.172660351,-0.058904652,0.363900244,-0.292910039,0.882219136
621,13.460000,2,false,false,-0.859293818,1.321953416,2.179475069,-0.059873741,0.365704626,-0.292676121,0.881485105
622,13.480000,2,false,true,-0.844536304,1.344308496,2.158605099,-0.054537967,0.361537635,-0.297177196,0.882044137
623,13.500000,2,false,false,-0.845928192,1.344754577,2.165386915,-0.055497535,0.362597495,-0.298415363,0.881130755
624,13.520000,2,false,false,-0.843521595,1.349829197,2.175273180,-0.054189246,0.362058580,-0.304015815,0.879517794
625,13.540000,2,false,false,-0.840108275,1.351859450,2.180258274,-0.052897647,0.360429198,-0.309633195,0.878305197
626,13.560000,2,false,false,-0.841668963,1.348960400,2.188327551,-0.054403547,0.359921485,-0.311793566,0.877656877
627,13.580000,2,false,false,-0.833147168,1.362880468,2.192221165,-0.054820150,0.357586741,-0.315491736,0.877263665
628,13.600000,2,false,false,-0.846802711,1.324297905,2.227600336,-0.070193931,0.361148953,-0.305967718,0.878082097
629,13.620000,2,false,false,-0.838505745,1.356609941,2.225040674,-0.072006151,0.358698964,-0.309582233,0.877672553
630,13.640000,2,false,false,-0.840982199,1.373302698,2.233205795,-0.079432204,0.358017325,-0.311130702,0.876762152
631,13.660000,2,false,false,-0.836190820,1.402609587,2.238418102,-0.086905070,0.357236922,-0.312074363,0.876035929
632,13.680000,2,false,false,-0.835284472,1.368201733,2.252688169,-0.103922248,0.354785115,-0.304202706,0.877945542
633,13.700000,2,false,false,-0.837628722,1.381132007,2.262165070,-0.109639473,0.351286203,-0.304581732,0.878525555
634,13.720000,2,false,false,-0.840563536,1.366821051,2.268283844,-0.119618505,0.346515864,-0.303358644,0.879540682
635,13.740000,2,false,false,-0.841223717,1.436266184,2.262844801,-0.120396242,0.341306090,-0.305703759,0.880658925
636,13.760000,2,false,false,-0.841952443,1.444288611,2.270947695,-0.133042231,0.337306947,-0.299091190,0.882648528
637,13.780000,2,false,false,-0.844283819,1.462755561,2.280723095,-0.145690203,0.334932804,-0.292698622,0.883697927
638,13.800000,2,false,false,-0.845540524,1.472159863,2.287773132,-0.159676537,0.332147837,-0.285292357,0.884754002
639,13.820000,2,false,false,-0.854486704,1.492460728,2.294036627,-0.176054716,0.330450982,-0.275249422,0.885462999
640,13.840000,2,false,false,-0.847539663,1.491154909,2.313012362,-0.193963274,0.324817091,-0.261023641,0.888109684
641,13.860000,2,false,false,-0.848439217,1.503591776,2.325227022,-0.199633017,0.320697159,-0.254768997,0.890164435
642,13.880000,2,false,true,-0.864346266,1.513441443,2.309863329,-0.200481743,0.319548815,-0.255406827,0.890203893
643,13.900000,2,false,false,-0.863634229,1.528272748,2.319635868,-0.204608679,0.318406850,-0.251663685,0.890740037
644,13.920000,2,false,false,-0.869462967,1.539443135,2.328822374,-0.210246161,0.317459971,-0.248115227,0.890760660
645,13.940000,2,false,false,-0.869815588,1.553476334,2.340920448,-0.218131498,0.316465795,-0.242042691,0.890889108
646,13.960000,2,false,false,-0.872383058,1.557829022,2.352257013,-0.226792231,0.317365468,-0.234936893,0.890308499
647,13.980000,2,false,false,-0.876839399,1.566763639,2.359433889,-0.232235223,0.318731934,-0.231599614,0.889290929
648,14.000000,2,false,false,-0.878224730,1.574232340,2.372244358,-0.236771598,0.320036471,-0.228786811,0.888353825
649,14.020000,2,false,false,-0.879012942,1.584461093,2.382429600,-0.240396813,0.319952190,-0.225750282,0.888187408
650,14.040000,2,false,false,-0.877862692,1.592375994,2.392077923,-0.244718894,0.319059461,-0.222380728,0.888178289
651,14.060000,2,false,false,-0.881552815,1.597560287,2.402867794,-0.246592253,0.318124264,-0.221461967,0.888225138
652,14.080000,2,false,false,-0.880696774,1.603654385,2.411290884,-0.246628448,0.317059994,-0.220247239,0.888897359
653,14.100000,2,false,false,-0.879482090,1.609480619,2.422794104,-0.246818244,0.315881461,-0.218730792,0.889638484
654,14.120000,2,false,false,-0.880168200,1.617614508,2.432701111,-0.246520698,0.315248102,-0.217775002,0.890179873
655,14.140000,2,false,false,-0.879556775,1.622830868,2.443432331,-0.246878311,0.315062791,-0.216400549,0.890481532
656,14.160000,2,false,false,-0.880692720,1.627426624,2.449421406,-0.246962935,0.314974308,-0.215238258,0.890771031
657,14.180000,2,false,false,-0.881670833,1.630291581,2.460886002,-0.247402951,0.315620929,-0.214931473,0.890494049
658,14.200000,2,false,false,-0.878393412,1.636550665,2.466995001,-0.245183244,0.315880328,-0.215401709,0.890902281
659,14.220000,2,false,false,-0.874719560,1.642127752,2.475304604,-0.244100213,0.316068649,-0.215434194,0.891125023
660,14.240000,2,false,false,-0.878936291,1.644701838,2.484889746,-0.244500697,0.317321032,-0.214484230,0.890799284
661,14.260000,2,false,false,-0.872950554,1.652730942,2.490340710,-0.244183049,0.317567647,-0.211114988,0.891602993
662,14.280000,2,false,false,-0.868870854,1.659094810,2.500401020,-0.245793894,0.317536205,-0.207395107,0.892044544
663,14.300000,2,false,false,-0.865064919,1.661252975,2.507932663,-0.247758254,0.317812830,-0.202329904,0.892565727
664,14.320000,2,false,false,-0.864822268,1.667735934,2.514678955,-0.249096468,0.318249732,-0.199198633,0.892741859
665,14.340000,2,false,false,-0.870519698,1.668323278,2.522879124,-0.250147343,0.317962259,-0.195801780,0.893301725
666,14.360000,2,false,false,-0.863538682,1.676135540,2.532582283,-0.249718159,0.316255152,-0.190522432,0.895167470
667,14.380000,2,false,true,-0.861532331,1.664039612,2.539065599,-0.252163976,0.313594103,-0.186276674,0.896310866
668,14.400000,2,false,false,-0.859958649,1.668641567,2.546971083,-0.253233135,0.311431974,-0.182019830,0.897636831
669,14.420000,2,false,false,-0.860306263,1.675318003,2.553622961,-0.254738092,0.307031274,-0.177298591,0.899669766
670,14.440000,2,false,false,-0.862292707,1.681280732,2.562388420,-0.257905573,0.300736606,-0.170821518,0.902143180
671,14.460000,2,false,false,-0.853965521,1.687844515,2.573246241,-0.261622131,0.294525862,-0.161737084,0.904792547
672,14.480000,2,false,false,-0.858178139,1.696084857,2.576120615,-0.261498272,0.291281521,-0.159308821,0.906308174
673,14.500000,2,false,false,-0.850792885,1.697842598,2.586226940,-0.261834621,0.287787706,-0.157784075,0.907593012
674,14.520000,2,false,false,-0.847046494,1.709378958,2.595407009,-0.260599762,0.284489334,-0.157869861,0.908972323
675,14.540000,2,false,false,-0.841879070,1.715089083,2.606231689,-0.259839594,0.280725807,-0.156939685,0.910519838
676,14.560000,2,false,false,-0.837826133,1.722785115,2.613267899,-0.257881731,0.277460992,-0.156123877,0.912215889
677,14.580000,2,false,false,-0.830612779,1.728189111,2.625529289,-0.257055581,0.275258899,-0.154245615,0.913434923
678,14.600000,2,false,false,-0.826337755,1.739026427,2.634842396,-0.255169064,0.272320271,-0.153811812,0.914916635
679,14.620000,2,false,false,-0.826634407,1.737996936,2.646461248,-0.255215466,0.269683450,-0.152080312,0.915973544
680,14.640000,2,false,false,-0.818671823,1.748832583,2.654173613,-0.253279805,0.266387075,-0.150493547,0.917735815
681,14.660000,2,false,false,-0.818228424,1.754942179,2.665250778,-0.252345443,0.265641779,-0.149960428,0.918296337
682,14.680000,2,false,false,-0.805771351,1.763577819,2.677546978,-0.251632214,0.264102668,-0.147628218,0.919313312
683,14.700000,2,false,false,-0.804497898,1.771599412,2.688966036,-0.250639737,0.262881726,-0.146811336,0.920064867
684,14.720000,2,false,false,-0.794481337,1.780372977,2.700837135,-0.250428259,0.259687334,-0.143696636,0.921520233
685,14.740000,2,false,true,-0.787161350,1.783000231,2.708037853,-0.250634491,0.256956786,-0.140294671,0.922752976
686,14.760000,2,false,false,-0.783200860,1.788530469,2.718888283,-0.250265062,0.254959822,-0.138551757,0.923669994
687,14.780000,2,false,false,-0.776915610,1.797970533,2.731862783,-0.250185937,0.252447546,-0.136682034,0.924659610
688,14.800000,2,false,false,-0.771617591,1.806622624,2.743103266,-0.250660390,0.249791935,-0.133506268,0.925715625
689,14.820000,2,false,false,-0.766014338,1.819329739,2.754712582,-0.250841558,0.246887803,-0.131041482,0.926797271
690,14.840000,2,false,false,-0.756086409,1.831371427,2.767269850,-0.251364797,0.243446082,-0.128296122,0.927949309
691,14.860000,2,false,false,-0.749305606,1.837725163,2.781432629,-0.253193051,0.239607006,-0.125343189,0.928854644
692,14.880000,2,false,false,-0.747560561,1.844063401,2.793423176,-0.255114645,0.234968707,-0.122179896,0.929934621
693,14.900000,2,false,false,-0.741728365,1.851868272,2.805974007,-0.257165372,0.229095936,-0.118588805,0.931298971
694,14.920000,2,false,false,-0.741025448,1.857149124,2.818992615,-0.258665025,0.223513365,-0.116173893,0.932543755
695,14.940000,2,false,false,-0.735186398,1.867086649,2.831410885,-0.259071678,0.217235520,-0.115183607,0.934036076
696,14.960000,2,false,false,-0.736028194,1.869319081,2.841869831,-0.259321660,0.212236643,-0.114683986,0.935176730
697,14.980000,2,false,false,-0.732548952,1.876233339,2.852582455,-0.259658545,0.207408905,-0.114342615,0.936207652
698,15.000000,2,false,false,-0.728384674,1.883401275,2.863313675,-0.259353340,0.203795478,-0.113877021,0.937142134
699,15.020000,2,false,false,-0.722352505,1.891303539,2.874340057,-0.257819831,0.200429127,-0.113918200,0.938285530
700,15.040000,2,false,false,-0.713569582,1.900008440,2.886353970,-0.256335378,0.196592376,-0.113801464,0.939517379
701,15.060000,2,false,false,-0.707799911,1.909182072,2.898603916,-0.255652577,0.194269031,-0.113599084,0.940210938
702,15.080000,2,false,false,-0.696651101,1.907153249,2.910252094,-0.257333994,0.192788661,-0.111333057,0.940328002
703,15.100000,2,false,false,-0.695396245,1.910385013,2.922291994,-0.258495003,0.194486603,-0.110351481,0.939775467
704,15.120000,2,false,false,-0.686697662,1.919401288,2.931028366,-0.259067416,0.195008844,-0.108761311,0.939695001
705,15.140000,2,false,false,-0.684817314,1.925961852,2.939585686,-0.260046452,0.196400240,-0.108349614,0.939182222
706,15.160000,2,false,false,-0.678721309,1.934460878,2.950559139,-0.260992914,0.198049679,-0.108152308,0.938595891
707,15.180000,2,false,false,-0.672915697,1.941792369,2.961538792,-0.262318969,0.201131761,-0.109763846,0.937382877
708,15.200000,2,false,false,-0.668525338,1.948661804,2.971238613,-0.264287382,0.206264004,-0.111371867,0.935523212
709,15.220000,2,false,false,-0.663008213,1.958147883,2.981144905,-0.266219318,0.210919484,-0.113215238,0.933714449
710,15.240000,2,false,false,-0.658166885,1.965142488,2.990087509,-0.266835660,0.214519978,-0.114465006,0.932565093
711,15.260000,2,false,false,-0.651266038,1.968266368,2.996936560,-0.268155336,0.215673387,-0.114551693,0.931909680
712,15.280000,2,false,false,-0.644561350,1.974365950,3.005365849,-0.269157857,0.216954112,-0.114686348,0.931306660
713,15.300000,2,false,false,-0.642114162,1.984137893,3.014733315,-0.269669294,0.218296379,-0.116177775,0.930660009
714,15.320000,2,false,false,-0.639979362,1.989730358,3.024143696,-0.269640952,0.219103649,-0.116786145,0.930402279
715,15.340000,2,false,false,-0.640240669,1.994463205,3.035562992,-0.269731402,0.220528886,-0.117048018,0.930006385
716,15.360000,2,false,false,-0.635291219,2.002732754,3.044794559,-0.268782616,0.221480757,-0.118127890,0.929918289
717,15.380000,2,false,false,-0.634006262,2.009978533,3.054417849,-0.267221779,0.222717136,-0.120588392,0.929757059
718,15.400000,2,false,false,-0.632386625,2.018278599,3.063285828,-0.266227603,0.221599206,-0.121942639,0.930132627
719,15.420000,2,false,false,-0.633253574,2.024622202,3.074173450,-0.267281592,0.220492065,-0.121275634,0.930180609
720,15.440000,2,false,false,-0.631625175,2.032608271,3.082847595,-0.267349780,0.219359800,-0.121477656,0.930402398
721,15.460000,2,false,false,-0.628222346,2.040573597,3.091749191,-0.266978681,0.218427122,-0.121989831,0.930661321
722,15.480000,2,false,false,-0.627049804,2.048890114,3.103149891,-0.268150538,0.217565671,-0.122164994,0.930503190
723,15.500000,2,false,false,-0.623952687,2.057403564,3.111276865,-0.269511819,0.214938045,-0.120926440,0.930882275
724,15.520000,2,false,false,-0.627443433,2.066569328,3.120731354,-0.272458345,0.213060558,-0.120113902,0.930561304
725,15.540000,2,false,false,-0.627394736,2.073265076,3.130774498,-0.276070595,0.210175470,-0.118429303,0.930368662
726,15.560000,2,false,false,-0.626362085,2.082764626,3.140830517,-0.278054416,0.209262460,-0.117001899,0.930164278
727,15.580000,2,false,false,-0.626681030,2.089278936,3.150542259,-0.280065209,0.208405241,-0.117155358,0.929734051
728,15.600000,2,false,false,-0.625827312,2.099374533,3.161288261,-0.281674564,0.207567543,-0.117358565,0.929409564
729,15.620000,2,false,false,-0.620829940,2.104624033,3.175527573,-0.284891546,0.205876574,-0.115068942,0.929091394
730,15.640000,2,false,false,-0.618920684,2.111488342,3.186754227,-0.286526650,0.204885826,-0.113971666,0.928942859
731,15.660000,2,false,false,-0.620229244,2.117858887,3.199045181,-0.286661655,0.204409853,-0.114504367,0.928940535
732,15.680000,2,false,false,-0.617325008,2.121988535,3.211686850,-0.286100447,0.203131944,-0.114077009,0.929446340
733,15.700000,2,false,false,-0.621091187,2.125912666,3.225379944,-0.285029680,0.202028185,-0.115400441,0.929852426
734,15.720000,2,false,false,-0.620876551,2.132238150,3.236768246,-0.283266127,0.200328469,-0.116629548,0.930605412
735,15.740000,2,false,false,-0.622548044,2.138542652,3.248890877,-0.281113297,0.199438989,-0.118131779,0.931259573
736,15.760000,2,false,false,-0.619125783,2.142234087,3.261209488,-0.279475063,0.197143570,-0.118006028,0.932256818
737,15.780000,2,false,false,-0.619698763,2.146927357,3.272607088,-0.277430773,0.195961863,-0.118186876,0.933093250
738,15.800000,2,false,false,-0.616497397,2.153466702,3.284065723,-0.275357068,0.194527790,-0.118269734,0.933996618
739,15.820000,2,false,false,-0.618873835,2.156889677,3.294399261,-0.275075614,0.194278032,-0.118712999,0.934075356
740,15.840000,2,false,false,-0.619746089,2.159775496,3.304648399,-0.275351495,0.193633333,-0.119737044,0.933997214
741,15.860000,2,false,false,-0.616914034,2.168597698,3.313876629,-0.274729729,0.191834792,-0.120789602,0.934415877
742,15.880000,2,false,false,-0.617673516,2.172837257,3.325275421,-0.274466217,0.191411689,-0.119369730,0.934762418
743,15.900000,2,false,false,-0.613633811,2.179377794,3.335873604,-0.274230510,0.189173967,-0.118271425,0.935426533
744,15.920000,2,false,false,-0.605987370,2.184933901,3.347661972,-0.275626183,0.187402725,-0.118092231,0.935395479
745,15.940000,2,false,false,-0.603232801,2.192259550,3.357537270,-0.279045939,0.186586827,-0.121561423,0.934099317
746,15.960000,2,false,false,-0.598117828,2.202396393,3.368765354,-0.281090587,0.186373368,-0.123444289,0.933281660
747,15.980000,2,false,false,-0.600883842,2.208206177,3.378413916,-0.283477098,0.185797170,-0.123740003,0.932635307
748,16.000000,2,false,false,-0.601302922,2.216922760,3.387972832,-0.284185022,0.184831306,-0.122524850,0.932772219
749,16.020000,2,false,false,-0.600264072,2.220847130,3.398838043,-0.283873826,0.183620512,-0.120885551,0.933319807
750,16.040000,2,false,false,-0.600483656,2.227313280,3.408119202,-0.282971352,0.182386056,-0.118013166,0.934203088
751,16.060000,2,false,false,-0.603881001,2.240170956,3.415236950,-0.282668352,0.181479096,-0.116724402,0.934633315
752,16.080000,2,false,false,-0.602020204,2.248044729,3.424979210,-0.283549875,0.180429503,-0.113455907,0.934971869
753,16.100000,2,false,false,-0.598297179,2.256266356,3.434314013,-0.282984048,0.178930029,-0.111495979,0.935667038
754,16.120000,2,false,false,-0.595648408,2.265672445,3.445063829,-0.282852679,0.177172244,-0.108646333,0.936376214
755,16.140000,2,false,false,-0.589285553,2.271924973,3.457410097,-0.283994615,0.174795315,-0.102351084,0.937186241
756,16.160000,2,false,false,-0.592064738,2.283001423,3.464281559,-0.283789903,0.172917068,-0.100330770,0.937814891
757,16.180000,2,false,false,-0.588887572,2.291094542,3.474632740,-0.285063744,0.171253994,-0.095505998,0.938237429
758,16.200000,2,false,false,-0.584641814,2.301810741,3.484019518,-0.286245853,0.169265941,-0.090996005,0.938686430
759,16.220000,2,false,false,-0.583732963,2.311465263,3.493455410,-0.287841022,0.168214262,-0.087640382,0.938706934
760,16.240000,2,false,false,-0.581297517,2.320320129,3.503474712,-0.290171236,0.165520906,-0.084264547,0.938777447
761,16.260000,2,false,false,-0.576458693,2.329155684,3.514008999,-0.293312222,0.161906555,-0.079522707,0.938845277
762,16.280000,2,false,false,-0.573912024,2.338628054,3.524643898,-0.297047019,0.158136591,-0.075544141,0.938642085
763,16.300000,2,false,false,-0.567708611,2.349255323,3.535974503,-0.300290644,0.154726937,-0.071252361,0.938513875
764,16.320000,2,false,false,-0.564767957,2.359631538,3.547164917,-0.303608596,0.151647776,-0.066637889,0.938287973
765,16.340000,2,false,false,-0.560111821,2.368072271,3.559716940,-0.309069276,0.147155702,-0.058800839,0.937744021
766,16.360000,2,false,false,-0.556845307,2.375873327,3.570957184,-0.316920310,0.139910117,-0.049833830,0.936751544
767,16.380000,2,false,true,-0.570632994,2.377272606,3.554999590,-0.319240510,0.134602949,-0.045798846,0.936947227
768,16.400000,2,false,false,-0.567761540,2.384705544,3.568088531,-0.322950333,0.127875730,-0.042489700,0.936774015
769,16.420000,2,false,false,-0.564651251,2.392860889,3.582514286,-0.323895842,0.122496441,-0.041845597,0.937195361
770,16.440000,2,false,false,-0.563370943,2.399860620,3.596309662,-0.323823690,0.116646677,-0.042525232,0.937935770
771,16.460000,2,false,false,-0.561822951,2.406687975,3.611671925,-0.323094398,0.110119842,-0.043645956,0.938924253
772,16.480000,2,false,false,-0.561382890,2.413293839,3.623921871,-0.321733028,0.101835527,-0.045326333,0.940246224
773,16.500000,2,false,false,-0.552350044,2.405512333,3.649239063,-0.326820701,0.094054416,-0.038387448,0.939610779
774,16.520000,2,false,false,-0.550602376,2.412605762,3.664294958,-0.326540172,0.086250201,-0.039254893,0.940420926
775,16.540000,2,false,false,-0.552436888,2.419454336,3.677637815,-0.325901985,0.079706669,-0.041594274,0.941118896
776,16.560000,2,false,false,-0.552554488,2.426259279,3.690060139,-0.325809777,0.073387839,-0.043000862,0.941601396
777,16.580000,2,false,false,-0.553563476,2.432560682,3.703533411,-0.326618314,0.068083651,-0.043623671,0.941691160
778,16.600000,2,false,false,-0.558978796,2.440145493,3.713310242,-0.325406909,0.062751867,-0.046659146,0.942335188
779,16.620000,2,false,false,-0.559505761,2.445577860,3.726054907,-0.324844331,0.057987623,-0.047306351,0.942802072
780,16.640000,2,false,false,-0.561873019,2.451406956,3.738005161,-0.323932856,0.052750845,-0.048580367,0.943358302
781,16.660000,2,false,false,-0.561746180,2.457864761,3.750373363,-0.322428405,0.046547256,-0.048996702,0.944178343
782,16.680000,2,false,true,-0.554574490,2.466201067,3.770771742,-0.321977764,0.039763544,-0.050305989,0.944573164
783,16.700000,2,false,false,-0.557423294,2.472319126,3.781388283,-0.321600318,0.035352245,-0.052959532,0.944732130
784,16.720000,2,false,false,-0.560680330,2.479497671,3.792131662,-0.320830882,0.032089613,-0.055534985,0.944962263
785,16.740000,2,false,false,-0.561020792,2.487035990,3.803658485,-0.320080459,0.028546125,-0.056539465,0.945270836
786,16.760000,2,false,false,-0.563900471,2.495412827,3.813744068,-0.319422454,0.025433049,-0.057420067,0.945529222
787,16.780000,2,false,false,-0.568618178,2.502654552,3.824855804,-0.319244862,0.022883037,-0.057984002,0.945619881
788,16.800000,2,false,false,-0.570749044,2.509774446,3.835336685,-0.319389939,0.020645246,-0.058340609,0.945600450
789,16.820000,2,false,false,-0.572539449,2.519668579,3.845603704,-0.317996562,0.018773193,-0.060634296,0.945964754
790,16.840000,2,false,false,-0.577639461,2.526946068,3.855587959,-0.316523701,0.018347496,-0.062833928,0.946323454
791,16.860000,2,false,false,-0.580830574,2.534481525,3.864550114,-0.315609127,0.017379351,-0.063952141,0.946572244
792,16.880000,2,false,false,-0.582680941,2.543166876,3.876847267,-0.315425575,0.016249368,-0.064090073,0.946644187
793,16.900000,2,false,false,-0.587050200,2.551552773,3.887900352,-0.315296859,0.016132826,-0.064329751,0.946672797
794,16.920000,2,false,false,-0.591575921,2.559398651,3.896415949,-0.314339250,0.015217587,-0.064557113,0.946990907
795,16.940000,2,false,false,-0.576536298,2.573148727,3.908622742,-0.313169509,0.010754655,-0.063752256,0.947494030
796,16.960000,2,false,false,-0.579584479,2.581323385,3.919678688,-0.312077105,0.009516722,-0.065281361,0.947763562
797,16.980000,2,false,false,-0.583842456,2.589787006,3.928970337,-0.310682803,0.007993750,-0.066772424,0.948131800
798,17.000000,2,false,false,-0.591753125,2.596081734,3.938073397,-0.310089737,0.007150244,-0.067177050,0.948303998
799,17.020000,2,false,false,-0.595370889,2.605667591,3.948936939,-0.309805840,0.006619737,-0.066700310,0.948434293
800,17.040000,2,false,true,-0.591928184,2.614306450,3.956539631,-0.309194416,0.005319003,-0.066282511,0.948671281
801,17.060000,2,false,false,-0.597295165,2.621326208,3.967560291,-0.309234560,0.004531871,-0.064767644,0.948766947
802,17.080000,2,false,false,-0.604339659,2.628172159,3.976374626,-0.309313327,0.002622918,-0.064059831,0.948796511
803,17.100000,2,false,false,-0.610260844,2.635920286,3.987825871,-0.310304642,0.000284936,-0.064373098,0.948455095
804,17.120000,2,false,false,-0.612451375,2.643966198,3.999830008,-0.311315149,-0.001108445,-0.064460501,0.948117316
805,17.140000,2,false,false,-0.619195640,2.648058414,4.011434555,-0.312326312,-0.000357874,-0.065487467,0.947714984
806,17.160000,2,false,false,-0.629802048,2.653442144,4.020170689,-0.311856300,0.000946536,-0.068320982,0.947669268
807,17.180000,2,false,false,-0.633429706,2.659292221,4.031125069,-0.310544193,0.001332345,-0.068278149,0.948102653
808,17.200000,2,false,false,-0.632999063,2.666990042,4.043895721,-0.309257239,0.001170073,-0.067232549,0.948598146
809,17.220000,2,false,false,-0.633888543,2.675109863,4.053916454,-0.307230622,0.001459700,-0.066058598,0.949338496
810,17.240000,2,false,false,-0.633164942,2.678696394,4.070691109,-0.306509018,0.002040872,-0.065105781,0.949636459
811,17.260000,2,false,false,-0.635386288,2.684315920,4.079990864,-0.304340482,0.004209674,-0.064085431,0.950395882
812,17.280000,2,false,false,-0.641935468,2.689071178,4.090984344,-0.302982092,0.006453625,-0.063276164,0.950871408
813,17.300000,2,false,false,-0.645752788,2.692473888,4.101607800,-0.302627355,0.007923779,-0.061580691,0.951084554
814,17.320000,2,false,false,-0.649394155,2.697900772,4.112138271,-0.302179515,0.009012985,-0.060376354,0.951294363
815,17.340000,2,false,false,-0.653308392,2.699912548,4.120513439,-0.302359581,0.010735272,-0.059916548,0.951248348
816,17.360000,2,false,false,-0.659533799,2.705828667,4.131603241,-0.302513957,0.012615521,-0.060815975,0.951119184
817,17.380000,2,false,false,-0.661911011,2.710452557,4.141848564,-0.303522736,0.012980381,-0.060570568,0.950808465
818,17.400000,2,false,false,-0.665139794,2.716514111,4.149271011,-0.304634333,0.013440129,-0.060769416,0.950433791
819,17.420000,2,false,false,-0.666418433,2.721582890,4.159693718,-0.306048900,0.014229753,-0.060382631,0.949992418
820,17.440000,2,false,false,-0.669714093,2.728200436,4.168267250,-0.307345450,0.014959319,-0.060799517,0.949535906
821,17.460000,2,false,false,-0.659833431,2.746462822,4.174816132,-0.306135356,0.013918932,-0.059180506,0.950044870
822,17.480000,2,false,false,-0.668418288,2.745698452,4.185816765,-0.308319420,0.015219633,-0.058136292,0.949382842
823,17.500000,2,false,false,-0.664809108,2.753760815,4.194728851,-0.308969945,0.015360900,-0.055714536,0.949314237
824,17.520000,2,false,true,-0.674274206,2.759749889,4.200876236,-0.309718698,0.017388936,-0.054835249,0.949086487
825,17.540000,2,false,false,-0.676082015,2.765335560,4.209627151,-0.310777247,0.017049959,-0.052580554,0.948874176
826,17.560000,2,false,false,-0.677791417,2.773039818,4.218289375,-0.311878055,0.016658243,-0.050412063,0.948637545
827,17.580000,2,false,false,-0.686361849,2.778793335,4.226679802,-0.313726425,0.016430911,-0.049586184,0.948075414
828,17.600000,2,false,false,-0.686225712,2.784563065,4.237028122,-0.315212518,0.014619016,-0.047454678,0.947721243
829,17.620000,2,false,false,-0.688887596,2.791411638,4.244922161,-0.315797389,0.012733372,-0.045729559,0.947638571
830,17.640000,2,false,false,-0.692076862,2.797298670,4.254158497,-0.316379666,0.010192042,-0.044300113,0.947542906
831,17.660000,2,false,false,-0.687537014,2.809088945,4.265743256,-0.317099720,0.006673812,-0.041788895,0.947447658
832,17.680000,2,false,false,-0.688936710,2.818221092,4.272874832,-0.316549420,0.004060267,-0.039247952,0.947755039
833,17.700000,2,false,false,-0.686615944,2.829064608,4.284245014,-0.316068888,0.000504495,-0.036890551,0.948018670
834,17.720000,2,false,false,-0.691032350,2.835400820,4.292683601,-0.315691859,-0.002187206,-0.034677874,0.948225439
835,17.740000,2,false,false,-0.700081944,2.838143110,4.304444790,-0.316026717,-0.004129838,-0.032543775,0.948183060
836,17.760000,2,false,false,-0.698101997,2.853311539,4.319669724,-0.315106988,-0.007458572,-0.029976420,0.948553324
837,17.780000,2,false,false,-0.696287096,2.862154961,4.331410408,-0.313758105,-0.011559167,-0.028162722,0.949014843
838,17.800000,2,false,false,-0.697690427,2.867113113,4.344449997,-0.313320875,-0.015464942,-0.026943306,0.949139059
839,17.820000,2,false,false,-0.701503098,2.874716997,4.354722977,-0.312761664,-0.018636009,-0.025849773,0.949296892
840,17.840000,2,false,false,-0.704138100,2.882836580,4.369192123,-0.313322186,-0.021512032,-0.023855943,0.949103415
841,17.860000,2,false,false,-0.709679425,2.883118868,4.380641937,-0.314537793,-0.024232171,-0.022199096,0.948675931
842,17.880000,2,false,false,-0.712225199,2.896687508,4.392400742,-0.314970613,-0.025762094,-0.021044837,0.948518276
843,17.900000,2,false,false,-0.689251423,2.925696611,4.402950287,-0.312778056,-0.033037111,-0.017442897,0.949091256
844,17.920000,2,false,false,-0.692824543,2.932412148,4.416414261,-0.313793510,-0.035619363,-0.015657580,0.948693752
845,17.940000,2,false,false,-0.695299447,2.937807083,4.428529739,-0.314636856,-0.040149912,-0.013619758,0.948264837
846,17.960000,2,false,false,-0.698486745,2.943876982,4.442961693,-0.314337581,-0.045276977,-0.012227546,0.948152184
847,17.980000,2,false,false,-0.700842500,2.950187206,4.456565380,-0.313116938,-0.050471790,-0.012933829,0.948284328
848,18.000000,2,false,false,-0.696429253,2.964748859,4.465927124,-0.308995634,-0.056533452,-0.013844588,0.949280798
849,18.020000,2,false,false,-0.704102755,2.957757950,4.488225937,-0.309714198,-0.061075661,-0.013171752,0.948774755
850,18.040000,2,false,false,-0.705495536,2.963842392,4.501072884,-0.307115644,-0.069048315,-0.014878649,0.949047446
851,18.060000,2,false,false,-0.709439814,2.972230196,4.511201859,-0.303454518,-0.076386422,-0.017119560,0.949624896
852,18.080000,2,false,false,-0.712944448,2.979022026,4.522440910,-0.297966927,-0.084550820,-0.018726245,0.950639904
853,18.100000,2,false,false,-0.714838982,2.982595682,4.533870697,-0.294148713,-0.091378048,-0.018346043,0.951204598
854,18.120000,2,false,false,-0.714910984,2.989702702,4.544005871,-0.290841192,-0.097792201,-0.017827310,0.951593578
855,18.140000,2,false,false,-0.724989831,2.987303495,4.553573608,-0.288385004,-0.103511684,-0.019491732,0.951703548
856,18.160000,2,false,false,-0.727069080,2.995741844,4.564656734,-0.286490768,-0.110124037,-0.018823210,0.951546907
857,18.180000,2,false,false,-0.730934322,2.999412298,4.574638367,-0.286087424,-0.116322532,-0.019311413,0.950920761
858,18.200000,2,false,false,-0.735372901,3.004377365,4.584707737,-0.285228610,-0.123309381,-0.020410340,0.950275123
859,18.220000,2,false,false,-0.743200719,3.009479761,4.594006538,-0.284910053,-0.129356712,-0.021745220,0.949536920
860,18.240000,2,false,false,-0.749837577,3.010792494,4.604152679,-0.284757823,-0.135684043,-0.022401214,0.948683858
861,18.260000,2,false,false,-0.752428412,3.019630671,4.612615108,-0.283224314,-0.142018005,-0.022680739,0.948209047
862,18.280000,2,false,false,-0.763943553,3.021775723,4.622066498,-0.283300519,-0.146256521,-0.023442402,0.947523296
863,18.300000,2,false,false,-0.760464191,3.033966780,4.628454208,-0.281570107,-0.153085262,-0.023291111,0.946963966
864,18.320000,2,false,false,-0.761207700,3.042033911,4.638997555,-0.281191856,-0.158158064,-0.022164676,0.946269453
865,18.340000,2,false,false,-0.767892659,3.048126698,4.648058414,-0.281548738,-0.162246242,-0.021108728,0.945495129
866,18.360000,2,false,false,-0.771677971,3.055140257,4.658103943,-0.282804936,-0.166067675,-0.020261956,0.944474638
867,18.380000,2,false,false,-0.782896340,3.063436985,4.663968086,-0.283554465,-0.168647975,-0.019886598,0.943800509
868,18.400000,2,false,false,-0.788296461,3.070688248,4.670936584,-0.283682108,-0.173294067,-0.019593325,0.942926228
869,18.420000,2,false,false,-0.792033494,3.080455303,4.679346085,-0.284577370,-0.178407297,-0.017823333,0.941737235
870,18.440000,2,false,false,-0.801998496,3.089129448,4.686517239,-0.285804570,-0.182916760,-0.016856743,0.940517485
871,18.460000,2,false,false,-0.810104012,3.096992493,4.693869591,-0.286954910,-0.186704546,-0.015856368,0.939439714
872,18.480000,2,false,false,-0.813440561,3.105658054,4.701220989,-0.288080454,-0.191338465,-0.015585974,0.938166499
873,18.500000,2,false,false,-0.823692203,3.113269806,4.710046291,-0.289498627,-0.194607809,-0.015245399,0.937062383
874,18.520000,2,false,false,-0.830848217,3.122374058,4.718176842,-0.290736407,-0.198181689,-0.014023382,0.935948551
875,18.540000,2,false,false,-0.835531354,3.130242825,4.727011204,-0.292057246,-0.201551780,-0.013123590,0.934830070
876,18.560000,2,false,false,-0.841962099,3.141374111,4.734828949,-0.292745590,-0.204096705,-0.012815863,0.934066594
877,18.580000,2,false,false,-0.851364553,3.148115635,4.744888306,-0.294751853,-0.206693858,-0.012304511,0.932870626
878,18.600000,2,false,false,-0.857830286,3.158553600,4.752661228,-0.295459718,-0.210974321,-0.011768546,0.931694627
879,18.620000,2,false,false,-0.864261866,3.167170048,4.762973309,-0.295937002,-0.215446830,-0.012020123,0.930515707
880,18.640000,2,false,false,-0.872322798,3.174263239,4.770209312,-0.296267539,-0.219113737,-0.012382257,0.929549038
881,18.660000,2,false,false,-0.881877482,3.180926085,4.778174400,-0.296657085,-0.222852975,-0.012666951,0.928531468
882,18.680000,2,false,false,-0.889108956,3.185776949,4.789054394,-0.297059506,-0.226531520,-0.012797460,0.927510381
883,18.700000,2,false,true,-0.894789398,3.172522068,4.781750679,-0.299376130,-0.227198869,-0.011481218,0.926619053
884,18.720000,2,false,false,-0.901812673,3.178420782,4.791419983,-0.299525946,-0.230626896,-0.010238241,0.925737977
885,18.740000,2,false,false,-0.915060639,3.185139179,4.800956249,-0.298617184,-0.233397484,-0.009743020,0.925342381
886,18.760000,2,false,false,-0.918492138,3.189556837,4.810003281,-0.297164589,-0.237575218,-0.008726108,0.924756825
887,18.780000,2,false,false,-0.931390524,3.194940567,4.816965103,-0.295251846,-0.240944967,-0.007944990,0.924504638
888,18.800000,2,false,false,-0.938007593,3.195117235,4.829919815,-0.295634657,-0.245682120,-0.006467871,0.923146069
889,18.820000,2,false,false,-0.944175661,3.199229240,4.838325024,-0.293800771,-0.250526398,-0.004055951,0.922443092
890,18.840000,2,false,false,-0.953606546,3.201774836,4.846089363,-0.292090625,-0.255447447,-0.002129488,0.921642661
891,18.860000,2,false,false,-0.963840246,3.207250595,4.852006435,-0.290785581,-0.260203928,0.000303989,0.920726657
892,18.880000,2,false,false,-0.968284607,3.211030006,4.862314224,-0.290722638,-0.266175687,0.003150274,0.919032693
893,18.900000,2,false,false,-0.978436172,3.216888189,4.865391254,-0.289820015,-0.270359874,0.005198158,0.918086529
894,18.920000,2,false,false,-0.985156059,3.219442844,4.872659206,-0.289968848,-0.275981814,0.007397718,0.916350067
895,18.940000,2,false,false,-0.992055893,3.224605083,4.878614426,-0.289442480,-0.282862812,0.009618886,0.914395511
896,18.960000,2,false,false,-0.999211669,3.228361845,4.887045860,-0.289252788,-0.290484816,0.011554192,0.912040532
897,18.980000,2,false,false,-1.004046917,3.232888222,4.894378185,-0.289347559,-0.297535300,0.014701968,0.909689248
898,19.000000,2,false,false,-1.014300585,3.239744902,4.894633293,-0.289010793,-0.302832395,0.017087998,0.908005178
899,19.020000,2,false,false,-1.021290541,3.242490768,4.901689053,-0.291156799,-0.309958309,0.018602625,0.904879868
900,19.040000,2,false,false,-1.027493238,3.246626139,4.908905506,-0.293218821,-0.317688465,0.021689139,0.901457965
901,19.060000,2,false,false,-1.035144091,3.252508163,4.912860870,-0.293404609,-0.325049222,0.024718061,0.898691177
902,19.080000,2,false,false,-1.041583538,3.260478497,4.919068336,-0.291088074,-0.332156271,0.029052956,0.896714032
903,19.100000,2,false,false,-1.051586151,3.255134821,4.932704926,-0.290596813,-0.339433610,0.031099662,0.894075632
904,19.120000,2,false,false,-1.058323622,3.260522366,4.939536095,-0.287346125,-0.347705841,0.035099298,0.891796529
905,19.140000,2,false,false,-1.067368984,3.264754295,4.943509579,-0.284214407,-0.355892032,0.038837917,0.889412522
906,19.160000,2,false,false,-1.072304726,3.270839214,4.952138901,-0.282037824,-0.365376890,0.042441010,0.886088729
907,19.180000,2,false,false,-1.081927180,3.276909828,4.955069542,-0.280387819,-0.374430925,0.045265749,0.882686377
908,19.200000,2,false,false,-1.089751720,3.285553217,4.957354546,-0.278000921,-0.383432746,0.049188942,0.879360735
909,19.220000,2,false,false,-1.095939398,3.290745258,4.961129189,-0.276056767,-0.393700749,0.052524317,0.875233471
910,19.240000,2,false,false,-1.104131222,3.295741320,4.967869759,-0.274244040,-0.404321551,0.056175444,0.870723069
911,19.260000,2,false,false,-1.108636379,3.299724579,4.975203991,-0.271519721,-0.416573405,0.060615167,0.865487993
912,19.280000,2,false,false,-1.115601182,3.303732395,4.980723381,-0.268050462,-0.428552717,0.065586150,0.860342979
913,19.300000,2,false,false,-1.126471043,3.306756973,4.987624168,-0.265682280,-0.439634681,0.070671313,0.855067194
914,19.320000,2,false,false,-1.133924723,3.310583353,4.991892338,-0.263114303,-0.450303584,0.076546215,0.849787235
915,19.340000,2,false,false,-1.139327526,3.315823555,4.998949051,-0.262743503,-0.460293174,0.083984137,0.843826294
916,19.360000,2,false,false,-1.146056890,3.318677425,5.004100323,-0.263026714,-0.470843375,0.091042936,0.837158740
917,19.380000,2,false,false,-1.149808407,3.324700832,5.010191917,-0.259282947,-0.483330697,0.096875250,0.830529392
918,19.400000,2,false,false,-1.158988714,3.323233366,5.012344360,-0.256301016,-0.494375497,0.101325229,0.824400365
919,19.420000,2,false,false,-1.163088560,3.325513840,5.019073963,-0.253005385,-0.503510535,0.106136478,0.819268286
920,19.440000,2,false,false,-1.166887999,3.327222824,5.025745869,-0.250747561,-0.511030078,0.110180825,0.814760149
921,19.460000,2,false,false,-1.173675776,3.330632210,5.029276371,-0.245546252,-0.518575191,0.112821802,0.811207831
922,19.480000,2,false,false,-1.179063082,3.338538170,5.038739204,-0.240139663,-0.528518200,0.117443278,0.805734873
923,19.500000,2,false,false,-1.186109304,3.341225624,5.042233944,-0.236308232,-0.536368787,0.120805867,0.801169813
924,19.520000,2,false,false,-1.192366600,3.344109535,5.045546055,-0.234044030,-0.542838216,0.124339469,0.796925306
925,19.540000,2,false,false,-1.196380615,3.345460653,5.050938606,-0.230885640,-0.548904419,0.126379892,0.793362498
926,19.560000,2,false,false,-1.204545259,3.346729279,5.050787926,-0.226880342,-0.552959979,0.126986340,0.791602850
927,19.580000,2,false,false,-1.201693773,3.349461794,5.062576771,-0.224172935,-0.560346246,0.130522415,0.786589146
928,19.600000,2,false,false,-1.205312490,3.349614620,5.067501545,-0.222580031,-0.566100895,0.132213995,0.782628477
929,19.620000,2,false,false,-1.211712837,3.349627256,5.069040775,-0.221914172,-0.571264207,0.133303806,0.778871953
930,19.640000,2,false,false,-1.217006207,3.349761009,5.070948124,-0.222326249,-0.575964391,0.135093927,0.774974704
931,19.660000,2,false,false,-1.223595381,3.351576328,5.071990967,-0.222888231,-0.579642057,0.137437850,0.771652043
932,19.680000,2,false,false,-1.232396603,3.347701550,5.070781708,-0.222706050,-0.582686841,0.139632881,0.769012868
933,19.700000,2,false,false,-1.231369019,3.347978592,5.072408676,-0.221023917,-0.587651491,0.142062381,0.765266359
934,19.720000,2,false,false,-1.235834599,3.348476887,5.072167873,-0.221021384,-0.591985762,0.144427717,0.761474371
935,19.740000,2,false,false,-1.242611408,3.347514153,5.072945595,-0.221969202,-0.595285237,0.145804673,0.758357584
936,19.760000,2,false,false,-1.248858690,3.347928286,5.072690964,-0.222497404,-0.597710967,0.147475645,0.755967975
937,19.780000,2,false,false,-1.254828930,3.346706152,5.071589470,-0.223044679,-0.600496709,0.149185643,0.753258586
938,19.800000,2,false,false,-1.263881207,3.358631134,5.066804886,-0.220314234,-0.604159772,0.151875988,0.750590682
939,19.820000,2,false,false,-1.269021034,3.358349323,5.066308022,-0.220921203,-0.606741369,0.152993798,0.748098671
940,19.840000,2,false,false,-1.274424791,3.356869936,5.065540314,-0.221410111,-0.608439565,0.153911218,0.746384740
941,19.860000,2,false,false,-1.281396627,3.357729435,5.063477039,-0.221529990,-0.610208571,0.154839575,0.744711220
942,19.880000,2,false,false,-1.288621902,3.358498573,5.061651707,-0.221524954,-0.611929595,0.155832514,0.743091643
943,19.900000,2,false,false,-1.295339584,3.356099606,5.060530186,-0.222629979,-0.613818824,0.156003997,0.741164684
944,19.920000,2,false,false,-1.303894281,3.356445074,5.056927681,-0.223703578,-0.615194619,0.156002894,0.739699602
945,19.940000,2,false,false,-1.310067654,3.356083870,5.056251526,-0.224816561,-0.616785526,0.155172005,0.738210559
946,19.960000,2,false,false,-1.315623760,3.354610920,5.054309845,-0.224730998,-0.618113339,0.153882504,0.737395465
947,19.980000,2,false,false,-1.317601919,3.352742672,5.059205532,-0.224143490,-0.619740486,0.153964654,0.736190498
948,20.000000,2,false,false,-1.323240757,3.351438522,5.055986881,-0.222781047,-0.620745957,0.152926788,0.735973179
949,20.020000,2,false,false,-1.330373526,3.350048304,5.051637173,-0.221579209,-0.621636271,0.151389882,0.735902309
950,20.040000,2,false,false,-1.338286638,3.348952770,5.050446510,-0.220139936,-0.623101830,0.149205536,0.735540807
951,20.060000,2,false,false,-1.347628832,3.348816395,5.044420719,-0.217981562,-0.624045849,0.146491155,0.735928774
952,20.080000,2,false,false,-1.353285789,3.348084450,5.040715694,-0.217035875,-0.624690235,0.145821780,0.735794544
953,20.100000,2,false,false,-1.359563589,3.346715927,5.038625717,-0.217148051,-0.626224399,0.144386694,0.734739542
954,20.120000,2,false,false,-1.367988825,3.344008446,5.034186363,-0.216940850,-0.628559887,0.142243952,0.733222961
955,20.140000,2,false,false,-1.375060081,3.340578318,5.030776024,-0.216747627,-0.631173730,0.140273392,0.731412053
956,20.160000,2,false,false,-1.383054018,3.338393688,5.022793770,-0.216308191,-0.632719815,0.138969392,0.730454624
957,20.180000,2,false,false,-1.391341925,3.335082293,5.019510269,-0.215585172,-0.634441793,0.137418896,0.729467511
958,20.200000,2,false,false,-1.404610872,3.335830212,5.014708519,-0.214372575,-0.636175275,0.137413979,0.728315055
959,20.220000,2,false,false,-1.410300970,3.332269669,5.012039185,-0.213081554,-0.637616277,0.136807293,0.727547586
960,20.240000,2,false,false,-1.417982578,3.327635527,5.008390427,-0.212025911,-0.639116883,0.136358574,0.726623058
961,20.260000,2,false,false,-1.426880360,3.324853182,5.003756046,-0.209583357,-0.640548587,0.136248097,0.726091444
962,20.280000,2,false,false,-1.433339596,3.320380688,5.002355576,-0.207816556,-0.641475737,0.136312023,0.725768745
963,20.300000,2,false,false,-1.440814018,3.313199043,4.998101711,-0.206304863,-0.641968131,0.135695383,0.725880206
964,20.320000,2,false,false,-1.445838213,3.308864832,4.995906830,-0.203930810,-0.642449081,0.135771200,0.726111293
965,20.340000,2,false,false,-1.450576782,3.307219982,4.991434097,-0.201356575,-0.642815053,0.135964260,0.726469636
966,20.360000,2,false,false,-1.455859661,3.303316832,4.989461899,-0.199547783,-0.643708944,0.135875627,0.726193786
967,20.380000,2,false,false,-1.460118055,3.300071239,4.987203598,-0.198323071,-0.645029604,0.136052430,0.725323856
968,20.400000,2,false,false,-1.468557835,3.295897722,4.980589390,-0.196973324,-0.646409571,0.136930048,0.724297166
969,20.420000,2,false,false,-1.473059416,3.292435169,4.976293564,-0.195189908,-0.648242652,0.137196198,0.723090351
970,20.440000,2,false,false,-1.477461100,3.291595697,4.971515179,-0.193166375,-0.650034726,0.138522446,0.721770942
971,20.460000,2,false,false,-1.482960463,3.292343140,4.968544006,-0.191436127,-0.651979029,0.139307275,0.720325649
972,20.480000,2,false,false,-1.487692595,3.289791584,4.967225075,-0.191210717,-0.654354334,0.139958322,0.718102098
973,20.500000,2,false,false,-1.492008686,3.291164398,4.964367390,-0.191068858,-0.656013787,0.141042843,0.716411650
974,20.520000,2,false,false,-1.489245653,3.292871952,4.959650517,-0.190293401,-0.657638967,0.141510621,0.715034425
975,20.540000,2,false,false,-1.490906239,3.292318583,4.959009647,-0.190384358,-0.659533620,0.141227990,0.713318884
976,20.560000,2,false,false,-1.495741844,3.291118145,4.957911491,-0.191007122,-0.661788344,0.140588418,0.711187422
977,20.580000,2,false,false,-1.498351812,3.291585922,4.956216812,-0.191180006,-0.664164305,0.139446542,0.709147871
978,20.600000,2,false,false,-1.505692482,3.292890310,4.954130173,-0.191402122,-0.666742802,0.137897730,0.706967890
979,20.620000,2,false,false,-1.510809422,3.296372414,4.952778816,-0.189566180,-0.669668019,0.136453748,0.704975128
980,20.640000,2,false,false,-1.512978554,3.296816826,4.952481747,-0.188353583,-0.672458649,0.134809181,0.702957153
981,20.660000,2,false,false,-1.516861439,3.299607754,4.952242851,-0.188294202,-0.675107062,0.133437544,0.700692654
982,20.680000,2,false,false,-1.518618584,3.299469948,4.952021599,-0.188845694,-0.676811099,0.132244051,0.699124873
983,20.700000,2,false,false,-1.519802570,3.301971674,4.955250740,-0.189109623,-0.678328454,0.132196009,0.697590351
984,20.720000,2,false,false,-1.521422386,3.302921772,4.957097530,-0.188257664,-0.679432452,0.131725788,0.696835041
985,20.740000,2,false,false,-1.525204659,3.306306124,4.957689762,-0.187207997,-0.680956781,0.131699145,0.695633829
986,20.760000,2,false,false,-1.527435780,3.309266567,4.960379601,-0.187509820,-0.682953000,0.132002205,0.693534970
987,20.780000,2,false,false,-1.528779507,3.310709476,4.962980747,-0.187145412,-0.683910191,0.132109955,0.692669094
988,20.800000,2,false,false,-1.531605721,3.313071251,4.964549065,-0.186288565,-0.684199154,0.132025823,0.692630768
989,20.820000,2,false,false,-1.533384323,3.315407991,4.968032360,-0.185462445,-0.684930921,0.131450206,0.692238569
990,20.840000,2,false,false,-1.535551548,3.315925598,4.971028805,-0.185649171,-0.686586142,0.130964875,0.690638959
991,20.860000,2,false,false,-1.536959171,3.319976330,4.975257874,-0.185077697,-0.688638806,0.130731210,0.688790500
992,20.880000,2,false,false,-1.539324284,3.323413372,4.978378296,-0.185293227,-0.689817965,0.130521044,0.687591434
993,20.900000,2,false,false,-1.541690350,3.327247620,4.982615471,-0.185788110,-0.690909743,0.130020544,0.686455548
994,20.920000,2,false,false,-1.543019295,3.331227541,4.986921310,-0.186148912,-0.692023039,0.129784420,0.685280085
995,20.940000,2,false,false,-1.547391415,3.339491129,4.990263939,-0.186395407,-0.693475783,0.130551398,0.683596790
996,20.960000,2,false,false,-1.549409389,3.342756748,4.995567799,-0.188157618,-0.694799483,0.131187648,0.681645215
997,20.980000,2,false,false,-1.549797535,3.346592426,5.000927448,-0.190092981,-0.696351230,0.132266417,0.679312289
998,21.000000,2,false,false,-1.553330898,3.352851391,5.005708694,-0.192112252,-0.698210299,0.134351641,0.676420748
999,21.020000,2,false,false,-1.551385880,3.356135607,5.012331963,-0.192840159,-0.699917436,0.135097936,0.674297333
1000,21.040000,2,false,false,-1.553936005,3.361423016,5.017220974,-0.193410173,-0.702067316,0.136439696,0.671623528
1001,21.060000,2,false,false,-1.554726124,3.366371393,5.024148941,-0.193443656,-0.704536617,0.137599826,0.668785572
1002,21.080000,2,false,false,-1.558301449,3.372770071,5.030909538,-0.193725318,-0.707291663,0.138761356,0.665548146
1003,21.100000,2,false,false,-1.560372829,3.378669500,5.036537170,-0.194477707,-0.709833801,0.140649185,0.662217736
1004,21.120000,2,false,false,-1.560863972,3.382620811,5.044901848,-0.195498064,-0.712653279,0.142512530,0.658480108
1005,21.140000,2,false,false,-1.561414242,3.388628483,5.054074287,-0.195447952,-0.716212332,0.144909754,0.654095769
1006,21.160000,2,false,false,-1.563895702,3.395052433,5.060343742,-0.194972754,-0.720263958,0.147582039,0.649172664
1007,21.180000,2,false,false,-1.565339565,3.401242256,5.069569588,-0.193855226,-0.724499226,0.150125965,0.644191921
1008,21.200000,2,false,false,-1.568860531,3.409963608,5.077517033,-0.192304879,-0.728120267,0.152724013,0.639949381
1009,21.220000,2,false,false,-1.571010113,3.418386459,5.085678101,-0.191079229,-0.731616020,0.154414937,0.635911047
1010,21.240000,2,false,true,-1.541282654,3.417683601,5.075768471,-0.189598605,-0.735314667,0.155468330,0.631818295
1011,21.260000,2,false,false,-1.543086052,3.424908161,5.084910393,-0.190447807,-0.738496304,0.157335266,0.627374351
1012,21.280000,2,false,false,-1.543666840,3.433095932,5.094990730,-0.190137535,-0.742178679,0.158913597,0.622707903
1013,21.300000,2,false,false,-1.544331074,3.439876318,5.103708267,-0.189773634,-0.745854378,0.160248682,0.618067622
1014,21.320000,2,false,false,-1.543024540,3.445519686,5.114065647,-0.188776121,-0.749680281,0.160766885,0.613593638
1015,21.340000,2,false,false,-1.546926022,3.454237938,5.119937420,-0.188367680,-0.752647698,0.160744831,0.610082150
1016,21.360000,2,false,false,-1.547011375,3.461236954,5.129433632,-0.188022926,-0.755302191,0.159814477,0.607145250
1017,21.380000,2,false,false,-1.546173096,3.466672421,5.140016556,-0.187916979,-0.758236468,0.158995062,0.603726208
1018,21.400000,2,false,false,-1.545921326,3.471032619,5.148535728,-0.187789991,-0.761735141,0.158236638,0.599546194
1019,21.420000,2,false,false,-1.547548294,3.477586031,5.156076431,-0.186695263,-0.764756978,0.158453643,0.595973253
1020,21.440000,2,false,false,-1.546410084,3.481870174,5.164952278,-0.185122490,-0.767420709,0.157726765,0.593226254
1021,21.460000,2,false,false,-1.547852039,3.484772682,5.173884869,-0.183342323,-0.769204319,0.156822219,0.591706932
1022,21.480000,2,false,false,-1.547826767,3.490086794,5.181538105,-0.179875553,-0.770853817,0.156509325,0.590706348
1023,21.500000,2,false,false,-1.544612408,3.490553379,5.191743851,-0.176229581,-0.773129046,0.154534549,0.589350283
1024,21.520000,2,false,false,-1.543110847,3.493333340,5.200540066,-0.173212469,-0.775460601,0.153383479,0.587479293
1025,21.540000,2,false,false,-1.542403698,3.496912956,5.214538574,-0.172272339,-0.777681589,0.153079972,0.584893227
1026,21.560000,2,false,false,-1.541197300,3.499286413,5.222141266,-0.168853074,-0.779144228,0.152644932,0.584056854
1027,21.580000,2,false,false,-1.539243698,3.501237392,5.230373859,-0.165764257,-0.780045509,0.152295440,0.583829880
1028,21.600000,2,false,false,-1.536975861,3.504308939,5.237064838,-0.162206218,-0.780927479,0.152394131,0.583624482
1029,21.620000,2,false,false,-1.533527851,3.507070065,5.247714520,-0.158923909,-0.781866074,0.152380258,0.583274364
1030,21.640000,2,false,false,-1.527217865,3.509218216,5.257013321,-0.156232521,-0.781972289,0.152690381,0.583777785
1031,21.660000,2,false,false,-1.527520657,3.512848377,5.261208534,-0.154599667,-0.781646013,0.153963715,0.584314764
1032,21.680000,2,false,false,-1.523768425,3.516224861,5.270212650,-0.153537661,-0.781207204,0.154770657,0.584967971
1033,21.700000,2,false,false,-1.518879890,3.516003609,5.282894611,-0.152393058,-0.781899571,0.154359341,0.584450662
1034,21.720000,2,false,false,-1.515716076,3.518625736,5.288805485,-0.151179522,-0.782021999,0.154993340,0.584434390
1035,21.740000,2,false,false,-1.512625217,3.521250725,5.293270588,-0.150194138,-0.781765759,0.155510545,0.584893584
1036,21.760000,2,false,false,-1.509583473,3.525159359,5.300017834,-0.149486661,-0.781534612,0.155751839,0.585319400
1037,21.780000,2,false,false,-1.507224083,3.529571056,5.305008411,-0.148570240,-0.781300604,0.155639246,0.585894883
1038,21.800000,2,false,false,-1.504238605,3.537384748,5.311918736,-0.147602886,-0.781033337,0.155856341,0.586437762
1039,21.820000,2,false,false,-1.501479626,3.541122913,5.316480160,-0.146811098,-0.780956268,0.154357225,0.587135255
1040,21.840000,2,false,false,-1.497853279,3.546505451,5.321056366,-0.145406857,-0.780931294,0.152636245,0.587967098
1041,21.860000,2,false,false,-1.491824150,3.550407887,5.328121662,-0.143885106,-0.781495810,0.149668291,0.588354349
1042,21.880000,2,false,false,-1.489681721,3.556390047,5.330797195,-0.142943412,-0.781934321,0.146752372,0.588735759
1043,21.900000,2,false,false,-1.487685680,3.563984871,5.337083340,-0.142698199,-0.782180846,0.143766686,0.589204133
1044,21.920000,2,false,false,-1.485959530,3.570338011,5.339120388,-0.142374247,-0.782036006,0.140731603,0.590206742
1045,21.940000,2,false,false,-1.481124878,3.573252201,5.344533920,-0.143152505,-0.782095015,0.135992646,0.591050625
1046,21.960000,2,false,false,-1.477993965,3.579768658,5.349491119,-0.143509775,-0.782884717,0.129963934,0.591274858
1047,21.980000,2,false,false,-1.472711086,3.589265585,5.352370262,-0.143479005,-0.784046292,0.124960355,0.590821624
1048,22.000000,2,false,false,-1.468112946,3.594929695,5.356834888,-0.144188568,-0.786116183,0.117985860,0.589330494
1049,22.020000,2,false,false,-1.463792324,3.598792076,5.361682892,-0.144082695,-0.788912833,0.110252284,0.587112606
1050,22.040000,2,false,false,-1.460252285,3.601610184,5.365566730,-0.143439159,-0.792638958,0.101633117,0.583797514
1051,22.060000,2,false,false,-1.454039574,3.607429504,5.369197369,-0.140678227,-0.797219813,0.093539573,0.579569280
1052,22.080000,2,false,false,-1.452219963,3.608782291,5.363533974,-0.140060753,-0.800736248,0.087313294,0.575830519
1053,22.100000,2,false,false,-1.447627068,3.611728191,5.368173122,-0.137088016,-0.806171715,0.081137344,0.569834054
1054,22.120000,2,false,false,-1.443032265,3.613369465,5.372894287,-0.135104477,-0.812586248,0.075919576,0.561860025
1055,22.140000,2,false,false,-1.436127663,3.613841295,5.376996994,-0.133085936,-0.820438385,0.071090497,0.551466405
1056,22.160000,2,false,false,-1.433096409,3.617871523,5.379227638,-0.133324191,-0.825525522,0.068292730,0.544121623
1057,22.180000,2,false,false,-1.420118809,3.609494448,5.386284828,-0.132119566,-0.828626513,0.062972248,0.540330529
1058,22.200000,2,false,false,-1.416823387,3.611000061,5.393062592,-0.130082875,-0.830865562,0.063117050,0.537361264
1059,22.220000,2,false,false,-1.414478779,3.613384247,5.394297600,-0.126131102,-0.833752990,0.065665394,0.533511937
1060,22.240000,2,false,false,-1.409423828,3.613753796,5.398792267,-0.122138456,-0.837495029,0.069416136,0.528077424
1061,22.260000,2,false,false,-1.407169819,3.615397215,5.402787209,-0.118965350,-0.841435611,0.073988236,0.521880388
1062,22.280000,2,false,false,-1.406556129,3.609012365,5.406475544,-0.118654430,-0.843966603,0.075450003,0.517637730
1063,22.300000,2,false,false,-1.404996872,3.612546444,5.408083916,-0.116269052,-0.845786989,0.080320768,0.514465272
1064,22.320000,2,false,false,-1.404337406,3.614068985,5.412359238,-0.113730088,-0.847735167,0.083458237,0.511317253
1065,22.340000,2,false,false,-1.403526783,3.614446163,5.413776398,-0.112233080,-0.849035800,0.086029172,0.509058893
1066,22.360000,2,false,false,-1.403301239,3.618418217,5.417355537,-0.112499595,-0.850031495,0.089386627,0.506754816
1067,22.380000,2,false,false,-1.405033112,3.628767014,5.421607971,-0.111969940,-0.851378202,0.094801120,0.503617644
1068,22.400000,2,false,false,-1.403966904,3.631606817,5.423402786,-0.112886772,-0.851612508,0.096895106,0.502617240
1069,22.420000,2,false,false,-1.405097485,3.635056019,5.426391125,-0.112897560,-0.852191269,0.098140202,0.501390755
1070,22.440000,2,false,false,-1.407114983,3.638600826,5.430243969,-0.112712197,-0.852965415,0.100038230,0.499738276
1071,22.460000,2,false,false,-1.407975197,3.641951084,5.434942245,-0.112775207,-0.853942752,0.102167852,0.497619539
1072,22.480000,2,false,false,-1.409444332,3.644593716,5.437275887,-0.113890037,-0.854598463,0.105437964,0.495553732
1073,22.500000,2,false,false,-1.411340237,3.648297310,5.441402435,-0.113789417,-0.855190039,0.108752295,0.493836999
1074,22.520000,2,false,false,-1.414091110,3.652609348,5.445579529,-0.113794446,-0.855767310,0.111390732,0.492245138
1075,22.540000,2,false,false,-1.415505409,3.655742645,5.451371193,-0.113406077,-0.855938196,0.115135185,0.491174936
1076,22.560000,2,false,false,-1.417734146,3.659666538,5.458075523,-0.112743355,-0.856538951,0.122383095,0.488520652
1077,22.580000,2,false,false,-1.418851376,3.659135818,5.462772846,-0.113521978,-0.856583118,0.127877161,0.486852765
1078,22.600000,2,false,false,-1.420660496,3.663829565,5.470335007,-0.116888002,-0.855836689,0.133760199,0.485786945
1079,22.620000,2,false,false,-1.424311638,3.668229580,5.477441788,-0.118756734,-0.854329467,0.137889013,0.486831307
1080,22.640000,2,false,false,-1.428224087,3.673959732,5.484335423,-0.121216960,-0.853984475,0.141699612,0.485734910
1081,22.660000,2,false,false,-1.427481174,3.686963081,5.484737396,-0.123312347,-0.853902757,0.147554129,0.483603179
1082,22.680000,2,false,false,-1.429215908,3.693222523,5.491653442,-0.126340762,-0.854561806,0.148913085,0.481234938
1083,22.700000,2,false,false,-1.433595657,3.700685978,5.500398636,-0.130494356,-0.854492307,0.149222150,0.480153024
1084,22.720000,2,false,false,-1.434762955,3.706105232,5.512002945,-0.132812664,-0.854151547,0.148933098,0.480213493
1085,22.740000,2,false,false,-1.443614483,3.718478203,5.517627239,-0.134255543,-0.853908598,0.151407823,0.479469776
1086,22.760000,2,false,false,-1.446995258,3.724918842,5.526386261,-0.133479327,-0.853890061,0.150938094,0.479867518
1087,22.780000,2,false,false,-1.451655388,3.734990120,5.532251358,-0.134039789,-0.854867518,0.150673077,0.478050768
1088,22.800000,2,false,false,-1.455964088,3.742826939,5.542531490,-0.137580872,-0.856285334,0.150679976,0.474491835
1089,22.820000,2,false,false,-1.455828667,3.749326468,5.552726269,-0.137035206,-0.857011795,0.150362208,0.473437846
1090,22.840000,2,false,false,-1.460119247,3.757745266,5.563628197,-0.138601065,-0.858508646,0.150470391,0.470224828
1091,22.860000,2,false,false,-1.464509010,3.765431881,5.572318077,-0.137689471,-0.859788775,0.150462076,0.468151897
1092,22.880000,2,false,false,-1.470479012,3.776632309,5.581736565,-0.134050161,-0.860045493,0.153278843,0.467822552
1093,22.900000,2,false,false,-1.476928711,3.777822018,5.600443840,-0.134326413,-0.860424340,0.154621869,0.466603160
1094,22.920000,2,false,false,-1.481815338,3.785756111,5.608031750,-0.129933298,-0.860539436,0.157609269,0.466635346
1095,22.940000,2,false,false,-1.487379074,3.793211937,5.618125916,-0.127421305,-0.861488998,0.159815371,0.464822143
1096,22.960000,2,false,false,-1.490604401,3.799497843,5.628603458,-0.124522999,-0.862842739,0.161367059,0.462555081
1097,22.980000,2,false,false,-1.494479179,3.807810783,5.638630867,-0.120446570,-0.863980651,0.162628382,0.461066276
1098,23.000000,2,false,false,-1.494770050,3.813203335,5.646041393,-0.117692776,-0.863750815,0.163768351,0.461804032
1099,23.020000,2,false,false,-1.497045517,3.818884373,5.656724930,-0.116283476,-0.863873839,0.164651841,0.461616665
1100,23.040000,2,false,false,-1.499389648,3.821566582,5.664904594,-0.114131734,-0.863994062,0.164966688,0.461816221
1101,23.060000,2,false,false,-1.502055168,3.824941635,5.671247959,-0.112422384,-0.864368498,0.164858192,0.461573541
1102,23.080000,2,false,false,-1.503611565,3.828999043,5.680834770,-0.111265697,-0.865265250,0.165427953,0.459967017
1103,23.100000,2,false,false,-1.505558968,3.831531286,5.685867310,-0.112283856,-0.866021156,0.166253731,0.457995027
1104,23.120000,2,false,false,-1.511323929,3.838772774,5.675129890,-0.110662989,-0.865235984,0.167459249,0.459432065
1105,23.140000,2,false,false,-1.514504433,3.840297222,5.681499004,-0.110272057,-0.865198016,0.166915759,0.459795296
1106,23.160000,2,false,false,-1.515707970,3.842497349,5.687002182,-0.108733967,-0.865489900,0.167597070,0.459364235
1107,23.180000,2,false,false,-1.516767502,3.844175577,5.693610191,-0.108144335,-0.865148127,0.168589965,0.459783733
1108,23.200000,2,false,false,-1.519200325,3.845899105,5.700953484,-0.109265238,-0.864073813,0.168813661,0.461453736
1109,23.220000,2,false,false,-1.523184776,3.849465370,5.710892677,-0.110141568,-0.863537312,0.168454796,0.462379932
1110,23.240000,2,false,false,-1.524027824,3.850552320,5.716714859,-0.109583743,-0.862621605,0.167132244,0.464695781
1111,23.260000,2,false,false,-1.525147438,3.852589130,5.719624519,-0.109595768,-0.861859500,0.166184962,0.466443539
1112,23.280000,2,false,false,-1.524697304,3.854282379,5.724311829,-0.111938015,-0.861699760,0.164276570,0.466858268
1113,23.300000,2,false,false,-1.523267746,3.859034300,5.721686363,-0.112678967,-0.861486137,0.162781179,0.467597574
1114,23.320000,2,false,false,-1.521259308,3.861181498,5.725668907,-0.114802033,-0.863070607,0.159855753,0.465162128
1115,23.340000,2,false,false,-1.520428658,3.863170862,5.727801800,-0.115945108,-0.865502119,0.156394184,0.461523324
1116,23.360000,2,false,false,-1.517877579,3.864844084,5.727968216,-0.117678650,-0.868152380,0.152682155,0.457330734
1117,23.380000,2,false,false,-1.514579773,3.867685318,5.721928596,-0.119789623,-0.869433165,0.149957761,0.455246300
1118,23.400000,2,false,false,-1.513369560,3.869138002,5.719339848,-0.119843043,-0.870401144,0.147042334,0.454332590
1119,23.420000,2,false,false,-1.511569977,3.871507883,5.718430519,-0.118867233,-0.870952606,0.144442588,0.454366148
1120,23.440000,2,false,false,-1.508193970,3.871657610,5.717506886,-0.118247904,-0.872122526,0.141785055,0.453118920
1121,23.460000,2,false,false,-1.507126808,3.872438908,5.715392113,-0.119302325,-0.874189258,0.140574276,0.449220389
1122,23.480000,2,false,false,-1.504585266,3.869701385,5.712797165,-0.120533034,-0.875716567,0.140203014,0.446021765
1123,23.500000,2,false,false,-1.499416351,3.864031076,5.705759048,-0.120655552,-0.876979947,0.138753265,0.443955004
1124,23.520000,2,false,false,-1.495648384,3.863024712,5.698406219,-0.116408750,-0.878644347,0.137725726,0.442114174
1125,23.540000,2,false,false,-1.492529869,3.861103058,5.692715645,-0.111207716,-0.880872846,0.136563018,0.439370602
1126,23.560000,2,false,false,-1.486511230,3.857306004,5.689285278,-0.107271373,-0.883168399,0.136825725,0.435643464
1127,23.580000,2,false,false,-1.482062340,3.854538679,5.678990364,-0.104823552,-0.884745061,0.138527498,0.432490945
1128,23.600000,2,false,false,-1.478178024,3.843125105,5.671942711,-0.104361929,-0.886215270,0.139621317,0.429228514
1129,23.620000,2,false,false,-1.474765778,3.838239670,5.665392876,-0.102716841,-0.887008786,0.141702905,0.427299738
1130,23.640000,2,false,false,-1.470218658,3.832479954,5.659424782,-0.099677548,-0.888341784,0.143059671,0.424790919
1131,23.660000,2,false,false,-1.466028214,3.829003096,5.650794983,-0.097072542,-0.889765441,0.145389318,0.421611637
1132,23.680000,2,false,false,-1.459831238,3.821749687,5.640968323,-0.094746530,-0.891388834,0.147783875,0.417862505
1133,23.700000,2,false,false,-1.454668045,3.816828728,5.631089687,-0.091840811,-0.893183947,0.150968865,0.413516879
1134,23.720000,2,false,false,-1.449124336,3.808553696,5.623834610,-0.089479573,-0.894709408,0.153851435,0.409656167
1135,23.740000,2,false,false,-1.442790031,3.802050591,5.613908768,-0.086463593,-0.896094680,0.156511143,0.406254530
1136,23.760000,2,false,false,-1.436820030,3.795350075,5.604184151,-0.082904495,-0.897384644,0.158719212,0.403281331
1137,23.780000,2,false,false,-1.433146477,3.787194252,5.599021912,-0.080306932,-0.898881733,0.160568744,0.399725229
1138,23.800000,2,false,false,-1.427381516,3.779265404,5.591164589,-0.077977784,-0.899593294,0.161840856,0.398069084
1139,23.820000,2,false,false,-1.419164658,3.773834705,5.579607487,-0.074935742,-0.900325537,0.163230851,0.396427035
1140,23.840000,2,false,false,-1.411952496,3.766322613,5.567929268,-0.072159231,-0.901484430,0.164591685,0.393736690
1141,23.860000,2,false,false,-1.403140068,3.758794308,5.559159279,-0.069425963,-0.902984858,0.165999532,0.390182793
1142,23.880000,2,false,false,-1.393298626,3.752037764,5.552028179,-0.067950904,-0.904315889,0.167406902,0.386743397
1143,23.900000,2,false,false,-1.384648323,3.745187044,5.541001797,-0.067127049,-0.905461371,0.168438643,0.383747578
1144,23.920000,2,false,false,-1.377156734,3.740320206,5.528790951,-0.066553861,-0.906343639,0.169555664,0.381264746
1145,23.940000,2,false,false,-1.367173672,3.732758284,5.519296646,-0.067187548,-0.907114208,0.169777930,0.379216552
1146,23.960000,2,false,false,-1.358811378,3.727742195,5.507845879,-0.066774428,-0.908139110,0.170614347,0.376450986
1147,23.980000,2,false,false,-1.346911430,3.719431162,5.498924255,-0.067248330,-0.909177244,0.170180619,0.374049574
1148,24.000000,2,false,true,-1.354024410,3.712025404,5.480753422,-0.067847177,-0.910642207,0.172173113,0.369437456
1149,24.020000,2,false,false,-1.344985962,3.707405090,5.471868038,-0.068026714,-0.911840975,0.172096759,0.366471171
1150,24.040000,2,false,false,-1.334066391,3.700558662,5.461267948,-0.067696191,-0.912774146,0.171783432,0.364350319
1151,24.060000,2,false,false,-1.323261261,3.693017483,5.454938889,-0.067897446,-0.914014161,0.171573579,0.361290276
1152,24.080000,2,false,false,-1.312624931,3.686653137,5.447217464,-0.068769544,-0.915359616,0.171206251,0.357877165
1153,24.100000,2,false,false,-1.302542686,3.683814049,5.438064575,-0.070372932,-0.916400671,0.170973346,0.355001003
1154,24.120000,2,false,false,-1.293977737,3.678593159,5.429653645,-0.072996661,-0.917048335,0.169917211,0.353301495
1155,24.140000,2,false,false,-1.284313202,3.673375130,5.422762394,-0.075164221,-0.917117834,0.168628424,0.353284270
1156,24.160000,2,false,false,-1.277990341,3.669111729,5.414860725,-0.077160738,-0.917194784,0.167376488,0.353249520
1157,24.180000,2,false,false,-1.269754410,3.665514469,5.412730217,-0.079352669,-0.917554498,0.165970743,0.352492094
1158,24.200000,2,false,false,-1.264540672,3.664160252,5.404186249,-0.080982432,-0.917107105,0.164639637,0.353907168
1159,24.220000,2,false,false,-1.255741119,3.660602570,5.397571564,-0.084238693,-0.915690422,0.163468808,0.357341528
1160,24.240000,2,false,false,-1.249407768,3.656536579,5.391260147,-0.088190779,-0.914032757,0.162832931,0.360904396
1161,24.260000,2,false,false,-1.242548466,3.648795843,5.385899067,-0.091918640,-0.911891043,0.161543086,0.365936577
1162,24.280000,2,false,false,-1.236555576,3.645884991,5.379696846,-0.094089888,-0.909149349,0.161306024,0.372256696
1163,24.300000,2,false,false,-1.235589027,3.646228790,5.376344681,-0.095909648,-0.908062220,0.160733402,0.374685466
1164,24.320000,2,false,false,-1.231512070,3.644109726,5.370443821,-0.099525407,-0.906286001,0.160189420,0.378259003
1165,24.340000,2,false,false,-1.226903915,3.642202377,5.364446640,-0.103830524,-0.903676927,0.160187379,0.383311003
1166,24.360000,2,false,false,-1.222079754,3.639878750,5.360348701,-0.105899766,-0.901944816,0.159661353,0.387026042
1167,24.380000,2,false,false,-1.212809563,3.636180878,5.353562355,-0.107878327,-0.899954438,0.159475625,0.391167283
1168,24.400000,2,false,false,-1.208064079,3.633474112,5.349002838,-0.110912114,-0.897454321,0.159417152,0.396056056
1169,24.420000,2,false,false,-1.214790821,3.630186796,5.351634026,-0.112818852,-0.895644903,0.158385366,0.400007784
1170,24.440000,2,false,false,-1.210709572,3.628089905,5.345455647,-0.113187529,-0.893813491,0.158586562,0.403901398
1171,24.460000,2,false,false,-1.209050179,3.627307177,5.341582298,-0.114718407,-0.892961621,0.159100547,0.405149788
1172,24.480000,2,false,false,-1.206703663,3.624402523,5.336717606,-0.117163450,-0.892224610,0.159668535,0.405849636
1173,24.500000,2,false,false,-1.195841789,3.618280888,5.331129551,-0.118509077,-0.891116440,0.159648910,0.407896191
1174,24.520000,2,false,false,-1.192301750,3.615140915,5.326704025,-0.119434580,-0.890703261,0.159579411,0.408555478
1175,24.540000,2,false,false,-1.187561035,3.613616467,5.317979813,-0.120742902,-0.889859676,0.159510970,0.410033315
1176,24.560000,2,false,false,-1.185305595,3.611136913,5.311887741,-0.121578969,-0.889783442,0.158878699,0.410197049
1177,24.580000,2,false,false,-1.181459427,3.607183456,5.308094978,-0.124151021,-0.889235318,0.158079460,0.410923272
1178,24.600000,2,false,false,-1.181696892,3.605113029,5.300780296,-0.128305629,-0.887656093,0.157687351,0.413205832
1179,24.620000,2,false,false,-1.179848671,3.602460384,5.296298027,-0.131052151,-0.886274934,0.156374976,0.415799230
1180,24.640000,2,false,false,-1.176710606,3.598567963,5.288779259,-0.133173391,-0.884989023,0.154575661,0.418528050
1181,24.660000,2,false,false,-1.176438808,3.601250410,5.278020859,-0.134807885,-0.884514689,0.154308796,0.419105738
1182,24.680000,2,false,false,-1.173957348,3.597204208,5.271042824,-0.138755217,-0.883965135,0.153634548,0.419224530
1183,24.700000,2,false,false,-1.173815727,3.594161749,5.263981819,-0.143656164,-0.883115470,0.153638870,0.419362724
1184,24.720000,2,false,false,-1.171388626,3.590823650,5.255895138,-0.149188206,-0.881457150,0.154159829,0.420726717
1185,24.740000,2,false,false,-1.168365955,3.585240126,5.249216080,-0.153867632,-0.879791617,0.154330030,0.422461540
1186,24.760000,2,false,false,-1.166265488,3.580256701,5.241286278,-0.159006327,-0.877924263,0.155377105,0.424056619
1187,24.780000,2,false,false,-1.164022923,3.577052593,5.232359886,-0.163080275,-0.875941336,0.156984985,0.426013350
1188,24.800000,2,false,false,-1.160772800,3.573300362,5.224723816,-0.166057125,-0.874063373,0.159111992,0.427927196
1189,24.820000,2,false,false,-1.158882141,3.567898035,5.217273712,-0.167754397,-0.872385979,0.160906523,0.430011988
1190,24.840000,2,false,false,-1.156974792,3.563783646,5.206859112,-0.168756485,-0.871002197,0.162690565,0.431750298
1191,24.860000,2,false,false,-1.155143261,3.558620930,5.195988178,-0.170476809,-0.870001197,0.164468095,0.432418764
1192,24.880000,2,false,false,-1.152671814,3.552475214,5.187257290,-0.171710774,-0.869616747,0.166832581,0.431797624
1193,24.900000,2,false,false,-1.148549080,3.546391249,5.177294254,-0.172176793,-0.869403899,0.169439882,0.431024611
1194,24.920000,2,false,false,-1.149614334,3.541845560,5.166631699,-0.172454581,-0.869275093,0.171996072,0.430160135
1195,24.940000,2,false,false,-1.146437168,3.534408092,5.155458927,-0.171699181,-0.869171381,0.172956482,0.430286676
1196,24.960000,2,false,false,-1.143798351,3.528204441,5.143674374,-0.172071606,-0.869432688,0.174192503,0.429109693
1197,24.980000,2,false,true,-1.145312309,3.526048899,5.151690483,-0.173740879,-0.869549811,0.174646348,0.428014010
1198,25.000000,2,false,false,-1.142018795,3.517602921,5.140944958,-0.176299691,-0.870391548,0.176013365,0.424683899
1199,25.020000,2,false,false,-1.139358521,3.508108139,5.130901337,-0.178469181,-0.871207595,0.176624343,0.421841234
1200,25.040000,2,false,false,-1.138168335,3.501490355,5.119864464,-0.179499000,-0.871387303,0.177610740,0.420617163
1201,25.060000,2,false,false,-1.136912346,3.496127605,5.107548237,-0.179739878,-0.871119320,0.178576797,0.420660257
1202,25.080000,2,false,false,-1.135436058,3.488407135,5.096577168,-0.178701088,-0.870497286,0.178570434,0.422389686
1203,25.100000,2,false,false,-1.134565353,3.480574608,5.086941719,-0.176365584,-0.869921148,0.177725956,0.424906880
1204,25.120000,2,false,false,-1.133405209,3.473969221,5.076023102,-0.174102142,-0.869607329,0.176843613,0.426846445
1205,25.140000,2,false,false,-1.131891727,3.467236042,5.066440582,-0.172727749,-0.870334744,0.175742030,0.426377147
1206,25.160000,2,false,false,-1.129708290,3.460128069,5.055814743,-0.172079697,-0.870978892,0.175419077,0.425455719
1207,25.180000,2,false,false,-1.130136967,3.453433037,5.047836304,-0.173121125,-0.871384263,0.174527138,0.424569070
1208,25.200000,2,false,false,-1.128784180,3.446001053,5.038386345,-0.173873395,-0.871102691,0.172252536,0.425766647
1209,25.220000,2,false,false,-1.128101826,3.440892220,5.028854370,-0.171659082,-0.870423675,0.167308614,0.430004328
1210,25.240000,2,false,false,-1.126832485,3.433969975,5.019344807,-0.168533310,-0.868945003,0.160754949,0.436679572
1211,25.260000,2,false,false,-1.126770020,3.429153442,5.010032177,-0.166170388,-0.867212236,0.154865980,0.443110466
1212,25.280000,2,false,false,-1.131337166,3.427922726,5.006102562,-0.167522922,-0.866194904,0.151785523,0.445649832
1213,25.300000,2,false,false,-1.129464149,3.421035290,4.997582436,-0.169563189,-0.863433599,0.149412394,0.451006502
1214,25.320000,2,false,false,-1.131863594,3.415854931,4.989628792,-0.171090797,-0.861100972,0.148335710,0.455224842
1215,25.340000,2,false,false,-1.132226944,3.411553621,4.979688168,-0.171555385,-0.860302329,0.147405490,0.456859142
1216,25.360000,2,false,false,-1.128676414,3.404211044,4.970869064,-0.173930392,-0.860197425,0.145027339,0.456919819
1217,25.380000,2,false,false,-1.126893044,3.396824598,4.963503361,-0.177818134,-0.859963059,0.143959329,0.456201732
1218,25.400000,2,false,false,-1.126154900,3.392229319,4.954410553,-0.178905651,-0.859096527,0.143449143,0.457567841
1219,25.420000,2,false,false,-1.125714779,3.385999203,4.945264816,-0.178874940,-0.858132064,0.143366590,0.459411800
1220,25.440000,2,false,false,-1.125418186,3.380211830,4.936035156,-0.179251045,-0.857161343,0.143676102,0.460977912
1221,25.460000,2,false,false,-1.123126030,3.375443935,4.927317142,-0.179603592,-0.856058300,0.144034758,0.462775022
1222,25.480000,2,false,false,-1.121663094,3.370142460,4.915838242,-0.180408850,-0.854962647,0.144512206,0.464335948
1223,25.500000,2,false,false,-1.119867325,3.363705635,4.906898022,-0.182061061,-0.853743851,0.145211488,0.465713233
1224,25.520000,2,false,false,-1.116226196,3.356241226,4.896436691,-0.183429524,-0.852383256,0.144933641,0.467750698
1225,25.540000,2,false,false,-1.113796234,3.349498749,4.886456490,-0.184055448,-0.850737512,0.144834161,0.470523566
1226,25.560000,2,false,false,-1.112462521,3.343255758,4.877406120,-0.184871808,-0.848935783,0.144189909,0.473645240
1227,25.580000,2,false,false,-1.110558987,3.337481976,4.865978241,-0.186454639,-0.846423507,0.143712416,0.477649152
1228,25.600000,2,false,false,-1.108772278,3.330734730,4.858057022,-0.189913079,-0.843252540,0.143136933,0.482047796
1229,25.620000,2,false,true,-1.113452911,3.338506937,4.867767334,-0.191846073,-0.840905547,0.143141389,0.485369533
1230,25.640000,2,false,false,-1.113297462,3.333076239,4.859364510,-0.195364267,-0.838540316,0.142147273,0.488341302
1231,25.660000,2,false,false,-1.110608101,3.327921391,4.849534988,-0.198474497,-0.836031020,0.141335919,0.491613984
1232,25.680000,2,false,false,-1.111006260,3.320745230,4.839883327,-0.201608017,-0.833689451,0.139626771,0.494793355
1233,25.700000,2,false,false,-1.108798981,3.314491749,4.829609871,-0.204125702,-0.831344068,0.138755769,0.497942388
1234,25.720000,2,false,false,-1.107619762,3.308418036,4.820686340,-0.206458002,-0.829330683,0.137866378,0.500578344
1235,25.740000,2,false,false,-1.104264736,3.300441742,4.811023712,-0.206738397,-0.828651249,0.137165129,0.501778901
1236,25.760000,2,false,false,-1.101243973,3.293193579,4.801798820,-0.206236184,-0.828685641,0.137414500,0.501860619
1237,25.780000,2,false,false,-1.099840641,3.285558701,4.793478012,-0.206077456,-0.828649640,0.138421029,0.501708686
1238,25.800000,2,false,false,-1.096139431,3.277974367,4.784503937,-0.205735743,-0.828163147,0.139595076,0.502326548
1239,25.820000,2,false,false,-1.094695568,3.270326376,4.777086258,-0.206343412,-0.827424407,0.140723079,0.502979517
1240,25.840000,2,false,false,-1.088931084,3.260240078,4.769131184,-0.207893565,-0.826998830,0.140621990,0.503069401
1241,25.860000,2,false,false,-1.086727142,3.253116608,4.760736465,-0.209200397,-0.826640546,0.140860856,0.503049493
1242,25.880000,2,false,false,-1.084089279,3.245317698,4.750474930,-0.209164262,-0.826896131,0.140713587,0.502685666
1243,25.900000,2,false,false,-1.083340645,3.239539862,4.743309975,-0.209507138,-0.828350127,0.140552595,0.500187874
1244,25.920000,2,false,false,-1.081412315,3.231054783,4.734721184,-0.210728213,-0.831502974,0.139835119,0.494613647
1245,25.940000,2,false,true,-1.071602821,3.227357388,4.721212387,-0.209947824,-0.834447622,0.139417946,0.490083426
1246,25.960000,2,false,false,-1.068816662,3.219518423,4.711807251,-0.209716305,-0.837037981,0.138267323,0.486074805
1247,25.980000,2,false,false,-1.067537308,3.213140011,4.700370789,-0.206372470,-0.838863969,0.138621420,0.484253883
1248,26.000000,2,false,false,-1.065335751,3.206126213,4.689830780,-0.203258410,-0.840842187,0.139004901,0.482025087
1249,26.020000,2,false,false,-1.066077232,3.198772430,4.680351257,-0.201753840,-0.842924297,0.139217436,0.478949547
1250,26.040000,2,false,false,-1.069617271,3.193552732,4.673582077,-0.200402379,-0.845882356,0.139727935,0.474128753
1251,26.060000,2,false,false,-1.069937229,3.187323332,4.660706520,-0.198200911,-0.847419858,0.140042245,0.472212046
1252,26.080000,2,false,false,-1.069748402,3.179505825,4.649215698,-0.196997494,-0.848742247,0.140250355,0.470274925
1253,26.100000,2,false,false,-1.069274902,3.173539639,4.636648655,-0.195365772,-0.850057125,0.140477359,0.468509614
1254,26.120000,2,false,false,-1.069446564,3.167508364,4.625805378,-0.193629205,-0.851747513,0.140551567,0.466132283
1255,26.140000,2,false,false,-1.069817543,3.162755013,4.616414070,-0.192505300,-0.853931069,0.140496612,0.462605864
1256,26.160000,2,false,false,-1.069007397,3.153957844,4.601079464,-0.192177027,-0.855149508,0.140297338,0.460547477
1257,26.180000,2,false,false,-1.070482731,3.148000240,4.588036537,-0.191417351,-0.856927991,0.140200436,0.457578152
1258,26.200000,2,false,false,-1.069281101,3.139484644,4.574520588,-0.190634370,-0.858656645,0.139404088,0.454899788
1259,26.220000,2,false,false,-1.073194504,3.135357380,4.562638283,-0.190380618,-0.860418260,0.139388025,0.451671004
1260,26.240000,2,false,false,-1.072845936,3.129062176,4.545000553,-0.190133363,-0.861473739,0.139806092,0.449629366
1261,26.260000,2,false,false,-1.074341297,3.120730639,4.535509109,-0.190587297,-0.862477183,0.140320167,0.447347581
1262,26.280000,2,false,false,-1.078145981,3.115321636,4.521262169,-0.191536576,-0.863093793,0.141811579,0.445277900
1263,26.300000,2,false,false,-1.084286213,3.104464054,4.511320591,-0.191139385,-0.863709569,0.142708778,0.443966091
1264,26.320000,2,false,false,-1.090167046,3.099378347,4.498404503,-0.189880863,-0.863772333,0.145317778,0.443537444
1265,26.340000,2,false,false,-1.091341019,3.089734316,4.482858658,-0.188085884,-0.863535881,0.148084670,0.443847299
1266,26.360000,2,false,false,-1.094447613,3.079028130,4.472250938,-0.186864689,-0.863324165,0.151335910,0.443678409
1267,26.380000,2,false,false,-1.099011421,3.073997021,4.456911087,-0.185108453,-0.863310695,0.155470431,0.443010777
1268,26.400000,2,false,false,-1.107626438,3.059254169,4.450553417,-0.185632706,-0.864035487,0.157402813,0.440690100
1269,26.420000,2,false,false,-1.110893250,3.050932646,4.437079430,-0.185257360,-0.864286482,0.159935191,0.439442039
1270,26.440000,2,false,false,-1.114469051,3.042084217,4.424271584,-0.185835257,-0.864321232,0.161590874,0.438523054
1271,26.460000,2,false,false,-1.119009972,3.034213543,4.412349701,-0.186998010,-0.864429235,0.162615001,0.437435955
1272,26.480000,2,false,false,-1.122791767,3.026340485,4.400400639,-0.188180834,-0.864907205,0.163863167,0.435514003
1273,26.500000,2,false,false,-1.124343395,3.020710945,4.382831097,-0.187627301,-0.865545273,0.166003957,0.433670521
1274,26.520000,2,false,false,-1.126743317,3.012664318,4.369242191,-0.189009458,-0.866661370,0.167118102,0.430401206
1275,26.540000,2,false,false,-1.129758358,3.005661726,4.355865002,-0.189773411,-0.867667556,0.168478251,0.427497596
1276,26.560000,2,false,false,-1.130095482,2.995039225,4.345578671,-0.189394057,-0.868768334,0.168617547,0.425370157
1277,26.580000,2,false,false,-1.131822109,2.983977556,4.328901768,-0.188211486,-0.869938374,0.169354334,0.423205495
1278,26.600000,2,false,false,-1.130859375,2.973589659,4.320874691,-0.188307077,-0.871403396,0.169842064,0.419940799
1279,26.620000,2,false,false,-1.132813931,2.963212252,4.307060719,-0.187261000,-0.872739315,0.170598894,0.417319447
1280,26.640000,2,false,false,-1.133761883,2.957365990,4.294588089,-0.186409965,-0.873619437,0.171846762,0.415342242
1281,26.660000,2,false,false,-1.135742188,2.948441744,4.284255981,-0.185466215,-0.874319971,0.172728986,0.413922280
1282,26.680000,2,false,false,-1.135707855,2.939045429,4.272283554,-0.184094578,-0.874804437,0.173836455,0.413046449
1283,26.700000,2,false,false,-1.138090611,2.927687645,4.260290146,-0.181893468,-0.875894904,0.174670249,0.411355317
1284,26.720000,2,false,false,-1.138924599,2.917635918,4.247694016,-0.180638105,-0.877390146,0.177111343,0.407661706
1285,26.740000,2,false,false,-1.134431362,2.910403490,4.234137535,-0.178811371,-0.878929138,0.180904046,0.403464854
1286,26.760000,2,false,false,-1.135093212,2.901407242,4.226022243,-0.176208764,-0.880661368,0.183629140,0.399582744
1287,26.780000,2,false,false,-1.133711338,2.893554211,4.215818405,-0.171544820,-0.882286429,0.185836002,0.396998793
1288,26.800000,2,false,false,-1.131828785,2.885612011,4.198989391,-0.167403758,-0.883343697,0.185901195,0.396384478
1289,26.820000,2,false,false,-1.138172626,2.872595787,4.193323135,-0.166372418,-0.884398699,0.185668856,0.394571006
1290,26.840000,2,false,false,-1.138105392,2.863279343,4.182430744,-0.164888576,-0.885094404,0.185168773,0.393868297
1291,26.860000,2,false,false,-1.137922764,2.856238365,4.170483112,-0.163517267,-0.885895610,0.184558123,0.392924160
1292,26.880000,2,false,false,-1.138514519,2.848735809,4.160717010,-0.162213400,-0.886414766,0.183928460,0.392588854
1293,26.900000,2,false,false,-1.138556957,2.840354681,4.148682594,-0.160955518,-0.886470854,0.183858097,0.393012702
1294,26.920000,2,false,false,-1.136150837,2.836214066,4.136095047,-0.159652218,-0.885808945,0.184790701,0.394596159
1295,26.940000,2,false,false,-1.136492729,2.825833797,4.126039505,-0.160823405,-0.884753048,0.184809163,0.396476299
1296,26.960000,2,false,false,-1.135868549,2.820016861,4.114122391,-0.160733938,-0.883781016,0.185250312,0.398469716
1297,26.980000,2,false,false,-1.132028580,2.812025070,4.098535538,-0.159945920,-0.882986903,0.185925931,0.400228709
1298,27.000000,2,false,false,-1.130386353,2.803394556,4.089371681,-0.159952417,-0.882498503,0.186585963,0.400995612
1299,27.020000,2,false,false,-1.126931667,2.795534134,4.076000690,-0.161308318,-0.881374121,0.188001469,0.402262151
1300,27.040000,2,false,false,-1.122004032,2.784486771,4.065375805,-0.163701043,-0.879271388,0.190435588,0.404744476
1301,27.060000,2,false,false,-1.122738361,2.776737690,4.055167675,-0.166133687,-0.876169503,0.193911180,0.408809364
1302,27.080000,2,false,false,-1.120588779,2.769025564,4.044087410,-0.166778997,-0.871779501,0.197256327,0.416263431
1303,27.100000,2,false,false,-1.121345043,2.761956215,4.030889511,-0.167356089,-0.867912054,0.199603543,0.422940880
1304,27.120000,2,false,false,-1.119806767,2.749955177,4.018005848,-0.169907272,-0.864817679,0.202018410,0.427095532
1305,27.140000,2,false,true,-1.117490292,2.770426750,4.050431252,-0.172101587,-0.862934649,0.203766257,0.429190129
1306,27.160000,2,false,false,-1.117839813,2.762033463,4.038548470,-0.176914439,-0.859816313,0.204779714,0.432992458
1307,27.180000,2,false,false,-1.114993572,2.754158258,4.031502724,-0.179707438,-0.856334031,0.205561668,0.438339740
1308,27.200000,2,false,false,-1.114619255,2.745678663,4.020175934,-0.180251971,-0.853359938,0.205870166,0.443738133
1309,27.220000,2,false,false,-1.111680031,2.735819817,4.011336803,-0.180329189,-0.851409197,0.206169754,0.447300524
1310,27.240000,2,false,false,-1.109086037,2.725773811,3.997604370,-0.180870131,-0.850440264,0.206375286,0.448828131
1311,27.260000,2,false,false,-1.106844425,2.716584921,3.988762379,-0.180662349,-0.850323200,0.206785992,0.448944539
1312,27.280000,2,false,false,-1.103021622,2.706036806,3.977466583,-0.180770084,-0.849950373,0.207320482,0.449360341
1313,27.300000,2,false,false,-1.100499630,2.697312355,3.966568232,-0.180545613,-0.849418044,0.208190769,0.450054348
1314,27.320000,2,false,false,-1.098163605,2.687725067,3.960162640,-0.181395605,-0.848451853,0.208215624,0.451521248
1315,27.340000,2,false,false,-1.096410751,2.680841684,3.949979782,-0.182748914,-0.847273767,0.208573759,0.453019828
1316,27.360000,2,false,false,-1.093831539,2.671966553,3.939692020,-0.184582338,-0.846468449,0.208645523,0.453748494
1317,27.380000,2,false,false,-1.091083050,2.663773298,3.922982454,-0.186430782,-0.845089614,0.209303111,0.455257505
1318,27.400000,2,false,false,-1.089189053,2.657503843,3.911200523,-0.187262177,-0.844438791,0.209345996,0.456103414
1319,27.420000,2,false,false,-1.087975979,2.648525238,3.901887417,-0.188918680,-0.843872011,0.208248660,0.456970870
1320,27.440000,2,false,false,-1.085977554,2.641368389,3.890620470,-0.191223100,-0.842713892,0.206944183,0.458738655
1321,27.460000,2,false,false,-1.084702015,2.634815216,3.882480621,-0.193348959,-0.841854930,0.206030563,0.459834754
1322,27.480000,2,false,false,-1.082991123,2.629116535,3.870916843,-0.194614440,-0.841836452,0.205510840,0.459567249
1323,27.500000,2,false,false,-1.081453800,2.622683048,3.859889269,-0.196456298,-0.842003822,0.205338225,0.458552867
1324,27.520000,2,false,false,-1.080597878,2.616337776,3.847259760,-0.198437825,-0.842185080,0.204919666,0.457552940
1325,27.540000,2,false,false,-1.080594540,2.609362364,3.834782600,-0.200814813,-0.842399895,0.204269841,0.456409514
1326,27.560000,2,false,false,-1.077893734,2.603010654,3.819429398,-0.203160897,-0.842154562,0.204473525,0.455732346
1327,27.580000,2,false,false,-1.079560280,2.597043991,3.804357529,-0.205394447,-0.842146516,0.204999685,0.454508126
1328,27.600000,2,false,false,-1.079847336,2.590758324,3.790439129,-0.207538664,-0.842317641,0.205520421,0.452979267
1329,27.620000,2,false,false,-1.078914642,2.585299969,3.779839039,-0.208703399,-0.842903137,0.206244379,0.451021701
1330,27.640000,2,false,false,-1.078500271,2.577600956,3.768228531,-0.210544303,-0.843100548,0.206662059,0.449603558
1331,27.660000,2,false,false,-1.078146458,2.570864677,3.757937431,-0.211881429,-0.843164742,0.207399353,0.448514313
1332,27.680000,2,false,false,-1.080001831,2.562696934,3.743297338,-0.213578224,-0.842844546,0.208291292,0.447897464
1333,27.700000,2,false,false,-1.081953526,2.555543184,3.732079506,-0.214911669,-0.842413425,0.209773034,0.447379023
1334,27.720000,2,false,false,-1.083819866,2.548529625,3.717656851,-0.215790689,-0.841472268,0.212031692,0.447662085
1335,27.740000,2,false,false,-1.086999893,2.540347576,3.702987194,-0.216168344,-0.840575516,0.214314476,0.448077381
1336,27.760000,2,false,false,-1.087570190,2.533380032,3.690556526,-0.216588095,-0.839531541,0.217214376,0.448435485
1337,27.780000,2,false,false,-1.091367245,2.522143841,3.681129932,-0.217347190,-0.838952124,0.219030291,0.448269308
1338,27.800000,2,false,false,-1.093351841,2.513981581,3.667482376,-0.217485756,-0.837529361,0.222371876,0.449216455
1339,27.820000,2,false,false,-1.094610214,2.504436016,3.656473637,-0.217291266,-0.836094320,0.226231307,0.450055927
1340,27.840000,2,false,false,-1.097230434,2.496383429,3.640981436,-0.216545150,-0.834819257,0.231040165,0.450339347
1341,27.860000,2,false,false,-1.098761082,2.489087343,3.627172947,-0.217112824,-0.833757877,0.235007718,0.449979067
1342,27.880000,2,false,false,-1.100301743,2.482036114,3.610936642,-0.218333676,-0.831982136,0.238025323,0.451087654
1343,27.900000,2,false,false,-1.102900028,2.471956491,3.599356174,-0.219654039,-0.830242395,0.240153581,0.452521831
1344,27.920000,2,false,false,-1.105491161,2.465977907,3.582957983,-0.219953641,-0.828798413,0.242267355,0.453894436
1345,27.940000,2,false,false,-1.105232239,2.457693100,3.561830521,0.221301019,0.827741027,-0.243938953,-0.454273552
1346,27.960000,2,false,false,-1.107158661,2.448138475,3.548590660,0.224400312,0.827939510,-0.244062871,-0.452320814
1347,27.980000,2,false,false,-1.107465267,2.438895226,3.535277128,0.227921620,0.828446805,-0.244477093,-0.449398130
1348,28.000000,2,false,false,-1.109533310,2.428522825,3.518396854,0.229460940,0.829960465,-0.244406357,-0.445846170
1349,28.020000,2,false,false,-1.111130238,2.418265104,3.507183313,0.230172455,0.831514120,-0.243463114,-0.443092167
1350,28.040000,2,false,false,-1.115591049,2.408593655,3.490691185,-0.230228558,-0.832584083,0.242614359,0.441516459
1351,28.060000,2,false,false,-1.119187832,2.399148941,3.475421906,-0.230931893,-0.833859861,0.241981402,0.439082205
1352,28.080000,2,false,false,-1.113823414,2.387742996,3.467862606,0.230892077,0.834194005,-0.242355630,-0.438261449
1353,28.100000,2,false,false,-1.114827633,2.377193689,3.456528902,0.229998842,0.834907591,-0.242924064,-0.437055916
1354,28.120000,2,false,false,-1.115993977,2.366312504,3.444981337,0.228634179,0.835769117,-0.243758395,-0.435658574
1355,28.140000,2,false,false,-1.117868900,2.353974819,3.432934999,0.226516098,0.836709797,-0.245471641,-0.433994174
1356,28.160000,2,false,false,-1.116054058,2.342797756,3.422168493,0.222966790,0.837491453,-0.247726649,-0.433042169
1357,28.180000,2,false,false,-1.121832848,2.330639362,3.411645174,-0.218757853,-0.838245749,0.249069393,0.432959229
1358,28.200000,2,false,false,-1.124707222,2.319560051,3.400323868,-0.214715123,-0.838033378,0.248906881,0.435480118
1359,28.220000,2,false,false,-1.127339363,2.311272144,3.388737202,-0.209818944,-0.836497128,0.248542160,0.440993816
1360,28.240000,2,false,false,-1.130839348,2.300553083,3.381920576,0.208367556,0.834727883,-0.248858124,-0.444839358
1361,28.260000,2,false,false,-1.133630753,2.292107821,3.370936871,0.206632450,0.832169414,-0.250761300,-0.449350625
1362,28.280000,2,false,false,-1.137349129,2.285129070,3.358993053,0.207516611,0.829398274,-0.252610594,-0.453015774
1363,28.300000,2,false,false,-1.138791084,2.276901484,3.348407745,0.209554836,0.825419068,-0.253341883,-0.458898753
1364,28.320000,2,false,false,-1.140915871,2.271105528,3.337042809,0.209615737,0.820553899,-0.253747582,-0.467295200
1365,28.340000,2,false,false,-1.163837433,2.276317596,3.351186514,0.206872553,0.817594171,-0.254394174,-0.473315120
1366,28.360000,2,false,false,-1.164801121,2.269314289,3.339564800,0.206746638,0.812362850,-0.254729599,-0.482115567
1367,28.380000,2,false,false,-1.167336464,2.261481285,3.325747490,0.208381340,0.806894422,-0.255926728,-0.489898056
1368,28.400000,2,false,false,-1.167478085,2.253227949,3.312684298,0.210797608,0.802560389,-0.257102281,-0.495337993
1369,28.420000,2,false,false,-1.167398453,2.245056152,3.300619602,0.214306027,0.799124300,-0.257990956,-0.498912871
1370,28.440000,2,false,false,-1.165450096,2.240482330,3.277727604,0.214871958,0.795669377,-0.259032637,-0.503629327
1371,28.460000,2,false,false,-1.162922859,2.231729507,3.266336679,0.220519453,0.793327212,-0.259378105,-0.504704058
1372,28.480000,2,false,false,-1.161324501,2.222422838,3.253135681,0.225245580,0.790371895,-0.258913189,-0.507484674
1373,28.500000,2,false,false,-1.161265373,2.214717388,3.238322496,0.227779180,0.787470520,-0.258253425,-0.511186898
1374,28.520000,2,false,false,-1.160014153,2.205937147,3.222456455,0.229327217,0.785189033,-0.258230746,-0.514007986
1375,28.540000,2,false,false,-1.154406071,2.194609642,3.208630562,0.233597577,0.783718824,-0.257982016,-0.514453471
1376,28.560000,2,false,false,-1.151409626,2.186164379,3.194118500,0.235456854,0.782714188,-0.256767899,-0.515741169
1377,28.580000,2,false,false,-1.152858257,2.177631140,3.178555012,0.237452760,0.781254351,-0.254888594,-0.517966807
1378,28.600000,2,false,false,-1.150882721,2.166683435,3.165312052,0.239420682,0.778965473,-0.252114505,-0.521851420
1379,28.620000,2,false,false,-1.152097702,2.158269167,3.151301146,0.239639819,0.776850522,-0.249834582,-0.525983691
1380,28.640000,2,false,false,-1.153337479,2.148674726,3.138447523,0.240834102,0.774884701,-0.247722805,-0.529326141
1381,28.660000,2,false,false,-1.153081417,2.139759779,3.124641418,0.238872930,0.771784723,-0.245898247,-0.535557926
1382,28.680000,2,false,false,-1.152175426,2.130789995,3.112174988,0.237577587,0.769204795,-0.244250536,-0.540576220
1383,28.700000,2,false,false,-1.152800083,2.121279240,3.098232031,0.239229888,0.767359912,-0.242463753,-0.543267190
1384,28.720000,2,false,false,-1.153305054,2.113866329,3.088338137,0.242603138,0.766797900,-0.240223333,-0.543560088
1385,28.740000,2,false,false,-1.157574654,2.103667736,3.078504324,-0.244790316,-0.766311407,0.238113180,0.544193566
1386,28.760000,2,false,true,-1.145691633,2.130764484,3.076569796,0.245220244,0.762389243,-0.238376319,-0.549369216
1387,28.780000,2,false,false,-1.146913052,2.124024391,3.066141605,0.247539178,0.759771943,-0.236147195,-0.552906454
1388,28.800000,2,false,false,-1.153055906,2.118813515,3.056426764,0.250637591,0.757246554,-0.233746558,-0.555986524
1389,28.820000,2,false,false,-1.155032158,2.111989975,3.046874046,0.254164040,0.754171193,-0.230868325,-0.559755683
1390,28.840000,2,false,false,-1.157758474,2.106177330,3.037490845,0.257532924,0.750788808,-0.228485495,-0.563726425
1391,28.860000,2,false,false,-1.158674002,2.100944281,3.030420303,0.260574758,0.747629225,-0.226110354,-0.567472994
1392,28.880000,2,false,false,-1.159896612,2.093242884,3.021857738,0.263365924,0.743515611,-0.224120274,-0.572357535
1393,28.900000,2,false,false,-1.165605545,2.088396072,3.010899544,0.265626550,0.739513516,-0.222377628,-0.577157378
1394,28.920000,2,false,false,-1.172721386,2.084323883,3.003144503,0.267634332,0.735123515,-0.221238151,-0.582253397
1395,28.940000,2,false,false,-1.176962614,2.080718517,2.993398666,0.269058824,0.730354548,-0.220592737,-0.587816715
1396,28.960000,2,false,false,-1.181320429,2.075854778,2.984517574,0.271341890,0.726469278,-0.219239399,-0.592072725
1397,28.980000,2,false,false,-1.188265085,2.072716713,2.975522518,0.272894949,0.723977745,-0.218909130,-0.594527841
1398,29.000000,2,false,false,-1.193728447,2.068289280,2.965969801,0.274762243,0.720865071,-0.218075246,-0.597747922
1399,29.020000,2,false,false,-1.197392464,2.063651562,2.954462051,0.275058627,0.717661679,-0.217673808,-0.601600051
1400,29.040000,2,false,false,-1.206431389,2.060372591,2.945309639,0.274998486,0.714963794,-0.217081368,-0.605044067
1401,29.060000,2,false,false,-1.213132381,2.058320761,2.934873104,-0.274502188,-0.711987615,0.217179298,0.608732581
1402,29.080000,2,false,false,-1.218054295,2.054228306,2.928188801,0.276064783,0.708585918,-0.216650501,-0.612173975
1403,29.100000,2,false,false,-1.225561142,2.050043106,2.919278145,0.276132196,0.704812229,-0.216278106,-0.616615474
1404,29.120000,2,false,false,-1.234720230,2.047231674,2.909393549,0.275773346,0.699891210,-0.216744006,-0.622192383
1405,29.140000,2,false,false,-1.243253708,2.042830706,2.899219990,0.275337875,0.694895387,-0.217329487,-0.627755940
1406,29.160000,2,false,false,-1.253996611,2.040314198,2.891589403,0.276215017,0.690189362,-0.218479693,-0.632147610
1407,29.180000,2,false,true,-1.255437374,2.046428919,2.899883270,-0.275199801,-0.686148286,0.219028533,0.636782646
1408,29.200000,2,false,false,-1.266318083,2.043704748,2.892259836,-0.275695473,-0.681406677,0.220657051,0.641083121
1409,29.220000,2,false,false,-1.275139093,2.037096024,2.882543087,-0.276938409,-0.677424133,0.221663445,0.644412160
1410,29.240000,2,false,false,-1.283119440,2.031058311,2.873063087,-0.279931664,-0.673608959,0.220758706,0.647421777
1411,29.260000,2,false,false,-1.294360638,2.029318571,2.864537716,-0.281837046,-0.669003487,0.220078424,0.651588619
1412,29.280000,2,false,false,-1.302941322,2.023747921,2.854683876,-0.281513959,-0.663134813,0.221562684,0.657200217
1413,29.300000,2,false,false,-1.306807995,2.016101360,2.844561100,-0.281813294,-0.659049094,0.223790139,0.660419285
1414,29.320000,2,false,false,-1.315462828,2.012412071,2.838993788,-0.280846268,-0.656798422,0.226587504,0.662117362
1415,29.340000,2,false,false,-1.323156595,2.005482197,2.830902338,-0.280218542,-0.654065013,0.227789387,0.664671719
1416,29.360000,2,false,false,-1.330271721,1.998480916,2.823625326,-0.278747141,-0.651138008,0.228026897,0.668074191
1417,29.380000,2,false,false,-1.339305878,1.995828271,2.818387270,-0.277856916,-0.648439288,0.228183478,0.671009958
1418,29.400000,2,false,false,-1.343725204,1.988951206,2.808393955,-0.276120365,-0.645225286,0.228293464,0.674776971
1419,29.420000,2,false,false,-1.353976011,1.985270619,2.803940296,-0.275022000,-0.642051637,0.228752002,0.678089321
1420,29.440000,2,false,false,-1.358586788,1.977919817,2.800098181,-0.274198264,-0.637835741,0.229307786,0.682201505
1421,29.460000,2,false,false,-1.366994858,1.968381763,2.799442530,-0.274046302,-0.633143365,0.229350179,0.686605215
1422,29.480000,2,false,false,-1.377315760,1.963507414,2.794476986,-0.273210943,-0.627594471,0.229616448,0.691922903
1423,29.500000,2,false,false,-1.384815216,1.958727479,2.792089939,-0.273373783,-0.621893287,0.229269579,0.697101891
1424,29.520000,2,false,false,-1.391738892,1.953691483,2.788963318,-0.273532897,-0.615548372,0.228676900,0.702841997
1425,29.540000,2,false,false,-1.401100397,1.952069044,2.788264990,-0.273265481,-0.609101415,0.228670254,0.708541751
1426,29.560000,2,false,true,-1.397247553,1.970035315,2.793069124,-0.271168947,-0.604253769,0.230067343,0.713031530
1427,29.580000,2,false,false,-1.406000495,1.968857169,2.791556358,-0.271135688,-0.597920477,0.228790522,0.718770802
1428,29.600000,2,false,false,-1.412787557,1.965934992,2.787420273,-0.270791978,-0.591667533,0.226903886,0.724648893
1429,29.620000,2,false,false,-1.420247436,1.964948416,2.786469698,-0.270968944,-0.585895836,0.224863410,0.729889333
1430,29.640000,2,false,false,-1.426537871,1.965074778,2.782123804,-0.270784557,-0.579680800,0.222731471,0.735551953
1431,29.660000,2,false,false,-1.434116840,1.964883685,2.781762600,-0.271467656,-0.573459148,0.220109120,0.740946651
1432,29.680000,2,false,false,-1.440367937,1.962132335,2.770470858,-0.271217406,-0.565857887,0.218080074,0.747453809
1433,29.700000,2,false,false,-1.447707772,1.958680630,2.766657352,-0.271777958,-0.559253454,0.215345368,0.752993226
1434,29.720000,2,false,false,-1.455615520,1.960100174,2.766417503,-0.272657037,-0.553222179,0.212852687,0.757824004
1435,29.740000,2,false,false,-1.464237690,1.957778931,2.764194250,-0.273977876,-0.546114683,0.209745735,0.763348937
1436,29.760000,2,false,false,-1.471777439,1.956328511,2.760921001,-0.275194138,-0.538213611,0.206705719,0.769329011
1437,29.780000,2,false,false,-1.478402376,1.957097530,2.758444548,-0.276451766,-0.530750453,0.204837590,0.774544954
1438,29.800000,2,false,false,-1.483367324,1.955408573,2.743160963,-0.276200444,-0.522088647,0.202730492,0.781048715
1439,29.820000,2,false,false,-1.494423151,1.956965089,2.732178688,-0.276641369,-0.514387608,0.201267555,0.786362767
1440,29.840000,2,false,false,-1.500264049,1.953916788,2.730223417,-0.278784245,-0.506716371,0.198095143,0.791376173
1441,29.860000,2,false,false,-1.505222559,1.948716760,2.730782747,-0.281072229,-0.498691887,0.193898439,0.796685815
1442,29.880000,2,false,false,-1.514807343,1.946036458,2.719256639,-0.282752037,-0.489089400,0.190675735,0.802798688
1443,29.900000,2,false,false,-1.515976071,1.948315978,2.720003843,-0.283648968,-0.482045978,0.187682569,0.807434380
1444,29.920000,2,false,false,-1.525176764,1.940123916,2.722642422,-0.284673870,-0.475591034,0.184207350,0.811690629
1445,29.940000,2,false,false,-1.530779839,1.936575413,2.718650818,-0.283737630,-0.469047636,0.180277795,0.816692889
1446,29.960000,2,false,false,-1.537602425,1.932126045,2.715496778,-0.283713490,-0.461984128,0.177939549,0.821227610
1447,29.980000,2,false,false,-1.548290133,1.926108837,2.713295460,-0.282637447,-0.455694526,0.175587609,0.825607479
1448,30.000000,2,false,false,-1.551217318,1.926994324,2.711018324,-0.279095650,-0.449538559,0.175236374,0.830248773
1449,30.020000,2,false,false,-1.560398340,1.923086047,2.709384203,-0.277113885,-0.442669123,0.174375355,0.834772646
1450,30.040000,2,false,false,-1.562474728,1.910536170,2.713737488,-0.277139962,-0.436160773,0.170791045,0.838920534
1451,30.060000,2,false,false,-1.574280024,1.896552444,2.713749886,-0.277578652,-0.428065628,0.167290956,0.843637168
1452,30.080000,2,false,false,-1.581583619,1.889297366,2.716503143,-0.278287709,-0.421302974,0.164057389,0.847434342
1453,30.100000,2,false,false,-1.587473631,1.888364553,2.719208717,-0.279475182,-0.415177971,0.162105814,0.850436687
1454,30.120000,2,false,false,-1.592587113,1.889786482,2.715991259,-0.279177755,-0.408783346,0.159671068,0.854084969
1455,30.140000,2,false,false,-1.601212263,1.882861972,2.716846228,-0.279483050,-0.402138978,0.155233026,0.857948899
1456,30.160000,2,false,false,-1.608369589,1.901015043,2.702936888,-0.275996625,-0.395380080,0.155361667,0.862185121
1457,30.180000,2,false,false,-1.616379261,1.903495312,2.701007128,-0.275524169,-0.390355915,0.150933638,0.865406096
1458,30.200000,2,false,false,-1.625760555,1.899976254,2.701587439,-0.276866317,-0.385909766,0.146735430,0.867690861
1459,30.220000,2,false,false,-1.633623362,1.902193904,2.697865725,-0.278032780,-0.381570458,0.143051505,0.869849443
1460,30.240000,2,false,false,-1.640381336,1.896939278,2.699729204,-0.279319733,-0.377749413,0.139252320,0.871719360
1461,30.260000,2,false,false,-1.645995975,1.898396492,2.699822903,-0.279512048,-0.374828398,0.135430500,0.873518944
1462,30.280000,2,false,false,-1.658515692,1.897850513,2.697446585,-0.279148281,-0.372157514,0.129521146,0.875670850
1463,30.300000,2,false,false,-1.668129206,1.897579789,2.695820570,-0.278762072,-0.370052069,0.124591611,0.877399683
1464,30.320000,2,false,false,-1.688244224,1.899413228,2.678629875,-0.277508050,-0.365249306,0.121348359,0.880259573
1465,30.340000,2,false,false,-1.696666121,1.897872806,2.679183483,-0.276048213,-0.364382386,0.115376979,0.881879330
1466,30.360000,2,false,false,-1.706474066,1.902808189,2.674683571,-0.273304164,-0.363162518,0.110986046,0.883798599
1467,30.380000,2,false,false,-1.715396762,1.900565267,2.675068855,-0.272515565,-0.362667620,0.106283650,0.884822786
1468,30.400000,2,false,false,-1.728940248,1.906062126,2.667713404,-0.270751119,-0.360943794,0.103040770,0.886451423
1469,30.420000,2,false,false,-1.733652234,1.900990009,2.679281235,-0.270212024,-0.361474663,0.099350587,0.886820793
1470,30.440000,2,false,false,-1.745091915,1.906309247,2.676370144,-0.268893868,-0.360204279,0.098093145,0.887877703
1471,30.460000,2,false,false,-1.754062057,1.907263875,2.675657988,-0.268004268,-0.359723240,0.096700475,0.888494253
1472,30.480000,2,false,false,-1.767465830,1.912695408,2.670870781,-0.266339034,-0.358545244,0.096739635,0.889466345
1473,30.500000,2,false,false,-1.800051212,1.901651502,2.664235592,-0.265577078,-0.356353641,0.092161551,0.891059637
1474,30.520000,2,false,false,-1.810945630,1.902857304,2.663725853,-0.263727605,-0.355780691,0.092182390,0.891835392
1475,30.540000,2,false,false,-1.822766542,1.904495120,2.665092945,-0.262576640,-0.354685694,0.092615262,0.892566025
1476,30.560000,2,false,false,-1.834093451,1.902773976,2.666422129,-0.261380047,-0.354403526,0.092558816,0.893035054
1477,30.580000,2,false,false,-1.846923351,1.903600216,2.668096542,-0.261226892,-0.354411870,0.092973806,0.893033385
1478,30.600000,2,false,false,-1.856619358,1.905519009,2.673266411,-0.263208926,-0.354387939,0.095053427,0.892241657
1479,30.620000,2,false,false,-1.870028734,1.906958580,2.671051979,-0.265146464,-0.353563905,0.095682852,0.891927600
1480,30.640000,2,false,false,-1.882729769,1.906186700,2.674922466,-0.266481787,-0.353059977,0.094802707,0.891823173
1481,30.660000,2,false,false,-1.895906329,1.904976130,2.675217152,-0.266443282,-0.352706909,0.093164518,0.892146945
1482,30.680000,2,false,false,-1.905280948,1.907949686,2.677642345,-0.265665352,-0.353527337,0.092549138,0.892118275
1483,30.700000,2,false,false,-1.920302987,1.906007648,2.678485155,-0.266089529,-0.353940010,0.090981208,0.891989529
1484,30.720000,2,false,false,-1.931327939,1.907406211,2.679204226,-0.265281409,-0.353027433,0.089194693,0.892771959
1485,30.740000,2,false,false,-1.944460869,1.910480261,2.679695368,-0.262655854,-0.351622134,0.086520612,0.894364595
1486,30.760000,2,false,false,-1.959318876,1.906965494,2.679065228,-0.261163056,-0.350120276,0.083409138,0.895685613
1487,30.780000,2,false,false,-1.974459410,1.907430053,2.677644730,-0.260212302,-0.349049687,0.081480376,0.896557271
1488,30.800000,2,false,false,-1.984104872,1.909510136,2.678264141,-0.258888632,-0.349188596,0.078817822,0.897124171
1489,30.820000,2,false,false,-1.995606661,1.911571860,2.680725098,-0.257167131,-0.348679006,0.076172903,0.898045599
1490,30.840000,2,false,true,-1.995195508,1.905075431,2.669834137,-0.255451202,-0.343821943,0.072339810,0.900720954
1491,30.860000,2,false,false,-2.006401539,1.904789925,2.669853210,-0.252965689,-0.343226463,0.069564499,0.901867390
1492,30.880000,2,false,false,-2.014783144,1.903622031,2.673202038,-0.250593543,-0.342724323,0.067437425,0.902881563
1493,30.900000,2,false,false,-2.024265528,1.903626323,2.674752474,-0.248054162,-0.341381639,0.064978421,0.904270768
1494,30.920000,2,false,false,-2.039652824,1.903208137,2.672793388,-0.245677739,-0.338408202,0.062804021,0.906188726
1495,30.940000,2,false,false,-2.051605225,1.903882265,2.672569513,-0.243787348,-0.336080134,0.061220750,0.907672822
1496,30.960000,2,false,false,-2.064985275,1.903302789,2.672235012,-0.242982760,-0.333055019,0.059845731,0.909094214
1497,30.980000,2,false,false,-2.073617220,1.903899789,2.675191164,-0.242293999,-0.330296099,0.059121028,0.910331190
1498,31.000000,2,false,false,-2.089335918,1.905321002,2.670171738,-0.241349444,-0.326399118,0.058447231,0.912029684
1499,31.020000,2,false,false,-2.098528862,1.904592037,2.670870304,-0.240752131,-0.323786080,0.057211183,0.913196623
1500,31.040000,2,false,false,-2.104205370,1.905934453,2.675034046,-0.239681333,-0.321481436,0.055795088,0.914379299
1501,31.060000,2,false,false,-2.115270138,1.907199621,2.673711300,-0.239071473,-0.317887902,0.055240072,0.915827930
1502,31.080000,2,false,false,-2.128890753,1.908874393,2.670526981,-0.238308579,-0.314304769,0.055107556,0.917270303
1503,31.100000,2,false,true,-2.132130623,1.908162117,2.673244953,-0.237895429,-0.311930805,0.054055192,0.918249965
1504,31.120000,2,false,false,-2.138558388,1.912806273,2.671770573,-0.236527249,-0.308911026,0.055216935,0.919554234
1505,31.140000,2,false,false,-2.154466152,1.911779404,2.670834064,-0.235709816,-0.304921210,0.054680701,0.921126485
1506,31.160000,2,false,false,-2.163237572,1.913101912,2.670814753,-0.234834924,-0.301421076,0.053842865,0.922550261
1507,31.180000,2,false,false,-2.171088457,1.910654545,2.672290325,-0.235369459,-0.297593713,0.053400896,0.923681557
1508,31.200000,2,false,false,-2.193561554,1.909463167,2.667506218,-0.236713082,-0.291987330,0.050996978,0.925261974
1509,31.220000,2,false,false,-2.201072216,1.913308859,2.667832136,-0.238878146,-0.288091034,0.049624886,0.926001191
1510,31.240000,2,false,false,-2.220765352,1.912011862,2.664012671,-0.243158698,-0.282539099,0.047373846,0.926715314
1511,31.260000,2,false,false,-2.234722853,1.913108587,2.665510654,-0.247763216,-0.278292239,0.045962058,0.926851809
1512,31.280000,2,false,false,-2.246699572,1.913555622,2.665948153,-0.252055913,-0.274098277,0.043913681,0.927043498
1513,31.300000,2,false,false,-2.260572910,1.911903620,2.665090084,-0.255621582,-0.270205259,0.041830830,0.927306294
1514,31.320000,2,false,false,-2.276353836,1.910636306,2.661861181,-0.259223700,-0.267727405,0.040813010,0.927070379
1515,31.340000,2,false,false,-2.284483910,1.909544706,2.665754795,-0.262891322,-0.268497258,0.040487241,0.925828338
1516,31.360000,2,false,false,-2.297889709,1.908844233,2.665187120,-0.265219599,-0.268659472,0.041577015,0.925068676
1517,31.380000,2,false,false,-2.310412645,1.902651548,2.665640116,-0.267037749,-0.268758506,0.041551031,0.924517870
1518,31.400000,2,false,true,-2.331001997,1.902716637,2.659385681,-0.266323984,-0.266190231,0.041116983,0.925485730
1519,31.420000,2,false,false,-2.342712164,1.901845694,2.659449339,-0.266323835,-0.266706437,0.040790457,0.925351620
1520,31.440000,2,false,false,-2.355230093,1.901645780,2.658074141,-0.266740292,-0.266407788,0.041487172,0.925286651
1521,31.460000,2,false,false,-2.372873068,1.899891376,2.656719923,-0.266917050,-0.266244769,0.041045379,0.925302327
1522,31.480000,2,false,false,-2.381507635,1.895383239,2.655931950,-0.265971422,-0.267737687,0.041323040,0.925131500
1523,31.500000,2,false,false,-2.389822245,1.895394683,2.658959150,-0.264581501,-0.270015448,0.042403851,0.924818993
1524,31.520000,2,false,false,-2.400662661,1.891027451,2.658703327,-0.263332486,-0.272206306,0.043247368,0.924494147
1525,31.540000,2,false,false,-2.411088705,1.891315937,2.656426907,-0.260887504,-0.274800271,0.044814609,0.924345315
1526,31.560000,2,false,false,-2.426553249,1.885876417,2.655670166,-0.260074019,-0.276744604,0.046884146,0.923891723
1527,31.580000,2,false,false,-2.439206600,1.884615779,2.657939196,-0.259788275,-0.280216157,0.050101142,0.922756195
1528,31.600000,2,false,false,-2.455033779,1.881214499,2.653650761,-0.260452598,-0.284800678,0.054038256,0.920941353
1529,31.620000,2,false,false,-2.468244314,1.880813003,2.652264595,-0.262456834,-0.290264219,0.058435384,0.918394506
1530,31.640000,2,false,false,-2.479309559,1.875846624,2.653900146,-0.266065657,-0.293987334,0.062140286,0.915925384
1531,31.660000,2,false,false,-2.514258862,1.870517135,2.646459818,-0.266820997,-0.293318868,0.062509641,0.915894747
1532,31.680000,2,false,false,-2.532052994,1.866698742,2.644681931,-0.266105056,-0.295570105,0.064162374,0.915264845
1533,31.700000,2,false,false,-2.543603897,1.867436886,2.645572186,-0.267222285,-0.300408214,0.068228550,0.913067400
1534,31.720000,2,false,false,-2.554964066,1.865236759,2.646630287,-0.269798011,-0.307085484,0.072973855,0.909715593
1535,31.740000,2,false,false,-2.569396973,1.864124417,2.645196676,-0.270909071,-0.313496411,0.076906219,0.906870306
1536,31.760000,2,false,false,-2.579218864,1.862064719,2.647844791,-0.270790219,-0.319532037,0.079143859,0.904603899
1537,31.780000,2,false,false,-2.594684124,1.862142086,2.647286654,-0.269411564,-0.324369133,0.081937425,0.903043985
1538,31.800000,2,false,false,-2.610008717,1.863294601,2.646380424,-0.269389331,-0.328629315,0.085594319,0.901169181
1539,31.820000,2,false,false,-2.625523329,1.861999154,2.647029877,-0.270860016,-0.332791895,0.088858932,0.898881853
1540,31.840000,2,false,true,-2.624699593,1.862195730,2.649108648,-0.272224396,-0.336229831,0.092755243,0.896794200
1541,31.860000,2,false,false,-2.639760971,1.862032890,2.651684523,-0.273438513,-0.340376019,0.097641923,0.894338667
1542,31.880000,2,false,false,-2.654773712,1.861247778,2.652782202,-0.274369180,-0.346249670,0.103011377,0.891191065
1543,31.900000,2,false,false,-2.671533108,1.858281612,2.652765274,-0.275566995,-0.353369862,0.108057469,0.887421072
1544,31.920000,2,false,false,-2.686802149,1.858183146,2.652829409,-0.275016457,-0.359392911,0.112767227,0.884582579
1545,31.940000,2,false,false,-2.699177027,1.852737308,2.654411316,-0.275173336,-0.365300328,0.115557529,0.881749272
1546,31.960000,2,false,false,-2.714632034,1.851476073,2.654242754,-0.276557326,-0.370443225,0.119657278,0.878618300
1547,31.980000,2,false,false,-2.736090660,1.848397613,2.651733398,-0.276987523,-0.375903249,0.122682907,0.875741720
1548,32.000000,2,false,false,-2.746094942,1.843543410,2.654585838,-0.275426358,-0.382417440,0.126066536,0.872928739
1549,32.020000,2,false,false,-2.762744188,1.839230657,2.653964996,-0.271968305,-0.388991773,0.128989637,0.870678127
1550,32.040000,2,false,false,-2.774877310,1.832045317,2.655875444,-0.269333005,-0.397133499,0.131366685,0.867460430
1551,32.060000,2,false,false,-2.789008141,1.828440905,2.651104689,-0.265952855,-0.405258477,0.134785235,0.864215076
1552,32.080000,2,false,false,-2.812729836,1.818338633,2.647911549,-0.265001506,-0.412042856,0.137615025,0.860846698
1553,32.100000,2,false,false,-2.824864149,1.809752107,2.645382881,-0.262342304,-0.421726763,0.140383288,0.856513679
1554,32.120000,2,false,false,-2.837907791,1.803876877,2.642563343,-0.258462757,-0.430633426,0.144447282,0.852576613
1555,32.140000,2,false,false,-2.848368406,1.796635389,2.637999296,-0.253572643,-0.438770324,0.148762390,0.849147439
1556,32.160000,2,false,false,-2.859402180,1.790701628,2.632504940,-0.249364763,-0.447793007,0.154854834,0.844581962
1557,32.180000,2,false,false,-2.872066498,1.774796844,2.626536369,-0.246939316,-0.457787633,0.157681689,0.839397371
1558,32.200000,2,false,false,-2.882277727,1.767002821,2.619502544,-0.244033501,-0.469516814,0.162344754,0.832854092
1559,32.220000,2,false,false,-2.891845703,1.757528543,2.614503860,-0.243741944,-0.481414169,0.167157739,0.825159729
1560,32.240000,2,false,false,-2.899553776,1.749261618,2.607191563,-0.242665470,-0.492603898,0.171817705,0.817883670
1561,32.260000,2,false,false,-2.908292770,1.741851807,2.597838402,-0.240058482,-0.502268672,0.176610291,0.811730802
1562,32.280000,2,false,false,-2.906834602,1.738128066,2.594818830,-0.236952156,-0.512456834,0.181434363,0.805185318
1563,32.300000,2,false,true,-2.891556263,1.736731529,2.596794844,-0.234307170,-0.520774007,0.185126364,0.799764216
1564,32.320000,2,false,false,-2.897749662,1.729353786,2.589430809,-0.230483845,-0.525276899,0.189551041,0.796888888
1565,32.340000,2,false,false,-2.904328346,1.723138332,2.581850052,-0.227557376,-0.530533731,0.194307268,0.793092906
1566,32.360000,2,false,false,-2.908251524,1.716165543,2.576064825,-0.225733966,-0.537396431,0.198350191,0.787976265
1567,32.380000,2,false,false,-2.915195465,1.708572626,2.567283154,-0.224580005,-0.544512153,0.202418059,0.782366455
1568,32.400000,2,false,false,-2.924528122,1.702734828,2.556691408,-0.223659649,-0.551128149,0.207147866,0.776739299
1569,32.420000,2,false,false,-2.925200224,1.701891780,2.543200970,-0.221249297,-0.559666753,0.212427422,0.769867837
1570,32.440000,2,false,false,-2.930003405,1.692351580,2.533456802,-0.220908850,-0.567551732,0.215531483,0.763302445
1571,32.460000,2,false,false,-2.934687376,1.683230162,2.522322178,-0.218058795,-0.575716257,0.219653890,0.756804705
1572,32.480000,2,false,false,-2.934621334,1.676754713,2.511110306,-0.214041993,-0.586231112,0.224360809,0.748452723
1573,32.500000,2,false,false,-2.936096907,1.672448039,2.498066425,-0.211079597,-0.597746789,0.229563028,0.738542557
1574,32.520000,2,false,false,-2.937476158,1.664670587,2.487695694,-0.210530788,-0.609501541,0.232744455,0.728021085
1575,32.540000,2,false,false,-2.941179514,1.662607193,2.470311403,-0.207197040,-0.618409455,0.236477792,0.720220447
1576,32.560000,2,false,false,-2.941720009,1.656513929,2.457602739,-0.206376761,-0.629421949,0.238533869,0.710167825
1577,32.580000,2,false,false,-2.941355705,1.652428865,2.445781469,-0.204732910,-0.640009046,0.241198167,0.700211644
1578,32.600000,2,false,false,-2.939433813,1.649692655,2.434336662,-0.202257335,-0.651282728,0.243660271,0.689603150
1579,32.620000,2,false,false,-2.943132877,1.636178136,2.419171333,-0.202719480,-0.659960270,0.243627891,0.681177437
1580,32.640000,2,false,false,-2.942097664,1.630539656,2.405674934,-0.200950682,-0.669476986,0.245545655,0.671659708
1581,32.660000,2,false,true,-2.938298702,1.629327774,2.406296015,-0.198556766,-0.679797590,0.248313516,0.660901546
1582,32.680000,2,false,false,-2.936874151,1.622226477,2.393202782,-0.195505574,-0.688209295,0.248979837,0.652805209
1583,32.700000,2,false,false,-2.936901093,1.616640687,2.380247593,-0.193484679,-0.697246730,0.251047164,0.642951012
1584,32.720000,2,false,false,-2.932720900,1.612497568,2.370043278,-0.191278294,-0.706592381,0.253319979,0.632430911
1585,32.740000,2,false,false,-2.931412697,1.605422497,2.356830835,-0.188641727,-0.714612901,0.253738821,0.623986721
1586,32.760000,2,false,false,-2.929463863,1.599475026,2.341955662,-0.187010810,-0.720992088,0.256964684,0.615764976
1587,32.780000,2,false,false,-2.923425436,1.596744657,2.333891153,0.183486119,0.730348229,-0.257633150,-0.605433345
1588,32.800000,2,false,false,-2.921079159,1.590846062,2.321834803,0.180525810,0.737102270,-0.259476036,-0.597296357
1589,32.820000,2,false,false,-2.918459177,1.584700108,2.310021877,0.178062156,0.743080735,-0.261098623,-0.589874983
1590,32.840000,2,false,false,-2.914033890,1.579048157,2.298930407,0.174620450,0.748446524,-0.263648957,-0.582944989
1591,32.860000,2,false,false,-2.909688950,1.575039387,2.286163330,0.168769330,0.753902256,-0.266773224,-0.576177478
1592,32.880000,2,false,false,-2.904144764,1.568433285,2.275539398,0.166048437,0.760571301,-0.267593324,-0.567761481
1593,32.900000,2,false,true,-2.901811600,1.571539402,2.276620865,0.162111461,0.768649101,-0.270037949,-0.556756616
1594,32.920000,2,false,false,-2.895281792,1.567373037,2.265902042,0.160291955,0.774696171,-0.270732939,-0.548503458
1595,32.940000,2,false,false,-2.889192581,1.563022375,2.255685329,0.160989583,0.781418085,-0.271063954,-0.538509548
1596,32.960000,2,false,false,-2.882564545,1.560485840,2.246880293,0.160860628,0.788384140,-0.270574838,-0.528548539
1597,32.980000,2,false,false,-2.874278545,1.556878448,2.237447500,0.160451815,0.794714808,-0.269754231,-0.519534647
1598,33.000000,2,false,false,-2.867547274,1.553673148,2.229311705,0.159463450,0.800931215,-0.268538386,-0.510850012
1599,33.020000,2,false,false,-2.860074043,1.552886724,2.221369505,0.156431541,0.806974888,-0.268852949,-0.502034724
1600,33.040000,2,false,false,-2.851097584,1.549250007,2.212594032,0.155114248,0.812534869,-0.268369675,-0.493664294
1601,33.060000,2,false,false,-2.842723608,1.546357632,2.206133366,0.153811678,0.818402052,-0.268250614,-0.484356970
1602,33.080000,2,false,false,-2.832434416,1.543285370,2.199779272,0.152340278,0.823748887,-0.267782539,-0.475944161
1603,33.100000,2,false,false,-2.824451447,1.538786292,2.194134235,0.150602385,0.828337491,-0.267084301,-0.468872994
1604,33.120000,2,false,false,-2.820440054,1.536744833,2.194529057,0.148754045,0.833961844,-0.266260445,-0.459875435
1605,33.140000,2,false,false,-2.810684919,1.533575058,2.189269066,0.147357851,0.837483585,-0.266073614,-0.453995347
1606,33.160000,2,false,false,-2.802479267,1.531043649,2.186030865,0.147479311,0.841305971,-0.265651405,-0.447083324
1607,33.180000,2,false,false,-2.793540716,1.527639389,2.181536436,0.147592157,0.844309866,-0.265523553,-0.441423625
1608,33.200000,2,false,false,-2.783515930,1.525596499,2.177358150,0.145521671,0.846806586,-0.265727788,-0.437185228
1609,33.220000,2,false,false,-2.784778595,1.521724343,2.178614616,0.144720078,0.849760473,-0.265182912,-0.432020009
1610,33.240000,2,false,false,-2.776560068,1.518885374,2.175091267,0.142117113,0.851155519,-0.265192986,-0.430127531
1611,33.260000,2,false,false,-2.769136667,1.516483188,2.171826363,0.140228689,0.853745699,-0.265132159,-0.425628006
1612,33.280000,2,false,false,-2.760006428,1.513369203,2.168989420,0.139671922,0.856885910,-0.264780730,-0.419677913
1613,33.300000,2,false,false,-2.752072811,1.510212660,2.166028023,0.139218569,0.859224439,-0.264551491,-0.415167630
1614,33.320000,2,false,false,-2.741263151,1.508703709,2.161039352,-0.138888016,-0.859892488,0.264523715,0.413910925
1615,33.340000,2,false,false,-2.747917891,1.510672212,2.171355724,0.137377068,0.863671780,-0.264205992,-0.406686395
1616,33.360000,2,false,false,-2.742246151,1.510079861,2.169235706,0.137370706,0.864027739,-0.264822245,-0.405530035
1617,33.380000,2,false,false,-2.734617472,1.507971048,2.166320801,0.139341742,0.865202844,-0.264939547,-0.402262390
1618,33.400000,2,false,false,-2.728199005,1.506935358,2.163434267,0.141266763,0.867150545,-0.264963120,-0.397351533
1619,33.420000,2,false,false,-2.721849203,1.506984949,2.160443783,0.144542202,0.868791282,-0.264758676,-0.392698616
1620,33.440000,2,false,false,-2.708064079,1.501774788,2.146913052,0.145487010,0.867633998,-0.265442491,-0.394442856
1621,33.460000,2,false,false,-2.701823711,1.502812624,2.143506289,0.146498129,0.868861556,-0.267207503,-0.390151322
1622,33.480000,2,false,false,-2.693911552,1.501071215,2.140999556,0.147421435,0.870824277,-0.267766833,-0.385010302
1623,33.500000,2,false,false,-2.685822487,1.500462055,2.138295650,0.148110315,0.873313129,-0.267743200,-0.379079252
1624,33.520000,2,false,false,-2.679106712,1.499557495,2.136106014,0.148668393,0.875633419,-0.266754895,-0.374173313
1625,33.540000,2,false,false,-2.670030594,1.499401093,2.133890152,0.150423735,0.877581954,-0.266552567,-0.369015604
1626,33.560000,2,false,false,-2.664875984,1.497530937,2.131598473,0.151048914,0.879955471,-0.265363842,-0.363929391
1627,33.580000,2,false,false,-2.655562401,1.499267101,2.128280163,0.150534853,0.882091761,-0.264500231,-0.359573603
1628,33.600000,2,false,false,-2.650259256,1.498987436,2.125686884,0.151438832,0.884246945,-0.263441056,-0.354644239
1629,33.620000,2,false,false,-2.642873526,1.498835325,2.123789787,0.152850330,0.886154652,-0.262567580,-0.349892825
1630,33.640000,2,false,false,-2.638140202,1.504883528,2.130082607,0.150940254,0.889822662,-0.262059301,-0.341698200
1631,33.660000,2,false,false,-2.630736351,1.505625129,2.128205538,0.150313288,0.891056716,-0.261612594,-0.339090914
1632,33.680000,2,false,false,-2.626413584,1.506300092,2.125707626,0.149459288,0.892020881,-0.261536151,-0.336985916
1633,33.700000,2,false,false,-2.619431734,1.506067872,2.124125004,0.148829654,0.893286526,-0.261508793,-0.333919495
1634,33.720000,2,false,false,-2.611737967,1.505707026,2.123358488,0.148343936,0.894833207,-0.261426687,-0.330035895
1635,33.740000,2,false,false,-2.609081030,1.502360225,2.122967720,-0.149042040,-0.896491230,0.260567874,0.325874746
1636,33.760000,2,false,false,-2.603327513,1.501817822,2.121666908,-0.148347750,-0.897587061,0.260336041,0.323350638
1637,33.780000,2,false,false,-2.598191977,1.502303600,2.120005369,-0.146701694,-0.898660004,0.260291308,0.321150094
1638,33.800000,2,false,false,-2.592782736,1.503270626,2.117741823,-0.145994678,-0.899803281,0.259845585,0.318622023
1639,33.820000,2,false,false,-2.586031437,1.503071547,2.117599726,-0.146549404,-0.901207149,0.258904845,0.315146446
1640,33.840000,2,false,false,-2.584106922,1.506780744,2.114759445,-0.144842044,-0.903098166,0.258258522,0.311025888
1641,33.860000,2,false,false,-2.579149485,1.506114364,2.113397121,-0.144455969,-0.904966891,0.256609410,0.307113945
1642,33.880000,2,false,false,-2.575135231,1.507861614,2.111520529,-0.143412292,-0.906452000,0.254842073,0.304685533
1643,33.900000,2,false,false,-2.573674917,1.507635236,2.108622551,-0.141881034,-0.908082128,0.252355635,0.302610934
1644,33.920000,2,false,false,-2.569361925,1.507710218,2.107303143,-0.140116230,-0.909870863,0.249703214,0.300251245
1645,33.940000,2,false,true,-2.603157520,1.528181434,2.107651472,-0.136595652,-0.912927151,0.249442786,0.292718381
1646,33.960000,2,false,false,-2.601853848,1.528506041,2.104139566,-0.136740178,-0.914614260,0.246387199,0.289959222
1647,33.980000,2,false,false,-2.598173618,1.527627468,2.102217913,-0.137225047,-0.915775120,0.244171038,0.287933588
1648,34.000000,2,false,false,-2.596822500,1.529617310,2.098369837,-0.135814264,-0.916959345,0.243204772,0.285642415
1649,34.020000,2,false,false,-2.593980789,1.527624011,2.096626282,-0.135045499,-0.918052256,0.242318809,0.283239067
1650,34.040000,2,false,false,-2.590585709,1.521754503,2.095555067,-0.134758770,-0.919533312,0.240736425,0.279900998
1651,34.060000,2,false,false,-2.586042166,1.521488667,2.094250441,-0.133273631,-0.921081781,0.240996435,0.275258690
1652,34.080000,2,false,false,-2.587713242,1.521909833,2.089200020,-0.131596774,-0.922802210,0.241271019,0.270012408
1653,34.100000,2,false,false,-2.583117723,1.517743945,2.088101864,-0.131313860,-0.923878908,0.241051048,0.266643792
1654,34.120000,2,false,false,-2.583065987,1.519973755,2.083238363,-0.129273593,-0.924804688,0.242342174,0.263239145
1655,34.140000,2,false,false,-2.580509663,1.514320254,2.081120014,-0.128658473,-0.926059008,0.242589235,0.258866966
1656,34.160000,2,false,false,-2.583031178,1.515249848,2.076946974,-0.126794800,-0.927845836,0.244377121,0.251604944
1657,34.180000,2,false,false,-2.579131603,1.512190580,2.074729443,-0.126195669,-0.928855181,0.246083155,0.246466845
1658,34.200000,2,false,false,-2.580573559,1.509956360,2.071592569,-0.126334503,-0.929187715,0.248189792,0.243005425
1659,34.220000,2,false,false,-2.581598043,1.511095762,2.065486670,-0.124445111,-0.929125726,0.250063151,0.242295787
1660,34.240000,2,false,false,-2.581869841,1.508720994,2.060400724,-0.123111755,-0.929290116,0.250869393,0.241511792
1661,34.260000,2,false,false,-2.584743738,1.506017804,2.058923960,-0.122857124,-0.930039227,0.251680374,0.237886921
1662,34.280000,2,false,false,-2.588106871,1.503852844,2.053452015,-0.122589357,-0.930972517,0.251705408,0.234321445
1663,34.300000,2,false,false,-2.591080189,1.503797054,2.047205210,-0.122110225,-0.931596398,0.252197504,0.231546253
1664,34.320000,2,false,false,-2.594509602,1.501339197,2.041804314,-0.121627711,-0.931965828,0.252915859,0.229521230
1665,34.340000,2,false,false,-2.591927052,1.496632934,2.038322210,-0.120967738,-0.932283163,0.253447026,0.227990404
1666,34.360000,2,false,false,-2.600015402,1.493301272,2.030100346,-0.120085955,-0.933188856,0.254506081,0.223527551
1667,34.380000,2,false,false,-2.603347301,1.490998387,2.023357630,-0.120224856,-0.933806956,0.255322635,0.219911546
1668,34.400000,2,false,false,-2.611298561,1.488575935,2.016691208,-0.120754592,-0.934512496,0.255621910,0.216245905
1669,34.420000,2,false,false,-2.613248587,1.486336112,2.010047913,-0.120980784,-0.935372174,0.255316436,0.212734789
1670,34.440000,2,false,false,-2.615645409,1.483681202,2.003490925,-0.121739864,-0.936503291,0.254691899,0.208022013
1671,34.460000,2,false,false,-2.616551399,1.483548880,1.994148016,-0.121767104,-0.937234759,0.254991561,0.204311267
1672,34.480000,2,false,false,-2.617477417,1.480092287,1.987339020,-0.122630052,-0.937727511,0.254656792,0.201938123
1673,34.500000,2,false,false,-2.625985146,1.478141665,1.977901816,-0.123966530,-0.938113928,0.254361212,0.199687228
1674,34.520000,2,false,false,-2.631993771,1.474969625,1.969965100,-0.125903994,-0.938829243,0.253317207,0.196413741
1675,34.540000,2,false,false,-2.634857178,1.467821598,1.962287188,-0.127733037,-0.940097332,0.252170056,0.190556020
1676,34.560000,2,false,false,-2.633462906,1.462945223,1.950625777,-0.127026692,-0.941703379,0.251827031,0.183417812
1677,34.580000,2,false,false,-2.633919001,1.459232926,1.943200350,-0.125299767,-0.943461835,0.251468956,0.175906494
1678,34.600000,2,false,false,-2.642410040,1.456782103,1.935857654,-0.122374780,-0.944712877,0.252382338,0.169838682
1679,34.620000,2,false,false,-2.647953033,1.451730728,1.926459312,-0.119228356,-0.945013225,0.255254954,0.166071057
1680,34.640000,2,false,false,-2.653946638,1.447799444,1.919113040,-0.115440294,-0.944801688,0.260223240,0.162195116
1681,34.660000,2,false,false,-2.667901754,1.434983134,1.914499760,-0.114760868,-0.946045220,0.260728151,0.154432103
1682,34.680000,2,false,false,-2.674449921,1.429558516,1.908479333,-0.111727737,-0.947041392,0.262211770,0.147900656
1683,34.700000,2,false,false,-2.676174164,1.426364541,1.900467873,-0.107896224,-0.947475374,0.263934523,0.144870296
1684,34.720000,2,false,false,-2.685050011,1.420803547,1.892235637,-0.105153568,-0.947927475,0.264661908,0.142584309
1685,34.740000,2,false,false,-2.679633379,1.422352791,1.884938478,-0.100269958,-0.947782218,0.266637802,0.143384680
1686,34.760000,2,false,true,-2.714530468,1.412920833,1.880115747,-0.101166800,-0.949037611,0.265190035,0.136993155
1687,34.780000,2,false,false,-2.714271545,1.407540321,1.873304963,-0.097437732,-0.949154079,0.265688092,0.137921244
1688,34.800000,2,false,false,-2.717962265,1.403370380,1.866945505,-0.095315710,-0.949332833,0.265522003,0.138492838
1689,34.820000,2,false,false,-2.728317976,1.401073694,1.858755350,-0.093733445,-0.949641943,0.265489399,0.137512207
1690,34.840000,2,false,false,-2.729188681,1.394397378,1.853409171,-0.092498712,-0.950077415,0.264534116,0.137181282
1691,34.860000,2,false,false,-2.736036539,1.392133236,1.843543172,-0.089067422,-0.950413764,0.265083849,0.136055902
1692,34.880000,2,false,false,-2.738682747,1.387061000,1.837494373,-0.086579986,-0.950887144,0.264593959,0.135305926
1693,34.900000,2,false,false,-2.740912914,1.383225441,1.831207752,-0.085242823,-0.951185882,0.263997108,0.135220870
1694,34.920000,2,false,false,-2.741947412,1.378911972,1.824855685,-0.083403081,-0.951250315,0.264009356,0.135889187
1695,34.940000,2,false,false,-2.742743731,1.373448014,1.822086573,-0.083059549,-0.951495230,0.263436705,0.135495812
1696,34.960000,2,false,false,-2.743538380,1.370631218,1.814998984,-0.082093842,-0.951995134,0.262555420,0.134278134
1697,34.980000,2,false,false,-2.746865273,1.366494656,1.808633327,-0.081026919,-0.952518582,0.261623591,0.133026898
1698,35.000000,2,false,false,-2.747345448,1.362226963,1.801076412,-0.080975294,-0.952601254,0.261350125,0.133004054
1699,35.020000,2,false,false,-2.750166893,1.357777119,1.794834137,-0.081323437,-0.952707767,0.260572225,0.133553490
1700,35.040000,2,false,false,-2.753954172,1.355585575,1.785637856,-0.081803694,-0.952562034,0.260277927,0.134867400
1701,35.060000,2,false,false,-2.754701614,1.351179838,1.778321743,-0.081828736,-0.952366292,0.260139197,0.136492029
1702,35.080000,2,false,false,-2.769026279,1.353165269,1.762429714,-0.080808707,-0.952463269,0.260884047,0.134993792
1703,35.100000,2,false,false,-2.769740343,1.350001097,1.754799366,-0.081656247,-0.952659786,0.259849221,0.135092512
1704,35.120000,2,false,false,-2.769996881,1.345026731,1.747848749,-0.082111157,-0.952897549,0.258578122,0.135577843
1705,35.140000,2,false,false,-2.772794247,1.342255354,1.736991525,-0.082273081,-0.953045368,0.258021951,0.135501012
1706,35.160000,2,false,false,-2.772241116,1.339549303,1.729433537,-0.082805201,-0.953275979,0.257003486,0.135489807
1707,35.180000,2,false,false,-2.772563696,1.335513949,1.719931841,-0.083007842,-0.953773260,0.255772859,0.134188920
1708,35.200000,2,false,false,-2.770587206,1.332403898,1.710402250,-0.082393982,-0.954371572,0.254515529,0.132695332
1709,35.220000,2,false,false,-2.771886587,1.327789068,1.700707674,-0.082283720,-0.954959273,0.253038913,0.131352961
1710,35.240000,2,false,false,-2.773179531,1.324079037,1.691748142,-0.082154289,-0.955270112,0.252262861,0.130664587
1711,35.260000,2,false,false,-2.772529125,1.319326162,1.681143284,-0.081679232,-0.955734730,0.251327842,0.129359812
1712,35.280000,2,false,false,-2.769945621,1.315163016,1.671036005,-0.081267066,-0.957269132,0.248484552,0.123640642
1713,35.300000,2,false,false,-2.750642538,1.317711830,1.659903765,-0.078493230,-0.959083617,0.245580018,0.116995022
1714,35.320000,2,false,false,-2.750640869,1.315453291,1.649314284,-0.078426741,-0.961425960,0.241104007,0.106669158
1715,35.340000,2,false,false,-2.749488354,1.309390187,1.639316201,-0.076969273,-0.962956309,0.237889186,0.100993015
1716,35.360000,2,false,false,-2.749279737,1.304256082,1.628171206,-0.074474223,-0.963455737,0.237162083,0.099803932
1717,35.380000,2,false,false,-2.749500513,1.296724796,1.620974302,-0.072356641,-0.963280201,0.237496331,0.102231845
1718,35.400000,2,false,false,-2.781252861,1.275242090,1.613975406,-0.073162086,-0.964674652,0.233973846,0.096469857
1719,35.420000,2,false,false,-2.776746035,1.269474506,1.605897427,-0.070658699,-0.964522660,0.234770998,0.097907767
1720,35.440000,2,false,false,-2.776661396,1.261734366,1.596412659,-0.069733299,-0.965037286,0.234123871,0.095007494
1721,35.460000,2,false,false,-2.776983023,1.254418015,1.588800669,-0.068763629,-0.965555012,0.234356910,0.089732662
1722,35.480000,2,false,false,-2.773629904,1.247490644,1.583747149,-0.066945478,-0.965676546,0.235414863,0.086988308
1723,35.500000,2,false,true,-2.757826328,1.252428174,1.600558519,-0.063647233,-0.965433300,0.237442911,0.086651959
1724,35.520000,2,false,false,-2.760551929,1.245839596,1.593486786,-0.060822032,-0.965314388,0.240011126,0.082846098
1725,35.540000,2,false,false,-2.762068033,1.242331624,1.583349228,-0.057103999,-0.965715945,0.241752535,0.075416692
1726,35.560000,2,false,false,-2.763118744,1.234973431,1.577103734,-0.054703359,-0.966642976,0.241302148,0.066197820
1727,35.580000,2,false,false,-2.750863552,1.234149456,1.568470001,-0.052425534,-0.966587365,0.242644906,0.063905790
1728,35.600000,2,false,false,-2.746959686,1.228679061,1.564080000,-0.050873231,-0.966905415,0.242348582,0.061425753
1729,35.620000,2,false,false,-2.748012543,1.224867940,1.555567741,-0.047685880,-0.967066169,0.242978632,0.058911838
1730,35.640000,2,false,false,-2.744894743,1.217718840,1.548075676,-0.046339352,-0.967344105,0.242806762,0.056063015
1731,35.660000,2,false,false,-2.744204760,1.214837790,1.537767172,-0.045654934,-0.967601895,0.242356256,0.054090410
1732,35.680000,2,false,false,-2.757333517,1.211194754,1.523257017,-0.044867553,-0.967942774,0.241990715,0.050143141
1733,35.700000,2,false,false,-2.752346516,1.205571175,1.517865419,-0.044553287,-0.968142927,0.241352454,0.049631257
1734,35.720000,2,false,false,-2.749036312,1.199655414,1.510850310,-0.044004217,-0.968316495,0.241316751,0.046830676
1735,35.740000,2,false,false,-2.756782055,1.194242120,1.499372721,-0.043384194,-0.968322396,0.242325529,0.041810088
1736,35.760000,2,false,false,-2.758283377,1.187518239,1.491643786,-0.044104390,-0.968354285,0.242707685,0.037919968
1737,35.780000,2,false,false,-2.753807783,1.182160974,1.485007763,-0.043678265,-0.968368649,0.243100539,0.035447683
1738,35.800000,2,false,false,-2.747780561,1.176920891,1.478744268,-0.043137625,-0.968409777,0.243700787,0.030522712
1739,35.820000,2,false,false,-2.747105837,1.174764156,1.470466614,-0.042759303,-0.968219817,0.245283440,0.023622679
1740,35.840000,2,false,false,-2.748216867,1.168724537,1.463179469,-0.042731732,-0.968110681,0.246471286,0.013699715
1741,35.860000,2,false,false,-2.749470711,1.164270401,1.454198122,-0.042686470,-0.967921674,0.247591227,0.002063435
1742,35.880000,2,false,false,-2.738237381,1.155477762,1.450416088,-0.041340761,-0.968025863,0.247334719,-0.006519323
1743,35.900000,2,false,false,-2.736382008,1.149458289,1.446870208,-0.037927356,-0.967983484,0.247588724,-0.016412001
1744,35.920000,2,false,false,-2.737884760,1.145301700,1.435735941,-0.034889106,-0.967708945,0.248306364,-0.025810823
1745,35.940000,2,false,false,-2.738171339,1.141157866,1.425666809,0.030886527,0.967178106,-0.249757946,0.035120968
1746,35.960000,2,false,false,-2.748092890,1.134612679,1.411134958,0.026279179,0.966308355,-0.251567125,0.047662247
1747,35.980000,2,false,false,-2.738256931,1.130643606,1.394833088,-0.024669159,-0.965561628,0.252764970,-0.056498934
1748,36.000000,2,false,false,-2.737695694,1.124121547,1.386634111,-0.021911012,-0.965223312,0.252139986,-0.065493003
1749,36.020000,2,false,false,-2.736191273,1.119969249,1.377983570,-0.020253884,-0.964938164,0.251312643,-0.072980568
1750,36.040000,2,false,false,-2.739059925,1.113493085,1.366494656,-0.017175552,-0.964348793,0.251264006,-0.081258267
1751,36.060000,2,false,false,-2.742800236,1.108468771,1.357021093,-0.013383669,-0.963497281,0.251383573,-0.091105454
1752,36.080000,2,false,false,-2.741624355,1.102243304,1.349082232,-0.009751791,-0.962931573,0.250494242,-0.099601597
1753,36.100000,2,false,false,-2.743405819,1.093241811,1.340948343,-0.005386042,-0.962296188,0.249664187,-0.107819058
1754,36.120000,2,false,false,-2.743869066,1.087080956,1.333530426,-0.001109179,-0.961494148,0.249320358,-0.115616515
1755,36.140000,2,false,false,-2.740845919,1.082294345,1.325405598,0.003037587,-0.960622728,0.249023885,-0.123214819
1756,36.160000,2,false,false,-2.742731810,1.077046633,1.312878370,0.007443646,-0.959510744,0.248684570,-0.132059872
1757,36.180000,2,false,false,-2.741627455,1.070048332,1.306749582,0.011604452,-0.958306372,0.248295128,-0.140939012
1758,36.200000,2,false,false,-2.738939047,1.065854669,1.300534725,0.015995778,-0.956884205,0.248412654,-0.149693057
1759,36.220000,2,false,false,-2.736579657,1.060237885,1.294887543,0.020859534,-0.955511093,0.248387620,-0.157693058
1760,36.240000,2,false,false,-2.729475260,1.054926753,1.290389299,-0.026481055,0.954078674,-0.248804480,0.164709181
1761,36.260000,2,false,false,-2.736573935,1.043584585,1.283563852,0.031056920,-0.952296495,0.248288110,-0.174699530
1762,36.280000,2,false,false,-2.733194113,1.039198160,1.278620243,0.035638813,-0.950420141,0.248261780,-0.183840945
1763,36.300000,2,false,false,-2.728688955,1.036168218,1.272505283,0.038977496,-0.948401093,0.248198345,-0.193426341
1764,36.320000,2,false,false,-2.723409176,1.031534672,1.268948078,0.043223660,-0.946293652,0.248249874,-0.202563763
1765,36.340000,2,false,false,-2.724679470,1.027693987,1.264369488,0.046802722,-0.943827331,0.248510584,-0.212701797
1766,36.360000,2,false,true,-2.705058098,1.046953082,1.302663803,0.051612448,-0.942143440,0.248297647,-0.219203666
1767,36.380000,2,false,false,-2.698137999,1.045922995,1.299709320,0.054456253,-0.939754725,0.248196363,-0.228679314
1768,36.400000,2,false,false,-2.692972183,1.043620825,1.297052622,0.056950208,-0.937440813,0.247121274,-0.238521680
1769,36.420000,2,false,false,-2.688278198,1.043751717,1.294757128,0.059135962,-0.935020685,0.246543229,-0.247902766
1770,36.440000,2,false,false,-2.683365583,1.044979453,1.293129921,0.061358932,-0.932588160,0.245576486,-0.257306457
1771,36.460000,2,false,false,-2.677031040,1.043500662,1.291768074,0.064120151,-0.930209816,0.244109780,-0.266474694
1772,36.480000,2,false,false,-2.670725346,1.046229243,1.291651249,0.065747887,-0.927892625,0.242486924,-0.275486320
1773,36.500000,2,false,false,-2.664013386,1.046326041,1.291313171,0.067758180,-0.925545037,0.240516037,-0.284477264
1774,36.520000,2,false,false,-2.657361031,1.049284220,1.292404652,0.070082001,-0.923084199,0.238867119,-0.293166578
1775,36.540000,2,false,false,-2.646885872,1.050839305,1.288844585,0.072452836,-0.920443773,0.237228453,-0.302087009
1776,37.320000,2,false,false,-2.548122168,1.175633550,1.484055519,0.154184803,-0.793586075,0.220380187,-0.545784652
1777,37.340000,2,false,false,-2.550317764,1.179016352,1.487643003,0.155034795,-0.792549729,0.219660670,-0.547337592
1778,37.360000,2,false,false,-2.553491592,1.179848194,1.491957426,0.156669721,-0.791516781,0.218830138,-0.548697770
1779,37.380000,2,false,false,-2.554878950,1.181771755,1.494235992,0.157769948,-0.790827632,0.218202919,-0.549625158
1780,37.400000,2,false,false,-2.554230452,1.182780981,1.497985125,0.159115687,-0.790520549,0.216514796,-0.550346017
1781,37.420000,2,false,false,-2.549347162,1.188539982,1.494212627,0.159739599,-0.789066315,0.215815783,-0.552522600
1782,37.440000,2,false,false,-2.551694393,1.186048627,1.494428158,0.161622360,-0.787831128,0.214131236,-0.554389954
1783,37.460000,2,false,false,-2.552225113,1.191621542,1.498879910,0.163162142,-0.786762595,0.213434935,-0.555723190
1784,37.480000,2,false,false,-2.553458691,1.191498280,1.495548487,0.164432660,-0.785194278,0.212108970,-0.558069587
1785,37.500000,2,false,false,-2.552230120,1.191652060,1.501263142,0.166680709,-0.784342706,0.211454675,-0.558848023
1786,37.520000,2,false,false,-2.554501534,1.193483472,1.506608248,-0.168682575,0.782993793,-0.210709929,0.560417950
1787,37.540000,2,false,false,-2.554788589,1.192307115,1.510411501,-0.170556843,0.781064749,-0.209470078,0.563001454
1788,37.560000,2,false,false,-2.554945946,1.192839146,1.508942842,-0.172214940,0.778532982,-0.208649948,0.566298187
1789,37.580000,2,false,false,-2.555215359,1.193357587,1.509350777,-0.173545063,0.776564658,-0.207413837,0.569042265
1790,37.600000,2,false,false,-2.552913666,1.194524765,1.512852192,-0.175230056,0.774981439,-0.206862509,0.570881844
1791,37.620000,2,false,false,-2.553467274,1.194884658,1.511535883,-0.177489877,0.772375047,-0.207245797,0.573570728
1792,37.640000,2,false,false,-2.551949501,1.196838140,1.515569925,-0.179766133,0.769514620,-0.207703412,0.576533437
1793,37.660000,2,false,false,-2.552408218,1.198554516,1.521722078,-0.182000563,0.766423285,-0.207840338,0.579891086
1794,37.680000,2,false,false,-2.552830696,1.198749542,1.521816492,-0.184161544,0.762861311,-0.208347932,0.583710909
1795,37.700000,2,false,false,-2.550538540,1.196901441,1.526679516,-0.186716005,0.759746850,-0.208386078,0.586938858
1796,37.720000,2,false,false,-2.550206900,1.199571848,1.528251648,-0.187547073,0.756624401,-0.208455637,0.590670705
1797,37.740000,2,false,false,-2.543543816,1.204252243,1.528444767,0.188483119,-0.753979445,0.208798796,-0.593626320
1798,37.760000,2,false,false,-2.542078972,1.203301668,1.531983733,0.189548358,-0.751195312,0.208508253,-0.596909881
1799,37.780000,2,false,false,-2.541854858,1.204674006,1.536671400,0.190019622,-0.748419762,0.207914412,-0.600443304
1800,37.800000,2,false,false,-2.541926384,1.203810930,1.537757516,0.190636411,-0.745602787,0.207118094,-0.604016840
1801,37.820000,2,false,false,-2.538188457,1.205003977,1.537038207,0.191455022,-0.743186295,0.207268089,-0.606678784
1802,37.840000,2,false,false,-2.534828424,1.207449198,1.537315607,-0.191968009,0.740938306,-0.207089037,0.609321594
1803,37.860000,2,false,false,-2.535126686,1.210040569,1.539350271,-0.192840487,0.738640845,-0.206386268,0.612067878
1804,37.880000,2,false,false,-2.532653809,1.210245013,1.540183902,-0.194232449,0.736650884,-0.204900131,0.614520371
1805,37.900000,2,false,false,-2.532278776,1.212023973,1.543637156,-0.196150541,0.734975219,-0.203907639,0.616245151
1806,37.920000,2,false,false,-2.531971931,1.215387821,1.543333530,-0.197723001,0.732817769,-0.202812374,0.618668735
1807,37.940000,2,false,false,-2.530419350,1.217218757,1.546655655,-0.199026972,0.731221378,-0.200579509,0.620863497
1808,37.960000,2,false,false,-2.530221939,1.218297124,1.547121525,-0.200317696,0.729653060,-0.198021889,0.623110533
1809,37.980000,2,false,false,-2.530427217,1.221258759,1.548020720,-0.201581731,0.727907598,-0.196234599,0.625305891
1810,38.000000,2,false,false,-2.530254364,1.223218679,1.549306631,-0.203243047,0.726317465,-0.194491819,0.627158880
1811,38.020000,2,false,false,-2.530354977,1.225481629,1.551589251,-0.205143452,0.724656165,-0.192811549,0.628978014
1812,38.040000,2,false,false,-2.529765606,1.228344440,1.550979376,-0.206680804,0.722691476,-0.190878808,0.631320477
1813,38.060000,2,false,false,-2.529307365,1.229950190,1.551362157,-0.209027320,0.720737636,-0.189091370,0.633316100
1814,38.080000,2,false,false,-2.528145075,1.233238220,1.554007173,-0.210460290,0.719539702,-0.187158704,0.634776175
1815,38.100000,2,false,false,-2.528445721,1.234791756,1.554508448,-0.212312043,0.718338609,-0.185853928,0.635902286
1816,38.120000,2,false,false,-2.528666973,1.236469150,1.556753874,-0.213823140,0.717515111,-0.184463978,0.636729777
1817,38.140000,2,false,false,-2.494495869,1.254095078,1.545079947,0.214266941,-0.717272639,0.186047465,-0.636393070
1818,38.160000,2,false,false,-2.494167328,1.255635619,1.544928193,0.215143234,-0.716081083,0.184990525,-0.637745857
1819,38.180000,2,false,false,-2.493233442,1.256144524,1.547469258,0.216443002,-0.714724720,0.184244514,-0.639042318
1820,38.200000,2,false,false,-2.491989613,1.259699464,1.550758004,0.217733815,-0.712776780,0.184063017,-0.640829206
1821,38.220000,2,false,false,-2.493575573,1.261664510,1.554626465,0.219387427,-0.710644007,0.182953045,-0.642948270
1822,38.240000,2,false,false,-2.492706060,1.265960455,1.558652997,-0.220581874,0.709512115,-0.182613820,0.643885493
1823,38.260000,2,false,false,-2.492065191,1.268954873,1.559571862,-0.221625596,0.708503127,-0.182886109,0.644560397
1824,38.280000,2,false,false,-2.493011951,1.270478368,1.564426541,-0.222565785,0.707460403,-0.182659984,0.645445347
1825,38.300000,2,false,false,-2.491898537,1.272074938,1.568153262,-0.223391145,0.705701888,-0.182144091,0.647228658
1826,38.320000,2,false,false,-2.491430759,1.273315191,1.569949508,-0.224359170,0.703783691,-0.181597278,0.649133265
1827,38.340000,2,false,false,-2.488958836,1.274332643,1.568289399,-0.224798143,0.702257514,-0.182241023,0.650452554
1828,38.360000,2,false,false,-2.488581181,1.276608229,1.570609212,-0.224937379,0.701953232,-0.182710677,0.650601029
1829,38.380000,2,false,false,-2.487816095,1.278060079,1.574226260,-0.224812269,0.701699317,-0.182842106,0.650881290
1830,38.400000,2,false,false,-2.487203836,1.278220892,1.576930642,-0.224065974,0.701489568,-0.182512581,0.651456952
1831,38.420000,2,false,false,-2.484648943,1.280078650,1.578611255,-0.223502293,0.701400638,-0.182351932,0.651791096
1832,38.440000,2,false,false,-2.484927416,1.280174255,1.578645825,-0.222605571,0.700938702,-0.182035834,0.652682722
1833,38.460000,2,false,false,-2.483345509,1.282177210,1.580124974,-0.221918643,0.701110005,-0.182188004,0.652690232
1834,38.480000,2,false,false,-2.482687473,1.282465935,1.580508232,-0.221571758,0.701500416,-0.182244331,0.652372718
1835,38.500000,2,false,false,-2.481363058,1.282409668,1.580750704,-0.221024245,0.702371955,-0.181996331,0.651689589
1836,38.520000,2,false,false,-2.480776787,1.283548355,1.580719829,-0.220345438,0.703267455,-0.181028545,0.651223123
1837,38.540000,2,false,false,-2.478811264,1.282124281,1.579658628,-0.219664246,0.704293191,-0.179283008,0.650827467
1838,38.560000,2,false,false,-2.478419781,1.282863975,1.578238368,-0.219527408,0.705270171,-0.178756803,0.649959862
1839,38.580000,2,false,false,-2.476354599,1.281322956,1.573739290,-0.219926715,0.706014633,-0.178248182,0.649155796
1840,38.600000,2,false,false,-2.475499153,1.279995441,1.571859837,-0.220840350,0.707002640,-0.177751496,0.647905231
1841,38.620000,2,false,false,-2.475279093,1.278851867,1.568727970,-0.221417651,0.708143532,-0.177448511,0.646543920
1842,38.640000,2,false,true,-2.525326252,1.245150805,1.560498714,0.220395148,-0.707621157,0.173825815,-0.648446620
1843,38.660000,2,false,false,-2.522801161,1.241884947,1.555826187,0.219622344,-0.709980726,0.173975840,-0.646085024
1844,38.680000,2,false,false,-2.520837784,1.237677217,1.551806211,0.218327224,-0.712804973,0.174351364,-0.643307030
1845,38.700000,2,false,false,-2.519175053,1.234245539,1.543864131,0.216377631,-0.715427876,0.175093710,-0.640847802
1846,38.720000,2,false,false,-2.516388416,1.232935429,1.538413525,-0.214072704,0.717925668,-0.176634595,0.638401031
1847,38.740000,2,false,false,-2.515934229,1.228424191,1.535481691,-0.211905628,0.720155835,-0.177291110,0.636427104
1848,38.760000,2,false,false,-2.514066696,1.223286629,1.528128743,-0.209530279,0.721930504,-0.178136483,0.634965301
1849,38.780000,2,false,false,-2.511605501,1.219062328,1.521682978,-0.206904337,0.723860443,-0.179224998,0.633320749
1850,38.800000,2,false,false,-2.509611368,1.214124203,1.514690161,-0.204691201,0.725851774,-0.180174410,0.631488740
1851,38.820000,2,false,false,-2.508722782,1.209465861,1.507904053,-0.202513173,0.728040457,-0.180720389,0.629512310
1852,38.840000,2,false,false,-2.505725861,1.203828931,1.498959780,-0.200760677,0.730121911,-0.181481406,0.627440631
1853,38.860000,2,false,false,-2.451542377,1.224143386,1.489549637,-0.200624675,0.733438313,-0.185335264,0.622470081
1854,38.880000,2,false,false,-2.450037003,1.219292164,1.483035922,-0.199776277,0.734892666,-0.186221927,0.620760620
1855,38.900000,2,false,false,-2.446487427,1.213574409,1.473711729,-0.198494077,0.736013353,-0.187078401,0.619585514
1856,38.920000,2,false,false,-2.443778753,1.206471801,1.464526772,-0.197332978,0.737076998,-0.187401503,0.618593574
1857,38.940000,2,false,false,-2.491606951,1.174521685,1.454091787,-0.194946557,0.736462057,-0.185181916,0.620747328
1858,38.960000,2,false,false,-2.485360622,1.169359922,1.444010973,-0.193704650,0.737500727,-0.185457096,0.619820058
1859,38.980000,2,false,false,-2.482041359,1.163452864,1.434226990,-0.192508459,0.738455176,-0.185592517,0.619015276
1860,39.000000,2,false,false,-2.427055359,1.183164001,1.427424312,-0.193062499,0.740926027,-0.188750699,0.614921689
1861,39.020000,2,false,false,-2.475206375,1.150011301,1.417382479,-0.191155240,0.740128219,-0.185781360,0.617377818
1862,39.040000,2,false,false,-2.469367981,1.143260241,1.404547930,-0.190205723,0.740427434,-0.186147690,0.617201805
1863,39.060000,2,false,false,-2.468266964,1.134737730,1.398160458,-0.190972388,0.740579128,-0.186375901,0.616714060
1864,39.080000,2,false,false,-2.462859154,1.128085613,1.388081908,-0.190726310,0.740369737,-0.186823919,0.616905987
1865,39.100000,2,false,false,-2.412352085,1.147012591,1.383591175,-0.192384273,0.741619289,-0.190452814,0.613772690
1866,39.120000,2,false,false,-2.406375170,1.139491081,1.370993137,-0.192694351,0.740989745,-0.192014113,0.613949239
1867,39.140000,2,false,false,-2.455071211,1.103163838,1.367308140,0.192660034,-0.740036726,0.190155923,-0.615685463
1868,39.160000,2,false,false,-2.454388142,1.094712496,1.361649513,0.193459660,-0.740225196,0.191302747,-0.614852309
1869,39.180000,2,false,false,-2.450066328,1.088535786,1.347675800,0.193706051,-0.740332007,0.193074375,-0.614091814
1870,39.200000,2,false,false,-2.446510077,1.081940770,1.340804219,0.193701386,-0.741707206,0.193924651,-0.612162948
1871,39.220000,2,false,false,-2.443402767,1.075135827,1.329470634,0.193592384,-0.742730677,0.195477262,-0.610460281
1872,39.240000,2,false,false,-2.442073822,1.066723824,1.321932435,-0.194171220,0.743943274,-0.196300671,0.608532727
1873,39.260000,2,false,false,-2.438260078,1.061713338,1.313251376,-0.194536537,0.744932592,-0.197608620,0.606779873
1874,39.280000,2,false,false,-2.435100555,1.056307793,1.304010630,-0.195745647,0.745498061,-0.199175939,0.605182111
1875,39.300000,2,false,false,-2.433649540,1.049323797,1.296326399,-0.196939349,0.746854067,-0.199799031,0.602913201
1876,39.320000,2,false,false,-2.431182146,1.044304490,1.287912130,-0.197972745,0.748538136,-0.200599536,0.600214362
1877,39.340000,2,false,false,-2.429160595,1.038832784,1.281260610,-0.198533326,0.750326812,-0.200999662,0.597656667
1878,39.360000,2,false,false,-2.426707506,1.033525467,1.271660566,-0.198972553,0.751563072,-0.201635808,0.595739841
1879,39.380000,2,false,false,-2.424805641,1.027734041,1.266291857,-0.199950933,0.753222346,-0.201607302,0.593321383
1880,39.400000,2,false,false,-2.423303843,1.022655368,1.258692980,-0.200344771,0.754577696,-0.202021226,0.591322124
1881,39.420000,2,false,false,-2.421926022,1.018483639,1.253219604,-0.201127291,0.756098032,-0.202558026,0.588925958
1882,39.440000,2,false,false,-2.419614077,1.014148712,1.246384382,-0.201917902,0.757375956,-0.203068152,0.586834073
1883,39.460000,2,false,false,-2.417762280,1.009921551,1.240152836,-0.202498183,0.758400261,-0.203160703,0.585277200
1884,39.480000,2,false,false,-2.414746046,1.005470514,1.229808331,-0.202373549,0.759316683,-0.202840298,0.584242225
1885,39.500000,2,false,false,-2.412759066,1.002048969,1.225701332,-0.202729076,0.761025667,-0.202825963,0.581895530
1886,39.520000,2,false,false,-2.412541389,0.993668556,1.212015390,0.203433603,-0.762019694,0.202965438,-0.580298066
1887,39.540000,2,false,false,-2.410863638,0.988922834,1.205420494,0.203810364,-0.763165176,0.201499999,-0.579170167
1888,39.560000,2,false,false,-2.409116983,0.985943556,1.199753881,0.204118311,-0.765283287,0.200048059,-0.576765120
1889,39.580000,2,false,false,-2.404497623,0.982764661,1.190642357,0.204928815,-0.767818272,0.199004963,-0.573459983
1890,39.600000,2,false,false,-2.402877331,0.980581462,1.185080767,0.205986023,-0.770653605,0.197470292,-0.569796681
1891,39.620000,2,false,false,-2.398922920,0.977836072,1.179656982,-0.206354454,0.773481846,-0.195098117,0.566639543
1892,39.640000,2,false,false,-2.396747589,0.976023734,1.172043085,-0.206340864,0.776428044,-0.193070740,0.563299656
1893,39.660000,2,false,false,-2.393752575,0.972816348,1.163459063,-0.206313893,0.780078590,-0.191016316,0.558949709
1894,39.680000,2,false,false,-2.388535023,0.970533729,1.155974627,-0.206272349,0.784277976,-0.189656153,0.553525448
1895,39.700000,2,false,false,-2.388147354,0.968324125,1.148869038,-0.205534592,0.788201094,-0.187533155,0.548931718
1896,39.720000,2,false,false,-2.384327173,0.965702891,1.137389421,-0.204242244,0.791501582,-0.185477078,0.545351923
1897,39.740000,2,false,false,-2.382317781,0.961868048,1.128848314,-0.203499690,0.795316935,-0.182759404,0.540978611
1898,39.760000,2,false,false,-2.377825737,0.959872127,1.111820459,0.201168790,-0.799061120,0.181283593,-0.536813617
1899,39.780000,2,false,false,-2.375437260,0.955893874,1.100117207,0.198057681,-0.803979337,0.179424480,-0.531222463
1900,39.800000,2,false,false,-2.372829437,0.952693701,1.090465546,0.195097685,-0.808892012,0.178379774,-0.525177479
1901,39.820000,2,false,false,-2.370864391,0.947540402,1.081439734,0.191932261,-0.813424945,0.176127002,-0.520078003
1902,39.840000,2,false,false,-2.368880272,0.943489552,1.070070982,0.188288927,-0.817972660,0.173957646,-0.514982462
1903,39.860000,2,false,false,-2.367572784,0.937973022,1.064512968,-0.185065508,0.823269248,-0.171914697,0.508354187
1904,39.880000,2,false,false,-2.364246607,0.933000803,1.053033352,-0.180836171,0.828493714,-0.170083076,0.501964509
1905,39.900000,2,false,false,-2.362911701,0.926545858,1.041844368,0.177894846,-0.833002150,0.168560162,-0.496032536
1906,39.920000,2,false,false,-2.361133575,0.921067953,1.032441139,0.173444629,-0.837642372,0.166395321,-0.490494549
1907,39.940000,2,false,false,-2.359821558,0.915872574,1.022752047,0.169319600,-0.841944575,0.164114043,-0.485311121
1908,39.960000,2,false,false,-2.358130693,0.909940779,1.013840199,0.166036189,-0.845961630,0.162515372,-0.479968369
1909,39.980000,2,false,false,-2.355616093,0.905515194,1.004776955,0.162855923,-0.849990904,0.162089363,-0.474046946
1910,40.000000,2,false,false,-2.361108780,0.890668809,0.995579004,0.160120830,-0.854408503,0.159970373,-0.467714697
1911,40.020000,2,false,false,-2.361306906,0.884155750,0.987182856,0.156550497,-0.858273089,0.159504250,-0.461971551
1912,40.040000,2,false,false,-2.360698700,0.878845334,0.978156567,0.152323455,-0.861874878,0.159680307,-0.456586838
1913,40.060000,2,false,false,-2.360517979,0.871972084,0.970979929,0.149342552,-0.864876509,0.160998777,-0.451403260
1914,40.080000,2,false,false,-2.360494137,0.865235329,0.966898441,0.146597192,-0.867756069,0.163164213,-0.445966542
1915,40.100000,2,false,false,-2.358940125,0.860996723,0.958106041,-0.143822297,0.870528579,-0.166276008,0.440281183
1916,40.120000,2,false,false,-2.359166622,0.854168653,0.953971863,-0.140635878,0.873758852,-0.168831825,0.433892787
1917,40.140000,2,false,false,-2.360072613,0.848474503,0.946493149,-0.137361169,0.876735091,-0.171787634,0.427734286
1918,40.160000,2,false,false,-2.362010717,0.840937614,0.941201687,-0.133975223,0.879544854,-0.173532277,0.422300965
1919,40.180000,2,false,false,-2.363570452,0.830971897,0.936350107,0.130847454,-0.882474005,0.174100727,-0.416902512
1920,40.200000,2,false,false,-2.365779877,0.825657725,0.929925442,0.128168359,-0.885119379,0.175624222,-0.411452055
1921,40.220000,2,false,false,-2.367484570,0.820191443,0.922495365,0.125369251,-0.887785971,0.177476972,-0.405734569
1922,40.240000,2,false,false,-2.369248629,0.813147902,0.917074203,0.123227924,-0.890602887,0.178470254,-0.399737239
1923,40.260000,2,false,false,-2.369479656,0.810095668,0.910458326,0.121026389,-0.893255949,0.180052117,-0.393735558
1924,40.280000,2,false,false,-2.375232935,0.803846121,0.901604414,0.118358426,-0.895623147,0.180792674,-0.388798892
1925,40.300000,2,false,false,-2.375209332,0.800467610,0.896173477,0.117176302,-0.897873580,0.181850120,-0.383436233
1926,40.320000,2,false,false,-2.376352310,0.795449674,0.888509750,0.115831621,-0.900099874,0.182549462,-0.378257960
1927,40.340000,2,false,false,-2.377691746,0.790201128,0.883310080,0.114644922,-0.902501047,0.182937741,-0.372669190
1928,40.360000,2,false,false,-2.378835678,0.785627484,0.877402306,0.112806655,-0.904846609,0.183090076,-0.367430747
1929,40.380000,2,false,false,-2.377449036,0.781866431,0.871983528,-0.111022450,0.906949043,-0.183018655,0.362796992
1930,40.400000,2,false,false,-2.378038883,0.777138114,0.865179300,-0.109456904,0.908305168,-0.183323205,0.359713286
1931,40.420000,2,false,false,-2.380021572,0.771705270,0.861142635,-0.108197533,0.909221590,-0.182939991,0.357969999
1932,40.440000,2,false,false,-2.380098820,0.768679857,0.854760885,-0.106952578,0.909679353,-0.183037221,0.357130468
1933,40.460000,2,false,false,-2.380463362,0.764386237,0.849526405,-0.106817901,0.909657061,-0.182849154,0.357323736
1934,40.480000,2,false,false,-2.380003929,0.760763884,0.845388174,-0.107267201,0.909306586,-0.182724759,0.358143866
1935,40.500000,2,false,false,-2.378118277,0.757886052,0.840757847,-0.108398661,0.909054041,-0.182701096,0.358456254
1936,40.520000,2,false,false,-2.375640154,0.756213963,0.835477591,-0.108893901,0.908493102,-0.182560921,0.359797060
1937,40.540000,2,false,false,-2.369006157,0.756955862,0.831887245,0.109592527,-0.907806754,0.182456136,-0.361367196
1938,40.560000,2,false,false,-2.368564606,0.753543437,0.827202082,0.110939883,-0.906497896,0.180984646,-0.364963859
1939,40.580000,2,false,false,-2.367281437,0.751100659,0.820820570,0.111690901,-0.905264556,0.179503843,-0.368510246
1940,40.600000,2,false,false,-2.364492893,0.747593999,0.816272259,0.113785855,-0.904119313,0.178738177,-0.371044070
1941,40.620000,2,false,false,-2.361940861,0.745851040,0.809717417,0.116166882,-0.902482688,0.179180786,-0.374064982
1942,40.640000,2,false,false,-2.362583160,0.740461469,0.804496288,-0.118581504,0.900476813,-0.178714365,0.378340095
1943,40.660000,2,false,false,-2.359236956,0.737852633,0.798434496,-0.121107921,0.898506343,-0.178350478,0.382374823
1944,40.680000,2,false,false,-2.356473207,0.734036028,0.792598486,-0.123157971,0.896479487,-0.178043455,0.386597008
1945,40.700000,2,false,false,-2.353106022,0.731576383,0.786033630,-0.125261366,0.894510210,-0.178552359,0.390231043
1946,40.720000,2,false,false,-2.352469206,0.726626158,0.779601812,-0.127197802,0.892088056,-0.178751275,0.395028710
1947,40.740000,2,false,false,-2.346386433,0.722598732,0.778054953,0.128080577,-0.890473783,0.178613335,-0.398433477
1948,40.760000,2,false,false,-2.346041203,0.717833757,0.771685839,0.129605860,-0.887149274,0.178591937,-0.405306578
1949,40.780000,2,false,false,-2.341375828,0.714848042,0.765135527,0.131144911,-0.883503556,0.179112464,-0.412481904
1950,40.800000,2,false,false,-2.340461493,0.710218072,0.759208441,0.132895485,-0.879495800,0.179817900,-0.420109004
1951,40.820000,2,false,false,-2.337894440,0.706422746,0.751523972,0.134200394,-0.875525713,0.180631071,-0.427571595
1952,40.840000,2,false,false,-2.336848021,0.702215850,0.746221781,-0.135906324,0.871589899,-0.180480033,0.435071856
1953,40.860000,2,false,false,-2.334688187,0.698580265,0.738826513,-0.137764737,0.867501140,-0.180809408,0.442459822
1954,40.880000,2,false,false,-2.331650734,0.694919705,0.732451677,-0.140216991,0.862923801,-0.182418734,0.449916810
1955,40.900000,2,false,false,-2.329826117,0.690732360,0.724632502,-0.142923281,0.858199477,-0.183611438,0.457551688
1956,40.920000,2,false,false,-2.329495430,0.685896575,0.719507456,-0.146453232,0.853874981,-0.184385464,0.464167029
1957,40.940000,2,false,false,-2.327854156,0.681056380,0.713397503,-0.150262892,0.849659324,-0.184464946,0.470609039
1958,40.960000,2,false,false,-2.328454018,0.674243927,0.706166744,-0.154157385,0.845280111,-0.183659419,0.477500111
1959,40.980000,2,false,false,-2.326865196,0.670155168,0.699331522,-0.158140659,0.841409385,-0.182666585,0.483378559
1960,41.000000,2,false,false,-2.328236103,0.664525151,0.690166235,0.161344916,-0.838419378,0.181598336,-0.487896442
1961,41.020000,2,false,false,-2.326157093,0.659447312,0.683470011,0.165636420,-0.835764289,0.182222039,-0.490772754
1962,41.040000,2,false,false,-2.327533484,0.653679371,0.675482512,0.168558583,-0.832924724,0.181827843,-0.494735479
1963,41.060000,2,false,false,-2.328861475,0.647284269,0.669110537,0.171690255,-0.830369532,0.181711018,-0.497986019
1964,41.080000,2,false,false,-2.327681541,0.641515493,0.661780596,0.174572468,-0.828413486,0.181945890,-0.500151277
1965,41.100000,2,false,false,-2.327227354,0.633683145,0.658127308,0.177397192,-0.827066302,0.181512117,-0.501542568
1966,41.120000,2,false,false,-2.327257633,0.627897978,0.652193069,0.179214060,-0.825590789,0.182742119,-0.502879322
1967,41.140000,2,false,false,-2.329272747,0.620487332,0.644392967,0.180437952,-0.823958158,0.184223682,-0.504575789
1968,41.160000,2,false,false,-2.329794168,0.614976645,0.639864922,0.181394920,-0.822932780,0.185856909,-0.505306721
1969,41.180000,2,false,false,-2.330540895,0.609076262,0.632491827,0.181221157,-0.822179973,0.187219009,-0.506090999
1970,41.200000,2,false,false,-2.328330517,0.606306791,0.629094362,-0.180175453,0.822392344,-0.189417124,0.505300701
1971,41.220000,2,false,false,-2.328608990,0.600465655,0.622843981,-0.179575339,0.822323978,-0.191339940,0.504901111
1972,41.240000,2,false,false,-2.330090523,0.594743252,0.616517305,-0.177979931,0.822400928,-0.192783028,0.504791617
1973,41.260000,2,false,false,-2.337173462,0.582036495,0.607487917,0.177833200,-0.822110295,0.192625403,-0.505376637
1974,41.280000,2,false,false,-2.337836027,0.576539755,0.601479292,0.175953090,-0.822956920,0.193281233,-0.504405499
1975,41.300000,2,false,false,-2.340281010,0.572175205,0.593358040,0.174160510,-0.823821783,0.193972275,-0.503349423
1976,41.320000,2,false,false,-2.339912415,0.567561030,0.587294817,0.173122093,-0.825101018,0.194705337,-0.501325250
1977,41.340000,2,false,false,-2.340746403,0.561350226,0.580286980,0.171809614,-0.827138245,0.194785789,-0.498379797
1978,41.360000,2,false,false,-2.338034153,0.561835766,0.574308634,-0.169964761,0.829633057,-0.196363792,0.494228959
1979,41.380000,2,false,false,-2.337027550,0.559960544,0.566386461,-0.168916538,0.831661522,-0.196926564,0.490944207
1980,41.400000,2,false,false,-2.338593245,0.555814207,0.554753542,0.167040661,-0.833281636,0.196395084,-0.489048183
1981,41.420000,2,false,false,-2.336697578,0.553946137,0.547463894,0.165417686,-0.835533738,0.196252748,-0.485803783
1982,41.440000,2,false,false,-2.337821960,0.549326301,0.538363457,0.163801253,-0.837884247,0.195802942,-0.482473135
1983,41.460000,2,false,false,-2.337738276,0.544065177,0.530421734,0.161685109,-0.840837896,0.195634067,-0.478097200
1984,41.480000,2,false,false,-2.336737633,0.540661097,0.522402525,0.158947229,-0.844219089,0.195842057,-0.472943813
1985,41.500000,2,false,true,-2.335548401,0.562138021,0.544109583,0.157973915,-0.845579624,0.197006553,-0.470348597
1986,41.520000,2,false,false,-2.335914373,0.556887805,0.535101891,0.155541286,-0.848308265,0.196877584,-0.466282368
1987,41.540000,2,false,false,-2.334891319,0.553174257,0.526866198,0.153022483,-0.851352751,0.197778568,-0.461157531
1988,41.560000,2,false,false,-2.332772493,0.549102664,0.519153595,0.151044175,-0.854346216,0.198596463,-0.455892235
1989,41.580000,2,false,false,-2.330959320,0.545126796,0.511067867,0.149521634,-0.856835842,0.198984966,-0.451531559
1990,41.600000,2,false,false,-2.328139782,0.541872025,0.503682613,0.147414207,-0.859503150,0.198946595,-0.447150677
1991,41.620000,2,false,false,-2.326918602,0.538155317,0.495112181,0.145430818,-0.861799300,0.198918119,-0.443377286
1992,41.640000,2,false,false,-2.324623823,0.532636404,0.486712933,0.144054919,-0.864253163,0.198962420,-0.439008772
1993,41.660000,2,false,false,-2.322264433,0.529413402,0.479270697,0.142423779,-0.866793990,0.199428618,-0.434294641
1994,41.680000,2,false,false,-2.320015192,0.524338365,0.470646381,0.140799984,-0.868869305,0.199542478,-0.430609196
1995,41.700000,2,false,false,-2.317102909,0.518765152,0.466706038,-0.140185475,0.870761991,-0.199521855,0.426980823
1996,41.720000,2,false,false,-2.313978195,0.514632404,0.456549406,0.139222279,-0.872613430,0.199247941,-0.423631072
1997,41.740000,2,false,false,-2.311002493,0.511509776,0.446666002,0.137884155,-0.874651432,0.199528381,-0.419715822
1998,41.760000,2,false,false,-2.308721304,0.502233148,0.440073729,0.136785373,-0.877389133,0.198046103,-0.415037185
1999,41.780000,2,false,false,-2.305204868,0.497347414,0.431166649,0.135275811,-0.879787385,0.198855206,-0.410038143
2000,41.800000,2,false,false,-2.305040836,0.489343673,0.423610687,0.133217961,-0.881966054,0.199508294,-0.405691117
2001,41.820000,2,false,false,-2.302304745,0.481114388,0.417023182,0.131515831,-0.884136617,0.199800760,-0.401354820
2002,41.840000,2,false,false,-2.300390720,0.473701656,0.410717964,0.129478663,-0.886264324,0.200451091,-0.396976352
2003,41.860000,2,false,false,-2.298062325,0.464629889,0.403191805,0.127317131,-0.888275743,0.201944217,-0.392396748
2004,41.880000,2,false,false,-2.296092033,0.455885708,0.394979954,0.124256305,-0.890551925,0.203963995,-0.387138754
2005,41.900000,2,false,false,-2.292830944,0.449681491,0.390521765,0.120634913,-0.893129110,0.205817983,-0.381322116
2006,41.920000,2,false,false,-2.288676262,0.447500020,0.378679991,-0.115848146,0.895512879,-0.208668008,0.375624239
2007,41.940000,2,false,false,-2.293753624,0.440663487,0.381540537,0.113452509,-0.898379087,0.208474755,-0.369569898
2008,41.960000,2,false,false,-2.291773081,0.434423476,0.376971483,0.109731019,-0.901264250,0.210335776,-0.362547636
2009,41.980000,2,false,false,-2.293036699,0.429474652,0.364481449,0.106313922,-0.903711677,0.212869555,-0.355934113
2010,42.000000,2,false,false,-2.294774055,0.423393101,0.354636669,0.102871820,-0.906223655,0.214777023,-0.349352300
2011,42.020000,2,false,false,-2.295798302,0.416105390,0.349557161,0.099638440,-0.908984184,0.215713054,-0.342473388
2012,42.040000,2,false,false,-2.296051264,0.411268711,0.337867737,0.095416203,-0.911678255,0.217007577,-0.335628241
2013,42.060000,2,false,false,-2.296119690,0.407078713,0.328957558,0.092250712,-0.914326668,0.217476368,-0.328938663
2014,42.080000,2,false,false,-2.301699162,0.397361696,0.318527699,0.088578947,-0.917019367,0.216251060,-0.323210090
2015,42.100000,2,false,false,-2.301831007,0.396879822,0.308441162,0.084882326,-0.919745028,0.216819078,-0.315996259
2016,42.120000,2,false,false,-2.304138184,0.390654624,0.301229715,0.081717074,-0.922601044,0.216347024,-0.308745354
2017,42.140000,2,false,false,-2.306969643,0.388316840,0.290098667,0.078531042,-0.925038934,0.216435105,-0.302145183
2018,42.160000,2,false,false,-2.309963703,0.384464145,0.282998562,0.075038023,-0.927481413,0.215681508,-0.296021968
2019,42.180000,2,false,false,-2.313040972,0.378474534,0.272881746,0.071956776,-0.929974973,0.215274721,-0.289180815
2020,42.200000,2,false,false,-2.314969063,0.376386911,0.262997627,0.069703616,-0.932009876,0.217642874,-0.281301737
2021,42.220000,2,false,false,-2.318897724,0.370855212,0.255515814,0.068072364,-0.933570802,0.220228925,-0.274428576
2022,42.240000,2,false,false,-2.321461678,0.360628128,0.246096373,0.065695740,-0.935397267,0.220645785,-0.268386781
2023,42.260000,2,false,false,-2.322433472,0.354964852,0.242107868,0.064464033,-0.936819732,0.221563980,-0.262911797
2024,42.280000,2,false,false,-2.325950146,0.350904584,0.229928732,0.062716417,-0.937997401,0.223436818,-0.257494599
2025,42.300000,2,false,false,-2.327772141,0.345979631,0.221786261,0.060354564,-0.939605057,0.225136742,-0.250625491
2026,42.320000,2,false,false,-2.334408283,0.336895585,0.213988304,0.057643589,-0.941112339,0.226413637,-0.244380191
2027,42.340000,2,false,false,-2.341833115,0.327737540,0.198991776,0.056424443,-0.942204297,0.228793755,-0.238161236
2028,42.360000,2,false,false,-2.347477913,0.318934381,0.191294432,0.052727994,-0.943511367,0.230333552,-0.232276797
2029,42.380000,2,false,false,-2.352245808,0.315821320,0.177966833,0.048909828,-0.944439054,0.233249813,-0.226356596
2030,42.400000,2,false,false,-2.359184265,0.304868877,0.170642614,0.045754511,-0.945583463,0.234684780,-0.220684305
2031,42.420000,2,false,false,-2.367738247,0.296737254,0.162643671,0.042463012,-0.946573615,0.235860497,-0.215789378
2032,42.440000,2,false,false,-2.368008375,0.292659402,0.153744936,0.039533995,-0.947662890,0.238101810,-0.208997071
2033,42.460000,2,false,false,-2.375408649,0.286334991,0.144160986,0.038150821,-0.948455215,0.240219057,-0.203155294
2034,42.480000,2,false,false,-2.380588531,0.278904736,0.133997917,0.036436226,-0.949284434,0.242234513,-0.197113872
2035,42.500000,2,false,false,-2.386935234,0.273926556,0.121454358,0.033876851,-0.950146377,0.244572788,-0.190416247
2036,42.520000,2,false,false,-2.392400742,0.264280349,0.113491058,0.031610277,-0.951436102,0.245513007,-0.183012441
2037,42.540000,2,false,false,-2.403096676,0.254653245,0.106982112,-0.028948219,0.952449203,-0.246738195,0.176416829
2038,42.560000,2,false,true,-2.399900198,0.252987206,0.107329488,0.025050327,-0.953443944,0.248413384,-0.169138968
2039,42.580000,2,false,false,-2.399976492,0.246903598,0.099212527,0.022936858,-0.954274058,0.250759155,-0.161105052
2040,42.600000,2,false,false,-2.413588762,0.238872558,0.089194894,0.019495551,-0.955011010,0.251522779,-0.155917630
2041,42.620000,2,false,false,-2.421499252,0.232215554,0.077684879,0.016950663,-0.955762506,0.252129346,-0.150537521
2042,42.640000,2,false,false,-2.424242258,0.226421446,0.069530725,0.014886924,-0.956665158,0.252841115,-0.143671766
2043,42.660000,2,false,false,-2.433374405,0.222856730,0.060798764,0.013457491,-0.957315683,0.254050255,-0.137201115
2044,42.680000,2,false,false,-2.436984062,0.217951566,0.052888989,0.013565390,-0.958145559,0.255151808,-0.129115179
2045,42.700000,2,false,false,-2.448894501,0.211759284,0.043201804,0.013266198,-0.958828211,0.255741864,-0.122754209
2046,42.720000,2,false,false,-2.452599049,0.208324447,0.034208655,0.012586018,-0.959757328,0.256012648,-0.114739098
2047,42.740000,2,false,false,-2.463047743,0.203751162,0.024949074,0.010632722,-0.960819602,0.255532354,-0.106845215
2048,42.760000,2,false,false,-2.465765476,0.198495120,0.016045809,-0.009057987,0.961976826,-0.255135179,0.097080797
2049,42.780000,2,false,false,-2.469871283,0.195290715,0.008615494,-0.006754942,0.962887406,-0.255238444,0.087496310
2050,42.800000,2,false,false,-2.487190008,0.194300115,-0.005568624,0.004724812,-0.963503540,0.255606085,-0.079399079
2051,42.820000,2,false,false,-2.491894722,0.189926639,-0.011901557,0.001858758,-0.964419961,0.255083382,-0.069449410
2052,42.840000,2,false,false,-2.502305269,0.185264230,-0.020610034,-0.000069934,-0.965193272,0.254669011,-0.059545301
2053,42.860000,2,false,false,-2.510942221,0.181235850,-0.029504180,-0.001687952,-0.965831280,0.254453301,-0.049199376
2054,42.880000,2,false,false,-2.516953945,0.180830419,-0.038784653,0.002872808,0.966309786,-0.254482120,0.038418517
2055,42.900000,2,false,false,-2.526841640,0.176384926,-0.047636837,0.005720407,0.967054009,-0.252809167,0.029350739
2056,42.920000,2,false,false,-2.531556129,0.172213107,-0.054798752,-0.009720281,-0.967951119,0.250165105,-0.019840222
2057,42.940000,2,false,false,-2.533998489,0.182261109,-0.062785923,-0.012054772,-0.968089402,0.250136375,-0.009457936
2058,42.960000,2,false,false,-2.534193754,0.180236936,-0.070596114,-0.015117278,-0.968560994,0.248304486,0.002440190
2059,42.980000,2,false,false,-2.542402744,0.177616864,-0.079286948,-0.018601844,-0.969041348,0.245879993,0.012484083
2060,43.000000,2,false,false,-2.549704552,0.177006513,-0.088921160,-0.022587104,-0.969256699,0.244058624,0.021602761
2061,43.020000,2,false,false,-2.554698467,0.175683096,-0.096835762,-0.026120506,-0.969296217,0.242473230,0.031453915
2062,43.040000,2,false,false,-2.555000067,0.169388667,-0.102283835,-0.030923592,-0.969203532,0.240417704,0.043446429
2063,43.060000,2,false,false,-2.563899994,0.167144924,-0.112550735,-0.034348018,-0.968671083,0.239958063,0.054006137
2064,43.080000,2,false,false,-2.577126026,0.159195259,-0.114611268,-0.039484132,-0.968494534,0.237721935,0.062830552
2065,43.100000,2,false,false,-2.581994057,0.158305436,-0.120072663,-0.043590896,-0.967905581,0.236877576,0.071747348
2066,43.120000,2,false,false,-2.586030960,0.156030014,-0.125423908,-0.048843063,-0.967289269,0.235464871,0.080760412
2067,43.140000,2,false,false,-2.588935137,0.154696286,-0.133374453,-0.053409610,-0.966278613,0.234776124,0.091287434
2068,43.160000,2,false,false,-2.591283798,0.152004227,-0.139859676,-0.058334999,-0.965214670,0.233421236,0.102333799
2069,43.180000,2,false,false,-2.603282928,0.150300846,-0.147208095,-0.063762598,-0.964212775,0.231951758,0.111474313
2070,43.200000,2,false,false,-2.606344700,0.147853240,-0.151927352,-0.068272732,-0.963237405,0.229610741,0.121620543
2071,43.220000,2,false,false,-2.610715389,0.147354677,-0.155786395,-0.073063083,-0.961896598,0.228120700,0.131824732
2072,43.240000,2,false,false,-2.609786987,0.147014543,-0.158771515,-0.077464916,-0.960416257,0.226332888,0.142735124
2073,43.260000,2,false,false,-2.612526894,0.143576711,-0.162949562,-0.080596507,-0.959004343,0.224200517,0.153457075
2074,43.280000,2,false,false,-2.616634369,0.140111655,-0.165879607,-0.085052766,-0.957405567,0.222115174,0.163724005
2075,43.300000,2,false,false,-2.616509914,0.141123071,-0.169739723,-0.088655457,-0.955025673,0.222477406,0.174842983
2076,43.320000,2,false,false,-2.626203537,0.137911379,-0.175660849,-0.092360213,-0.952729225,0.223028079,0.184486374
2077,43.340000,2,false,false,-2.633699656,0.137075037,-0.178023100,-0.097566187,-0.950250804,0.223383069,0.193918332
2078,43.360000,2,false,false,-2.632957458,0.135589242,-0.184390783,-0.102431975,-0.947050035,0.224266186,0.205690771
2079,43.380000,2,false,false,-2.635327578,0.131639838,-0.185765982,-0.108514912,-0.943803310,0.224027514,0.217420354
2080,43.400000,2,false,true,-2.652540922,0.125835180,-0.194068909,-0.113864526,-0.941862106,0.221392244,0.225646138
2081,43.420000,2,false,false,-2.656360388,0.123440474,-0.197943687,-0.119597465,-0.938951969,0.220174804,0.235772744
2082,43.440000,2,false,false,-2.654042482,0.118250728,-0.194354773,-0.125241026,-0.935801685,0.218443960,0.246722862
2083,43.460000,2,false,false,-2.672997236,0.119597390,-0.205456972,-0.130438596,-0.933048546,0.218960613,0.253894806
2084,43.480000,2,false,false,-2.675355196,0.120934233,-0.206738472,-0.133793920,-0.929631531,0.219756544,0.263802111
2085,43.500000,2,false,false,-2.679699898,0.121106327,-0.210852623,-0.136262134,-0.926510036,0.219308719,0.273707002
2086,43.520000,2,false,false,-2.681020975,0.120720223,-0.216520548,-0.140671045,-0.923137903,0.218409553,0.283417463
2087,43.540000,2,false,true,-2.681263447,0.114629954,-0.212138653,-0.145760387,-0.920153022,0.215480149,0.292644471
2088,43.560000,2,false,false,-2.686586857,0.114837945,-0.216199636,-0.148438960,-0.917375922,0.214479968,0.300642073
2089,43.580000,2,false,false,-2.692807436,0.109938145,-0.220310211,-0.151892275,-0.914785206,0.212569550,0.308076471
2090,43.600000,2,false,false,-2.701483488,0.109775260,-0.225748062,-0.154508203,-0.912388086,0.212155446,0.314110547
2091,43.620000,2,false,false,-2.707412004,0.107064605,-0.227709532,-0.157845348,-0.909729660,0.210936099,0.320909232
2092,43.640000,2,false,false,-2.699465275,0.103373170,-0.228811741,-0.159248307,-0.906253994,0.210423961,0.330250680
2093,43.660000,2,false,false,-2.711291313,0.103160918,-0.232679367,-0.163353488,-0.903627217,0.209475741,0.335996181
2094,43.680000,2,false,false,-2.717657328,0.101490498,-0.238019466,-0.165477559,-0.901205420,0.209068120,0.341667265
2095,43.700000,2,false,false,-2.723443508,0.099599183,-0.241572380,-0.167273715,-0.898909032,0.208408654,0.347200155
2096,43.720000,2,false,false,-2.731229067,0.096003950,-0.245164156,-0.169099137,-0.896880031,0.207334653,0.352170497
2097,43.740000,2,false,false,-2.735854149,0.095429659,-0.252529860,-0.169760853,-0.894533634,0.207275510,0.357809573
2098,43.760000,2,false,false,-2.743501425,0.094314337,-0.257442236,-0.171266258,-0.892427564,0.207304522,0.362306237
2099,43.780000,2,false,false,-2.743387699,0.096581995,-0.260585785,-0.171198875,-0.889813244,0.208476499,0.368050277
2100,43.800000,2,false,false,-2.753094196,0.091655135,-0.266847610,-0.172188684,-0.887871981,0.208754882,0.372096598
2101,43.820000,2,false,true,-2.746945858,0.084578335,-0.259093761,-0.175644621,-0.884994149,0.206736177,0.378410488
2102,43.840000,2,false,false,-2.755335331,0.081305861,-0.265872002,-0.175614312,-0.882779777,0.207470700,0.383164883
2103,43.860000,2,false,false,-2.763134956,0.079919040,-0.270984173,-0.175683990,-0.880427182,0.209014758,0.387680262
2104,43.880000,2,false,false,-2.770409107,0.075306952,-0.277647257,-0.174582496,-0.878314793,0.210789904,0.391984373
2105,43.900000,2,false,false,-2.779191971,0.070933014,-0.284258604,-0.172959536,-0.876378834,0.213136017,0.395750225
2106,43.920000,2,false,false,-2.790378809,0.065550953,-0.289064407,-0.173085198,-0.874721646,0.215712681,0.397959441
2107,43.940000,2,false,false,-2.792991400,0.053430587,-0.290596962,-0.173748150,-0.872786343,0.216508463,0.401471943
2108,43.960000,2,false,false,-2.799607754,0.048747241,-0.295727730,-0.172897339,-0.871001601,0.219815254,0.403910965
2109,43.980000,2,false,false,-2.808681965,0.038681656,-0.302339077,-0.172051713,-0.869879484,0.222457588,0.405241370
2110,44.000000,2,false,false,-2.817190170,0.028046250,-0.308377028,-0.170555443,-0.868982911,0.225661054,0.406025499
2111,44.020000,2,false,false,-2.826365948,0.015303463,-0.314119577,-0.168383047,-0.868321300,0.229529232,0.406179428
2112,44.040000,2,false,false,-2.834171295,0.003300130,-0.319460154,-0.165033564,-0.867981613,0.234256566,0.405580789
2113,44.060000,2,false,false,-2.826982498,-0.012125492,-0.315213203,-0.164332777,-0.866579056,0.237081453,0.407219797
2114,44.080000,2,false,false,-2.830779552,-0.025049388,-0.318300009,-0.160381556,-0.866836309,0.241281509,0.405778050
2115,44.100000,2,false,false,-2.842850208,-0.041946471,-0.329178572,-0.157077909,-0.868242681,0.243867606,0.402504444
2116,44.120000,2,false,false,-2.848992586,-0.056377530,-0.330747128,-0.152637959,-0.869366348,0.246625707,0.400099546
2117,44.140000,2,false,false,-2.852167130,-0.070272565,-0.336269855,-0.147827819,-0.870146096,0.249876216,0.398189247
2118,44.160000,2,false,false,-2.849969625,-0.082981050,-0.342087984,0.144337535,0.869982421,-0.254626662,-0.396815568
2119,44.180000,2,false,false,-2.856235504,-0.103351116,-0.346398354,0.137782231,0.870413303,-0.259248763,-0.395204782
2120,44.200000,2,false,false,-2.863159657,-0.117209792,-0.356952429,0.130610332,0.870164156,-0.266087383,-0.393640578
2121,44.220000,2,false,false,-2.865543842,-0.129617095,-0.364806414,0.125099853,0.870106697,-0.271682024,-0.391731232
2122,44.240000,2,false,false,-2.859044313,-0.144633830,-0.363998413,0.120308772,0.870705068,-0.274833947,-0.389698446
2123,44.260000,2,false,false,-2.874621391,-0.153182626,-0.379724979,-0.117153414,-0.871734083,0.281087458,0.383855075
2124,44.280000,2,false,true,-2.878191471,-0.159694076,-0.388163567,0.112449162,0.872752011,-0.286821812,-0.378671795
2125,44.300000,2,false,false,-2.877275944,-0.169510186,-0.396838665,0.107269265,0.873670816,-0.292424023,-0.373738945
2126,44.320000,2,false,false,-2.879050255,-0.185820997,-0.403604031,0.103698552,0.875654578,-0.295018345,-0.368021697
2127,44.340000,2,false,false,-2.877807856,-0.196252286,-0.416867018,0.099296503,0.877286375,-0.298892587,-0.362176806
2128,44.360000,2,false,false,-2.878235102,-0.208231509,-0.426803350,0.096059464,0.879826665,-0.300806642,-0.355236530
2129,44.380000,2,false,false,-2.879817724,-0.215577066,-0.440831184,-0.093077578,-0.882205248,0.304181159,0.347166151
2130,44.400000,2,false,false,-2.866638184,-0.223932147,-0.448984385,0.088869959,0.884226024,-0.306279778,-0.341232032
2131,44.420000,2,false,false,-2.865711689,-0.232168615,-0.463889837,0.087429948,0.887143791,-0.308010519,-0.332357436
2132,44.440000,2,false,false,-2.858520269,-0.242739737,-0.471072912,0.085692286,0.890272319,-0.307913244,-0.324440300
2133,44.460000,2,false,false,-2.853806496,-0.252467394,-0.483935595,0.083677821,0.893132985,-0.309057474,-0.315903574
2134,44.480000,2,false,false,-2.851722240,-0.261658430,-0.497375250,0.081642307,0.895987153,-0.310637772,-0.306668937
2135,44.500000,2,false,false,-2.846287727,-0.271466255,-0.510804415,0.080340229,0.898247778,-0.312007368,-0.298911303
2136,44.520000,2,false,false,-2.848378181,-0.281620502,-0.529700279,0.078326166,0.901185513,-0.313368142,-0.289015979
2137,44.540000,2,false,false,-2.840035439,-0.291809142,-0.542354584,0.077322669,0.903577149,-0.314175993,-0.280825555
2138,44.560000,2,false,false,-2.836272240,-0.301562786,-0.557490349,0.076990545,0.906168520,-0.315394253,-0.271030694
2139,44.580000,2,false,false,-2.832928658,-0.310255110,-0.570200443,0.076537266,0.908765554,-0.316565871,-0.260908693
2140,44.600000,2,false,false,-2.827810287,-0.319288790,-0.585717678,0.076043509,0.910929322,-0.317943156,-0.251669139
2141,44.620000,2,false,false,-2.824948072,-0.328197956,-0.603547812,0.074128322,0.912943125,-0.319643408,-0.242627278
2142,44.640000,2,false,false,-2.818358421,-0.337505817,-0.616620302,0.072376832,0.914782286,-0.320872545,-0.234469429
2143,44.660000,2,false,false,-2.817064047,-0.344847202,-0.632240534,0.071968496,0.916816771,-0.322305232,-0.224470437
2144,44.680000,2,false,false,-2.813353300,-0.351934433,-0.647004604,0.070853062,0.919097722,-0.323274821,-0.213852033
2145,44.700000,2,false,false,-2.805921555,-0.360875249,-0.661619663,0.070132501,0.921835661,-0.322766751,-0.202785954
2146,44.720000,2,false,false,-2.781047106,-0.361988842,-0.660575151,0.070261449,0.923050642,-0.323483735,-0.195957318
2147,44.740000,2,false,false,-2.777419329,-0.369107336,-0.675470591,0.068141520,0.925804377,-0.323155671,-0.183884338
2148,44.760000,2,false,false,-2.776046276,-0.374819040,-0.689827681,0.066515751,0.928573966,-0.322785437,-0.170691773
2149,44.780000,2,false,false,-2.762000799,-0.386174291,-0.698589325,0.064948902,0.931218982,-0.320909023,-0.160094559
2150,44.800000,2,false,false,-2.754786968,-0.394898534,-0.709952593,0.063037135,0.933016360,-0.321323067,-0.149192125
2151,44.820000,2,false,false,-2.745645285,-0.409431666,-0.720500708,0.062501036,0.934879065,-0.321093380,-0.137818038
2152,44.840000,2,false,false,-2.736249208,-0.418719858,-0.731567383,0.060167827,0.936273992,-0.322143584,-0.126469031
2153,44.860000,2,false,false,-2.733314037,-0.426816016,-0.742896080,0.056074549,0.937282979,-0.324386895,-0.114584126
2154,44.880000,2,false,false,-2.720775127,-0.424343824,-0.755699039,0.052022059,0.937166452,-0.328345478,-0.105839625
2155,44.900000,2,false,false,-2.719317436,-0.438356131,-0.767696261,0.047063138,0.937837839,-0.330381781,-0.095357940
2156,44.920000,2,false,false,-2.707560539,-0.451091886,-0.772665262,-0.043156426,-0.938483953,0.331882477,0.085085198
2157,44.940000,2,false,false,-2.695662737,-0.466895521,-0.776312232,0.040758766,0.939601958,-0.331634372,-0.074200109
2158,44.960000,2,false,false,-2.696450710,-0.469257772,-0.790965796,0.034909897,0.940111518,-0.333789051,-0.059636213
2159,44.980000,2,false,false,-2.692179203,-0.476617694,-0.799355745,0.029521838,0.941291034,-0.333325088,-0.044656258
2160,45.000000,2,false,false,-2.672266960,-0.488462567,-0.800529361,0.025111573,0.942759573,-0.330943197,-0.032410834
2161,45.020000,2,false,false,-2.661769629,-0.497551680,-0.808235288,0.020016067,0.943106532,-0.331241250,-0.020707276
2162,45.040000,2,false,false,-2.646065474,-0.495931745,-0.823942900,-0.013527185,-0.942227900,0.334532231,0.010571314
2163,45.060000,2,false,false,-2.638530254,-0.509127021,-0.826713145,-0.007362393,-0.942159772,0.335080028,-0.001459204
2164,45.080000,2,false,false,-2.633096695,-0.524613976,-0.826892853,0.003209343,0.942356467,-0.334242970,0.015352444
2165,45.100000,2,false,false,-2.627427816,-0.530179918,-0.833041668,-0.002362862,0.942794323,-0.331712276,0.033172391
2166,45.120000,2,false,false,-2.622953415,-0.538515091,-0.840029538,0.008991316,-0.943301976,0.327632099,-0.052514609
2167,45.140000,2,false,false,-2.597298145,-0.546267748,-0.841008127,0.012180991,-0.943570614,0.324354142,-0.065730795
2168,45.160000,2,false,false,-2.603038549,-0.552105308,-0.852931619,0.018202808,-0.941954970,0.324762315,-0.083180204
2169,45.180000,2,false,false,-2.554172754,-0.549778163,-0.848092854,-0.023238400,0.940952480,-0.325733781,0.089252293
2170,45.200000,2,false,false,-2.545175552,-0.555603027,-0.852317989,-0.029823033,0.939399242,-0.325157464,0.104461953
2171,45.220000,2,false,false,-2.534986973,-0.554972172,-0.861500800,-0.037127521,0.937302411,-0.324938059,0.120420709
2172,45.240000,2,false,false,-2.522240877,-0.566051722,-0.863033950,-0.041953366,0.936086833,-0.321651489,0.136094809
2173,45.260000,2,false,false,-2.515658379,-0.566030145,-0.869319201,-0.045485813,0.933471143,-0.321608424,0.152087793
2174,45.280000,2,false,false,-2.492843628,-0.572946429,-0.866701484,-0.047932297,0.931768835,-0.319745630,0.165142640
2175,45.300000,2,false,false,-2.486347437,-0.574809849,-0.873898804,-0.052745007,0.928594172,-0.319486707,0.181270972
2176,45.320000,2,false,false,-2.474134207,-0.577658772,-0.876103640,-0.055912718,0.925543785,-0.318925560,0.196288228
2177,45.340000,2,false,false,-2.466719866,-0.581527889,-0.876809239,-0.060004424,0.921973467,-0.319817573,0.209955007
2178,45.360000,2,false,false,-2.453263998,-0.580471635,-0.877301693,-0.063956983,0.918092489,-0.321751654,0.222467169
2179,45.380000,2,false,false,-2.438948393,-0.581448376,-0.877071679,-0.066221431,0.914288104,-0.322326809,0.236214831
2180,45.400000,2,false,false,-2.434898376,-0.587773561,-0.879874706,-0.068506375,0.910197377,-0.321777850,0.251608044
2181,45.420000,2,false,false,-2.423938274,-0.592895508,-0.877526820,-0.070646279,0.906335473,-0.321305484,0.265194416
2182,45.440000,2,false,false,-2.414423466,-0.594709456,-0.878879905,-0.073897712,0.901845515,-0.321558177,0.278952092
2183,45.460000,2,false,false,-2.405978441,-0.595510840,-0.880091965,-0.076449312,0.897372246,-0.321236014,0.292721778
2184,45.480000,2,false,false,-2.393905878,-0.592806578,-0.877460837,-0.078835748,0.893349528,-0.320507973,0.304936528
2185,45.500000,2,false,false,-2.386772633,-0.594551384,-0.877713203,-0.082271107,0.888842762,-0.319984734,0.317490011
2186,45.520000,2,false,false,-2.385986567,-0.600482285,-0.879308581,-0.086062633,0.884249747,-0.318506360,0.330528855
2187,45.540000,2,false,false,-2.377303839,-0.594058871,-0.879325986,-0.088091359,0.879858255,-0.317583233,0.342389256
2188,45.560000,2,false,false,-2.365855694,-0.591652155,-0.876897931,-0.091741376,0.876128018,-0.316027731,0.352292091
2189,45.580000,2,false,false,-2.359796047,-0.590404510,-0.876291633,-0.095617376,0.872056246,-0.314313680,0.362742782
2190,45.600000,2,false,false,-2.352686644,-0.588764608,-0.875651002,-0.099931136,0.867740512,-0.313160121,0.372788221
2191,45.620000,2,false,false,-2.345336437,-0.588691711,-0.872873068,-0.104241975,0.863247991,-0.312089622,0.382801056
2192,45.640000,2,false,false,-2.337180853,-0.584417284,-0.866304874,-0.107876852,0.859142303,-0.311194628,0.391656846
2193,45.660000,2,false,false,-2.344335079,-0.592157841,-0.873073339,-0.111461908,0.853618562,-0.309789240,0.403661162
2194,45.680000,2,false,false,-2.342002630,-0.593827486,-0.870261073,-0.115146369,0.849018216,-0.309130400,0.412732154
2195,45.700000,2,false,false,-2.335384130,-0.591594398,-0.869013309,-0.117541894,0.844479740,-0.308857918,0.421479195
2196,45.720000,2,false,false,-2.330134869,-0.588284433,-0.866016984,-0.119950540,0.840057254,-0.308587939,0.429754972
2197,45.740000,2,false,false,-2.324654579,-0.588918209,-0.861651897,-0.122121818,0.835851908,-0.307477653,0.438058704
2198,45.760000,2,false,false,-2.321614504,-0.587115169,-0.866191626,-0.124767557,0.830965400,-0.307373315,0.446599633
2199,45.780000,2,false,false,-2.315647125,-0.582249939,-0.863813162,-0.126599789,0.827217519,-0.307319432,0.453032523
2200,45.800000,2,false,false,-2.311090946,-0.580800056,-0.861270666,-0.128574535,0.823562145,-0.306183994,0.459853709
2201,45.820000,2,false,false,-2.308189869,-0.580906034,-0.857378721,-0.131195724,0.819522858,-0.304528624,0.467367411
2202,45.840000,2,false,false,-2.300654888,-0.577047467,-0.852911949,-0.133187249,0.815722883,-0.302220702,0.474889606
2203,45.860000,2,false,true,-2.354953051,-0.538814902,-0.833928108,-0.139788955,0.806580663,-0.302442372,0.488277912
2204,45.880000,2,false,false,-2.352506161,-0.536691427,-0.831752062,-0.141584978,0.802500725,-0.301066399,0.495283186
2205,45.900000,2,false,false,-2.346510649,-0.531844854,-0.828625202,-0.143044546,0.798595071,-0.300061077,0.501744509
2206,45.920000,2,false,false,-2.341145754,-0.529287934,-0.823518515,-0.144799829,0.794824600,-0.298219383,0.508283556
2207,45.940000,2,false,false,-2.336856365,-0.525292873,-0.819533110,-0.145807162,0.790944040,-0.296275884,0.515139282
2208,45.960000,2,false,false,-2.334012508,-0.525776625,-0.813367128,-0.147988781,0.786691606,-0.293873698,0.522354245
2209,45.980000,2,false,false,-2.326228142,-0.521490335,-0.807386398,-0.149601549,0.783110678,-0.292042792,0.528268874
2210,46.000000,2,false,false,-2.322277069,-0.518438220,-0.802443981,-0.151428401,0.779084802,-0.290660381,0.534427643
2211,46.020000,2,false,false,-2.318512440,-0.513812780,-0.797787905,-0.152871162,0.774404168,-0.289403468,0.541455805
2212,46.040000,2,false,false,-2.316127300,-0.512722373,-0.791603327,-0.154583678,0.769973814,-0.287488878,0.548264980
2213,46.060000,2,false,true,-2.318357706,-0.514368951,-0.793882608,-0.155670032,0.765019655,-0.285994709,0.555624783
2214,46.080000,2,false,false,-2.312301159,-0.509978712,-0.787808657,-0.156640500,0.761461675,-0.285153389,0.560649216
2215,46.100000,2,false,false,-2.308653355,-0.505576849,-0.782101631,-0.157246798,0.757604957,-0.283911705,0.566305876
2216,46.120000,2,false,false,-2.304549694,-0.504166722,-0.775595903,-0.158291131,0.753819466,-0.282035261,0.571975827
2217,46.140000,2,false,false,-2.301584244,-0.499680430,-0.768152952,-0.158934936,0.750459373,-0.280670553,0.576866150
2218,46.160000,2,false,false,-2.295655012,-0.495677620,-0.762873888,-0.159673616,0.747031748,-0.279569894,0.581625938
2219,46.180000,2,false,false,-2.293351650,-0.492653638,-0.753830433,-0.160667315,0.744213164,-0.278739661,0.585352063
2220,46.200000,2,false,false,-2.289159298,-0.487535298,-0.747238398,-0.161418721,0.741055310,-0.278419584,0.589290857
2221,46.220000,2,false,false,-2.283430576,-0.483332396,-0.742865086,-0.162702411,0.737417281,-0.278394341,0.593498349
2222,46.240000,2,false,false,-2.278929472,-0.478177249,-0.734469891,-0.163784638,0.734939575,-0.278190196,0.596363008
2223,46.260000,2,false,false,-2.273586750,-0.474124014,-0.728390932,-0.164042026,0.732641697,-0.277954429,0.599222720
2224,46.280000,2,false,false,-2.270671368,-0.472697973,-0.724550962,-0.164415121,0.730351150,-0.277093768,0.602307141
2225,46.300000,2,false,false,-2.267928123,-0.467894793,-0.718399286,-0.164383769,0.728685319,-0.277148396,0.604304910
2226,46.320000,2,false,false,-2.261675835,-0.464701235,-0.710663080,-0.165114805,0.727350593,-0.277480870,0.605559826
2227,46.340000,2,false,false,-2.257797241,-0.459728241,-0.704421759,-0.164596885,0.726194084,-0.277932942,0.606880009
2228,46.360000,2,false,false,-2.253065348,-0.454202712,-0.696348190,-0.163471878,0.725675046,-0.277468443,0.608016491
2229,46.380000,2,false,false,-2.259410381,-0.463178277,-0.709620237,-0.163371399,0.722744942,-0.276516795,0.611954272
2230,46.400000,2,false,false,-2.257083893,-0.458540320,-0.701735497,-0.162798896,0.722532451,-0.275465041,0.612831473
2231,46.420000,2,false,false,-2.253469467,-0.454060495,-0.693704367,-0.162638053,0.722273231,-0.274109602,0.613786817
2232,46.440000,2,false,false,-2.248069286,-0.446075261,-0.685096025,-0.162966132,0.721713543,-0.273909777,0.614446938
2233,46.460000,2,false,false,-2.246036291,-0.443970501,-0.675845861,-0.164506331,0.720950067,-0.273078263,0.615302444
2234,46.480000,2,false,true,-2.239011288,-0.434649289,-0.670916796,-0.163279653,0.720366180,-0.272584289,0.616530776
2235,46.500000,2,false,false,-2.238605976,-0.432641983,-0.664142370,-0.164328173,0.719553232,-0.272300452,0.617326438
2236,46.520000,2,false,false,-2.232427597,-0.423278928,-0.655073404,-0.165248454,0.719561756,-0.273716360,0.616444111
2237,46.540000,2,false,false,-2.229228020,-0.419321895,-0.647589207,-0.165520400,0.719338298,-0.274712473,0.616188705
2238,46.560000,2,false,false,-2.226696491,-0.414911866,-0.639255285,-0.165661812,0.718765616,-0.275151581,0.616622984
2239,46.580000,2,false,false,-2.220402718,-0.410712421,-0.631586790,-0.165731877,0.718660712,-0.275017053,0.616786420
2240,46.600000,2,false,false,-2.218688726,-0.407727242,-0.624545574,-0.164839774,0.718298614,-0.274831474,0.617529571
2241,46.620000,2,false,false,-2.215928555,-0.402860224,-0.616698027,-0.163905442,0.718042791,-0.275350839,0.617844343
2242,46.640000,2,false,false,-2.211968899,-0.398432970,-0.608268976,-0.163300112,0.717577696,-0.275683641,0.618396282
2243,46.660000,2,false,false,-2.210455894,-0.395543396,-0.602239847,-0.162401289,0.717261970,-0.275150180,0.619236231
2244,46.680000,2,false,false,-2.203676224,-0.390490472,-0.593210936,-0.161547869,0.717181981,-0.274981856,0.619626760
2245,46.700000,2,false,false,-2.200550079,-0.386127353,-0.586019754,-0.160963476,0.716792405,-0.274742186,0.620335519
2246,46.720000,2,false,false,-2.197878599,-0.381146908,-0.579437733,-0.160665438,0.716070056,-0.274258882,0.621459901
2247,46.740000,2,false,false,-2.194269180,-0.376025558,-0.573392153,-0.161133304,0.714843750,-0.274330556,0.622717619
2248,46.760000,2,false,false,-2.193015099,-0.371959388,-0.566815853,-0.162138119,0.713477194,-0.274377972,0.624001861
2249,46.780000,2,false,false,-2.188729763,-0.372409344,-0.557283640,-0.164913878,0.711852908,-0.273471564,0.625525475
2250,46.800000,2,false,false,-2.186604261,-0.368193269,-0.552304745,-0.166372359,0.709875822,-0.273217887,0.627493978
2251,46.820000,2,false,false,-2.182202816,-0.363663018,-0.547507286,-0.166995540,0.708877027,-0.272997260,0.628552675
2252,46.860000,2,false,false,-2.177107334,-0.358309746,-0.537323952,-0.170099422,0.706513643,-0.271309227,0.631106973
2253,46.880000,2,false,false,-2.171569109,-0.354172170,-0.532418251,-0.171075806,0.705859303,-0.269918174,0.632170856
2254,46.900000,2,false,false,-2.166677475,-0.351191819,-0.528513193,-0.172232375,0.705850720,-0.269087195,0.632220685
2255,46.920000,2,false,false,-2.161752224,-0.347432375,-0.524233818,-0.173706040,0.705556035,-0.269017607,0.632175982
2256,46.940000,2,false,false,-2.158993244,-0.347022653,-0.516091824,-0.177138716,0.705210805,-0.267658919,0.632185340
2257,46.960000,2,false,false,-2.149746895,-0.335505486,-0.518048525,-0.178080022,0.704772234,-0.266662538,0.632830858
2258,46.980000,2,false,false,-2.142169237,-0.329018056,-0.515584230,-0.181742191,0.704597712,-0.265545040,0.632453799
2259,47.000000,2,false,false,-2.136981964,-0.326082170,-0.511874676,-0.185795382,0.703942180,-0.264302373,0.632526457
2260,47.020000,2,false,false,-2.132756472,-0.320160627,-0.510534525,-0.188911974,0.703562856,-0.262753040,0.632670879
2261,47.040000,2,false,false,-2.127764940,-0.315973461,-0.506667852,-0.191665664,0.703575611,-0.260957778,0.632571518
2262,47.060000,2,false,false,-2.123551607,-0.313152730,-0.499211073,-0.194851205,0.703269303,-0.258551598,0.632926822
2263,47.080000,2,false,false,-2.117596626,-0.306580663,-0.496946573,-0.197723940,0.701762676,-0.256807268,0.634416699
2264,47.100000,2,false,false,-2.113258839,-0.301733017,-0.490891933,-0.201398969,0.700316370,-0.254565805,0.635760784
2265,47.120000,2,false,false,-2.106726646,-0.295319378,-0.488319159,-0.204306781,0.698826611,-0.252901077,0.637135208
2266,47.140000,2,false,false,-2.101777554,-0.291023016,-0.485704899,-0.206974939,0.697498918,-0.251287639,0.638366103
2267,47.160000,2,false,false,-2.096180916,-0.287170529,-0.482700348,-0.208875895,0.696137726,-0.249935701,0.639761925
2268,47.180000,2,false,false,-2.092431545,-0.284697890,-0.479857206,-0.210535884,0.694503546,-0.247788683,0.641825795
2269,47.200000,2,false,false,-2.086452007,-0.280819267,-0.475786448,-0.211829558,0.692939639,-0.246341094,0.643645108
2270,47.220000,2,false,false,-2.081893444,-0.277693033,-0.472599983,-0.212689415,0.691387534,-0.244658664,0.645669162
2271,47.240000,2,false,false,-2.075073481,-0.274718106,-0.469936609,-0.213047236,0.689689338,-0.243722722,0.647718072
2272,47.260000,2,false,false,-2.068713188,-0.272662997,-0.466177702,-0.213411808,0.688140690,-0.242994487,0.649516404
2273,47.280000,2,false,false,-2.061882019,-0.271157563,-0.461279154,-0.213931710,0.686237812,-0.242267221,0.651626825
2274,47.300000,2,false,false,-2.055470943,-0.269676417,-0.457134247,-0.212671801,0.684748113,-0.241526127,0.653877616
2275,47.320000,2,false,false,-2.048811913,-0.267036557,-0.454040051,-0.211553350,0.682786644,-0.240848273,0.656536162
2276,47.340000,2,false,false,-2.040637016,-0.263092548,-0.450498581,-0.210866496,0.680870950,-0.240547255,0.658852875
2277,47.360000,2,false,false,-2.033449173,-0.261154830,-0.447252750,-0.209990844,0.679133892,-0.239740998,0.661215067
2278,47.380000,2,false,false,-2.033019543,-0.265202492,-0.444142580,-0.210369959,0.677297950,-0.237757280,0.663689375
2279,47.400000,2,false,false,-2.025056839,-0.263173938,-0.440579414,-0.209661946,0.675716281,-0.237068653,0.665768743
2280,47.420000,2,false,false,-2.017376423,-0.259946764,-0.435052633,-0.209026128,0.674359083,-0.236420646,0.667572618
2281,47.440000,2,false,false,-2.008216858,-0.257516235,-0.433642387,-0.207997441,0.672755301,-0.235397384,0.669869840
2282,47.460000,2,false,false,-2.002414227,-0.256846756,-0.430233479,-0.206845179,0.671520114,-0.234009176,0.671949089
2283,47.480000,2,false,false,-1.993111014,-0.251977801,-0.429808378,-0.206346855,0.669819772,-0.233302534,0.674041808
2284,47.500000,2,false,false,-1.984480619,-0.249151707,-0.426214099,-0.206377894,0.668924570,-0.231550351,0.675523937
2285,47.520000,2,false,false,-1.976836801,-0.245465159,-0.423837423,-0.206812114,0.667445362,-0.230632335,0.677166283
2286,47.540000,2,false,false,-1.967105389,-0.243180990,-0.419434905,-0.208014429,0.665480733,-0.229759827,0.679025710
2287,47.560000,2,false,false,-1.957557559,-0.239554763,-0.412040949,-0.209512100,0.663641453,-0.229715347,0.680379093
2288,47.580000,2,false,false,-1.948284626,-0.235436380,-0.413109899,-0.209133208,0.661129296,-0.228639826,0.683297396
2289,47.600000,2,false,false,-1.939625263,-0.232967615,-0.407958031,-0.210447699,0.659069121,-0.227427989,0.685285509
2290,47.620000,2,false,false,-1.929067731,-0.228880018,-0.404265404,-0.210204691,0.656903863,-0.226192698,0.687843204
2291,47.640000,2,false,false,-1.918946505,-0.225011319,-0.401404858,-0.210360393,0.654683232,-0.225174442,0.690242589
2292,47.660000,2,false,false,-1.910496712,-0.224254429,-0.396097660,-0.211184770,0.652846158,-0.223802179,0.692174554
2293,47.680000,2,false,false,-1.904294729,-0.221348166,-0.393495679,-0.211833939,0.650323570,-0.223249629,0.694525182
2294,47.700000,2,false,false,-1.895073175,-0.218557090,-0.388210535,-0.212249920,0.648128927,-0.221999794,0.696846485
2295,47.720000,2,false,false,-1.886090994,-0.214991391,-0.383315563,-0.212429628,0.645695806,-0.221145898,0.699317575
2296,47.740000,2,false,false,-1.876495957,-0.214351326,-0.378000975,-0.213146761,0.642906785,-0.220530406,0.701858759
2297,47.760000,2,false,false,-1.869176149,-0.210272163,-0.372750521,-0.212990209,0.640184104,-0.220341846,0.704449475
2298,47.780000,2,false,false,-1.862944365,-0.208221316,-0.368406177,-0.213306144,0.637257516,-0.219255596,0.707340419
2299,47.800000,2,false,false,-1.855809450,-0.205607921,-0.363433599,-0.213614911,0.633630216,-0.219043225,0.710564256
2300,47.820000,2,false,false,-1.849613428,-0.203082591,-0.357333302,-0.214415431,0.630623102,-0.218144417,0.713269651
2301,47.840000,2,false,false,-1.842115402,-0.199970543,-0.350939035,-0.214994669,0.627987385,-0.217843607,0.715509236
2302,47.860000,2,false,false,-1.834244013,-0.197230726,-0.346850753,-0.215948194,0.625314534,-0.216694504,0.717907846
2303,47.880000,2,false,false,-1.826545715,-0.194833606,-0.341661096,-0.217035308,0.623324275,-0.215194523,0.719759643
2304,47.900000,2,false,false,-1.815891385,-0.187490761,-0.337123632,-0.217493191,0.620842218,-0.215315938,0.721727610
2305,47.920000,2,false,false,-1.811136603,-0.184592336,-0.332509875,-0.218229309,0.618646324,-0.214385197,0.723665416
2306,47.940000,2,false,false,-1.801596045,-0.179057479,-0.327132702,-0.219377756,0.615800440,-0.213118330,0.726115584
2307,47.960000,2,false,false,-1.795836329,-0.173495501,-0.321626425,-0.220710292,0.612849951,-0.212636590,0.728345752
2308,47.980000,2,false,false,-1.790951610,-0.171814054,-0.314348221,-0.222791046,0.609731376,-0.212216213,0.730449319
2309,48.000000,2,false,false,-1.782284856,-0.163344502,-0.309014678,-0.223249465,0.607327998,-0.211678609,0.732464731
2310,48.020000,2,false,false,-1.776702881,-0.158297837,-0.303025842,-0.224294633,0.605070233,-0.211253747,0.734134734
2311,48.040000,2,false,false,-1.777702212,-0.157733649,-0.294385433,-0.226983935,0.602952242,-0.209391579,0.735582829
2312,48.060000,2,false,false,-1.773088098,-0.157445878,-0.289690733,-0.228447586,0.600340605,-0.207915023,0.737681687
2313,48.080000,2,false,false,-1.765939116,-0.147537023,-0.279614687,-0.228856355,0.598788500,-0.207413778,0.738956451
2314,48.100000,2,false,false,-1.763529301,-0.148423493,-0.273987532,-0.230222464,0.596895576,-0.205891714,0.740487695
2315,48.120000,2,false,false,-1.757748842,-0.140162021,-0.266702890,-0.230902120,0.595211327,-0.205136821,0.741840005
2316,48.140000,2,false,false,-1.752566576,-0.132432699,-0.258605957,-0.232064217,0.593451858,-0.204088360,0.743175030
2317,48.160000,2,false,false,-1.747027755,-0.121484578,-0.252491355,-0.233132347,0.591118157,-0.203640938,0.744821548
2318,48.180000,2,false,false,-1.743453622,-0.119911999,-0.244526029,-0.236322716,0.588083684,-0.202870592,0.746426642
2319,48.200000,2,false,false,-1.739202142,-0.112241477,-0.237492085,-0.238257527,0.585505486,-0.202297181,0.747992396
2320,48.220000,2,false,false,-1.734556079,-0.104138643,-0.229049087,-0.240961716,0.582839608,-0.202425957,0.749172390
2321,48.240000,2,false,false,-1.732073069,-0.104004800,-0.222323895,-0.244385049,0.579871535,-0.201470330,0.750622928
2322,48.260000,2,false,false,-1.728854418,-0.091311067,-0.214492083,-0.245660275,0.577730060,-0.201341763,0.751891196
2323,48.280000,2,false,false,-1.723829031,-0.090144336,-0.208356977,-0.248048440,0.574091077,-0.200007185,0.754247010
2324,48.300000,2,false,false,-1.722203851,-0.083730578,-0.201452494,-0.250021070,0.569580853,-0.200086161,0.756989300
2325,48.320000,2,false,false,-1.719382286,-0.074426979,-0.192448139,-0.251160353,0.564647317,-0.199814439,0.760372400
2326,48.340000,2,false,false,-1.715335250,-0.067222506,-0.183149934,-0.253072023,0.558405697,-0.198680714,0.764633060
2327,48.360000,2,false,false,-1.715035915,-0.060919702,-0.173751235,-0.255317211,0.553641438,-0.196735635,0.767847300
2328,48.380000,2,false,false,-1.711362720,-0.054097772,-0.164398193,-0.257987767,0.549943924,-0.194748893,0.770114839
2329,48.400000,2,false,false,-1.710851550,-0.042682439,-0.154533744,-0.259881377,0.546971500,-0.195231855,0.771471560
2330,48.420000,2,false,false,-1.709209561,-0.035368562,-0.141592383,-0.262392282,0.544421494,-0.194115013,0.772706270
2331,48.440000,2,false,false,-1.703277469,-0.025622785,-0.128591299,-0.263881773,0.540940881,-0.192682296,0.774998724
2332,48.460000,2,false,false,-1.700325727,-0.018272281,-0.117787361,-0.265691966,0.537377894,-0.191134378,0.777238965
2333,48.480000,2,false,false,-1.698260903,-0.010010123,-0.107323289,-0.266670197,0.535226285,-0.189794034,0.778715730
2334,48.500000,2,false,false,-1.696276426,-0.001380712,-0.095873117,-0.267567098,0.532761395,-0.188997626,0.780290365
2335,48.520000,2,false,false,-1.693235636,0.008668154,-0.085501075,-0.268467903,0.530097902,-0.187292740,0.782203734
2336,48.540000,2,false,false,-1.690935612,0.013927907,-0.074254155,-0.269885629,0.526679635,-0.184237838,0.784746289
2337,48.560000,2,false,false,-1.689999938,0.021211863,-0.064799428,-0.270847261,0.523492754,-0.181310594,0.787225246
2338,48.580000,2,false,false,-1.687453747,0.033258021,-0.054996610,-0.272211641,0.520055711,-0.179109424,0.789533317
2339,48.600000,2,false,false,-1.685813904,0.041106343,-0.045568287,-0.274210483,0.516100883,-0.176642001,0.791988790
2340,48.620000,2,false,false,-1.684328079,0.051420689,-0.035622478,-0.276022375,0.512033999,-0.173213601,0.794751465
2341,48.640000,2,false,false,-1.683409333,0.061898857,-0.026073337,-0.278521568,0.507594943,-0.168941140,0.797641575
2342,48.660000,2,false,false,-1.680853844,0.070376158,-0.018350065,-0.281938314,0.502935410,-0.164553210,0.800305605
2343,48.680000,2,false,false,-1.680171013,0.080547959,-0.008671224,-0.285161525,0.499044061,-0.160901979,0.802339435
2344,48.700000,2,false,false,-1.677942157,0.098864973,0.008716226,-0.286605090,0.496238917,-0.156733438,0.804387450
2345,48.720000,2,false,false,-1.675995946,0.108384609,0.016563773,-0.290223360,0.491073072,-0.152560666,0.807058215
2346,48.740000,2,false,false,-1.676120520,0.118272364,0.026304185,-0.294121563,0.485426813,-0.148461431,0.809822559
2347,48.760000,2,false,false,-1.676075816,0.126716197,0.035444438,-0.297846287,0.479994476,-0.144199342,0.812465131
2348,48.780000,2,false,false,-1.674573183,0.134026498,0.042540610,-0.301004708,0.474378377,-0.140915439,0.815171301
2349,48.800000,2,false,false,-1.674214125,0.141280413,0.050667226,-0.304547280,0.468615949,-0.138253108,0.817640662
2350,48.820000,2,false,false,-1.674013615,0.150469542,0.059081852,-0.306892127,0.462368995,-0.135073423,0.820845485
2351,48.840000,2,false,false,-1.674242496,0.158745229,0.070466757,-0.310075283,0.456534833,-0.131740749,0.823452294
2352,48.860000,2,false,false,-1.674587488,0.167689234,0.079069436,-0.312876910,0.450695753,-0.129236445,0.826002002
2353,48.880000,2,false,false,-1.674408674,0.174246624,0.087610424,-0.316519082,0.444695354,-0.126859814,0.828232050
2354,48.900000,2,false,false,-1.674238205,0.182255492,0.093597054,-0.319276601,0.438228756,-0.125133947,0.830878854
2355,48.920000,2,false,false,-1.674908638,0.189135596,0.100372612,-0.322482169,0.431459546,-0.123024210,0.833494425
2356,48.940000,2,false,false,-1.675062180,0.195612222,0.103814542,-0.325345755,0.423085093,-0.120151736,0.837085903
2357,48.960000,2,false,false,-1.675845146,0.204618126,0.109384418,-0.328067690,0.417025805,-0.116888560,0.839522600
2358,48.980000,2,false,false,-1.675851822,0.212108403,0.114390552,-0.330936104,0.411043912,-0.114674501,0.841649592
2359,49.000000,2,false,false,-1.675867915,0.218334362,0.119909585,-0.333901972,0.405026913,-0.112920113,0.843630135
2360,49.020000,2,false,false,-1.676871300,0.225970268,0.127433181,-0.336903125,0.399459571,-0.111191809,0.845319390
2361,49.040000,2,false,false,-1.676110387,0.231436670,0.130923629,-0.338800192,0.393069565,-0.108569339,0.847893596
2362,49.060000,2,false,false,-1.675929785,0.237589046,0.137201220,-0.341411680,0.387746990,-0.105993055,0.849620998
2363,49.080000,2,false,false,-1.674912810,0.243813142,0.141726732,-0.343320101,0.383179635,-0.103736565,0.851201236
2364,49.100000,2,false,false,-1.675346851,0.251414537,0.146783143,-0.345383674,0.379139185,-0.102100305,0.852372706
2365,49.120000,2,false,false,-1.679890394,0.258143157,0.150718629,-0.347445428,0.373640805,-0.099772215,0.854236364
2366,49.140000,2,false,false,-1.679845810,0.264168620,0.154115558,-0.349950969,0.368612021,-0.096873663,0.855730712
2367,49.160000,2,false,false,-1.680958986,0.269926161,0.159756541,-0.353044838,0.363814533,-0.093405582,0.856897771
2368,49.180000,2,false,false,-1.681866169,0.275754154,0.163830370,-0.355521232,0.358639807,-0.090602160,0.858355045
2369,49.200000,2,false,false,-1.683486581,0.280777961,0.167934000,-0.358125895,0.353172928,-0.086943328,0.859916031
2370,49.220000,2,false,false,-1.685508132,0.287126660,0.172720879,-0.361918837,0.348277479,-0.083283111,0.860686660
2371,49.240000,2,false,false,-1.687579393,0.295868456,0.174045742,-0.365973949,0.343363762,-0.080036491,0.861254096
2372,49.260000,2,false,false,-1.689273953,0.302317530,0.177906305,-0.372136712,0.339537710,-0.076543614,0.860447228
2373,49.280000,2,false,false,-1.690900803,0.306345910,0.181805491,-0.376968652,0.336525142,-0.071124136,0.859992325
2374,49.300000,2,false,false,-1.693289042,0.312511981,0.185192525,-0.380328953,0.332887560,-0.065778285,0.860354006
2375,49.320000,2,false,false,-1.696100950,0.318918288,0.189552367,-0.383364946,0.329105288,-0.062576368,0.860700488
2376,49.340000,2,false,true,-1.732037306,0.290146261,0.161764234,-0.386944562,0.326568693,-0.060972929,0.860179782
2377,49.360000,2,false,false,-1.735515356,0.294532090,0.165603191,-0.389517277,0.323558599,-0.060969323,0.860156357
2378,49.380000,2,false,false,-1.739302993,0.298758239,0.170068532,-0.392365754,0.320274055,-0.059874307,0.860167801
2379,49.400000,2,false,false,-1.742873669,0.303838938,0.173643619,-0.394375473,0.316624105,-0.058305450,0.860707641
2380,49.420000,2,false,false,-1.748670101,0.309445202,0.177386045,-0.395720929,0.313335270,-0.059318818,0.861224353
2381,49.440000,2,false,false,-1.752607822,0.312946349,0.180428624,-0.396658868,0.310007334,-0.060263094,0.861931324
2382,49.460000,2,false,false,-1.757286906,0.316613704,0.183125615,-0.397858292,0.307228297,-0.060454771,0.862360060
2383,49.480000,2,false,false,-1.725295424,0.343204111,0.218536317,-0.401574939,0.303105891,-0.057966977,0.862266958
2384,49.500000,2,false,false,-1.729475021,0.346682489,0.221544325,-0.402821392,0.301274508,-0.056788117,0.862405777
2385,49.520000,2,false,false,-1.734056354,0.351156205,0.224934876,-0.403675050,0.299590528,-0.055073857,0.862704456
2386,49.540000,2,false,false,-1.738872528,0.353749543,0.227311790,-0.404760987,0.298288375,-0.052372344,0.862815022
2387,49.560000,2,false,false,-1.743887424,0.358631581,0.230227917,-0.405734092,0.297829717,-0.050677944,0.862617612
2388,49.580000,2,false,false,-1.747670174,0.361916244,0.231876567,-0.406463355,0.297369182,-0.050116967,0.862465918
2389,49.600000,2,false,false,-1.753932834,0.366132498,0.233701631,-0.406759799,0.297693223,-0.048612591,0.862300456
2390,49.620000,2,false,false,-1.760928750,0.370236397,0.235857815,-0.406766951,0.298147202,-0.046033967,0.862281740
2391,49.640000,2,false,false,-1.767188668,0.372142583,0.238282502,-0.407405794,0.298048735,-0.044326413,0.862103641
2392,49.660000,2,false,false,-1.775958657,0.376903862,0.239878565,-0.407202512,0.299016923,-0.043076757,0.861927748
2393,49.680000,2,false,false,-1.783956885,0.380825758,0.241623789,-0.407579005,0.299720436,-0.042167794,0.861550331
2394,49.700000,2,false,false,-1.800790548,0.374786198,0.237250909,-0.408183634,0.298014611,-0.039609134,0.861977160
2395,49.720000,2,false,false,-1.809637785,0.378274024,0.238517404,-0.407857716,0.298233420,-0.038341481,0.862113059
2396,49.740000,2,false,false,-1.818465352,0.382330477,0.240039468,-0.407917529,0.298965335,-0.037668403,0.861860871
2397,49.760000,2,false,false,-1.828137875,0.384694636,0.241292417,-0.407794237,0.299564242,-0.038732097,0.861664116
2398,49.780000,2,false,false,-1.839148045,0.389608502,0.242105186,-0.406739920,0.300373673,-0.040829226,0.861783803
2399,49.800000,2,false,false,-1.849308252,0.393613398,0.243983567,-0.406857103,0.301064670,-0.042342044,0.861414313
2400,49.820000,2,false,false,-1.859077573,0.396805435,0.245936185,-0.406834662,0.302391380,-0.043476477,0.860903561
2401,49.840000,2,false,false,-1.868323803,0.396598965,0.247157216,-0.407107979,0.303394794,-0.043536276,0.860418141
2402,49.860000,2,false,false,-1.879312038,0.399322867,0.249810189,-0.406478256,0.305554360,-0.044125009,0.859921575
2403,49.880000,2,false,false,-1.891053081,0.400963187,0.251468003,-0.404988796,0.307372421,-0.043785024,0.859993815
2404,49.900000,2,false,false,-1.903004646,0.402074486,0.254133761,-0.404240608,0.308564991,-0.041755114,0.860019565
2405,49.920000,2,false,false,-1.915700078,0.403720677,0.256796509,-0.403739333,0.309796095,-0.039944183,0.859898448
2406,49.940000,2,false,false,-1.927830458,0.406984329,0.260357380,-0.403280050,0.311076730,-0.040244430,0.859637618
2407,49.960000,2,false,false,-1.940596223,0.410095155,0.263169229,-0.402521014,0.311930925,-0.041492712,0.859624505
2408,49.980000,2,false,false,-1.953692913,0.412862659,0.266043365,-0.401564658,0.312449306,-0.041837540,0.859866858
2409,50.000000,2,false,false,-1.965217710,0.414725482,0.269152790,-0.401231408,0.312551767,-0.039463773,0.860097349
2410,50.020000,2,false,false,-1.977128863,0.417510927,0.271624029,-0.400978267,0.312661141,-0.037963953,0.860243142
2411,50.040000,2,false,false,-1.991909742,0.420275867,0.275755584,-0.400703818,0.313435823,-0.037390828,0.860114217
2412,50.060000,2,false,false,-2.003459454,0.423189282,0.279075354,-0.400399476,0.313829541,-0.036421817,0.860153913
2413,50.080000,2,false,false,-2.015551567,0.425816476,0.282515824,-0.399153948,0.313920557,-0.035001777,0.860758364
2414,50.100000,2,false,false,-2.026439190,0.428803056,0.285440028,-0.397359550,0.313658267,-0.034670696,0.861697137
2415,50.120000,2,false,false,-2.038034439,0.432042420,0.288758457,-0.395469368,0.313769281,-0.035006732,0.862512290
2416,50.140000,2,false,false,-2.047448158,0.433415800,0.291279763,-0.394984454,0.313140661,-0.034556031,0.862980962
2417,50.160000,2,false,false,-2.077845097,0.414853871,0.267102778,-0.393749326,0.315827012,-0.035224725,0.862539291
2418,50.180000,2,false,false,-2.087396383,0.418376833,0.270120740,-0.390513450,0.315934509,-0.036642518,0.863910913
2419,50.200000,2,false,false,-2.097077847,0.422325164,0.272989988,-0.385899782,0.315684378,-0.039449349,0.865949571
2420,50.220000,2,false,false,-2.106082916,0.427754194,0.276998043,-0.381749928,0.316096336,-0.042967796,0.867469847
2421,50.240000,2,false,false,-2.114670753,0.430597305,0.280380785,-0.378074765,0.316381931,-0.046124153,0.868812144
2422,50.260000,2,false,false,-2.123091698,0.432692498,0.285246134,-0.376938313,0.316447377,-0.046380252,0.869268417
2423,50.280000,2,false,false,-2.129788876,0.435824603,0.288879931,-0.377180576,0.317177743,-0.046149205,0.868909299
2424,50.300000,2,false,false,-2.136097670,0.440784246,0.293216407,-0.376467764,0.318915784,-0.047555987,0.868506312
2425,50.320000,2,false,false,-2.142109156,0.443160385,0.297051072,-0.375164837,0.321410745,-0.049801648,0.868024409
2426,50.340000,2,false,false,-2.146919727,0.448828101,0.300895810,-0.372941375,0.324219465,-0.052377518,0.867786348
2427,50.360000,2,false,false,-2.151980639,0.453854501,0.304541528,-0.370733917,0.327656090,-0.054788053,0.867292464
2428,50.380000,2,false,false,-2.155744791,0.457425952,0.308717489,-0.367246956,0.331572652,-0.056801159,0.867157936
2429,50.400000,2,false,false,-2.159141064,0.458453566,0.312302262,-0.364516884,0.334320128,-0.058212712,0.867161393
2430,50.420000,2,false,false,-2.162184477,0.463333756,0.315956563,-0.361510664,0.338215947,-0.058453199,0.866892874
2431,50.440000,2,false,false,-2.164147615,0.467426777,0.320216000,-0.357934833,0.342887491,-0.058856320,0.866514206
2432,50.460000,2,false,false,-2.166394472,0.471975654,0.323291719,-0.353392243,0.348164201,-0.060876913,0.866134942
2433,50.480000,2,false,false,-2.168750763,0.474946886,0.327023149,-0.348938853,0.353722274,-0.062835827,0.865548313
2434,50.500000,2,false,false,-2.172183990,0.479823738,0.331657052,-0.344327569,0.360599548,-0.064067431,0.864466310
2435,50.520000,2,false,false,-2.172680378,0.485290080,0.335678011,-0.340167433,0.367725611,-0.065318383,0.863016605
2436,50.540000,2,false,true,-2.153112650,0.469796091,0.326515913,-0.337839991,0.372063994,-0.064339280,0.862144411
2437,50.560000,2,false,false,-2.154860020,0.474725932,0.330491424,-0.335424632,0.378251076,-0.062816918,0.860505998
2438,50.580000,2,false,false,-2.155976534,0.480933279,0.335257769,-0.333725333,0.383778989,-0.061422929,0.858818054
2439,50.600000,2,false,false,-2.158038378,0.486754000,0.339677870,-0.332062125,0.388739616,-0.061234094,0.857243657
2440,50.620000,2,false,false,-2.159685135,0.493077636,0.344555736,-0.330330014,0.393224448,-0.061167121,0.855871081
2441,50.640000,2,false,false,-2.161595821,0.501159370,0.349804163,-0.327938080,0.398095280,-0.060528472,0.854583621
2442,50.660000,2,false,false,-2.163768768,0.505298316,0.355475068,-0.325709820,0.402271152,-0.060203917,0.853502512
2443,50.680000,2,false,false,-2.165954590,0.511286497,0.361791611,-0.323004752,0.406407118,-0.061361223,0.852488160
2444,50.700000,2,false,false,-2.168695927,0.515299916,0.367941439,-0.320645660,0.409780115,-0.062098216,0.851710320
2445,50.720000,2,false,false,-2.170274258,0.521399498,0.375211358,-0.318589151,0.412671655,-0.062834173,0.851031721
2446,50.740000,2,false,false,-2.171891689,0.526957750,0.383451223,-0.317123175,0.416762859,-0.061680984,0.849668860
2447,50.760000,2,false,false,-2.174131870,0.530847609,0.390980184,-0.316003174,0.420950681,-0.060543753,0.848101974
2448,50.780000,2,false,false,-2.176246405,0.533828259,0.399971783,-0.315352589,0.424925297,-0.059453413,0.846437573
2449,50.800000,2,false,false,-2.178837776,0.537588477,0.408531249,-0.314443022,0.427893847,-0.059210286,0.845296741
2450,50.820000,2,false,false,-2.179474115,0.540866971,0.415871739,-0.313204587,0.430276990,-0.059566122,0.844521463
2451,50.840000,2,false,false,-2.182617664,0.546597838,0.425306797,-0.312244117,0.433167070,-0.059340626,0.843414843
2452,50.860000,2,false,false,-2.183183193,0.549003243,0.433808327,-0.312374324,0.435981214,-0.057113681,0.842069328
2453,50.880000,2,false,false,-2.182972670,0.551946104,0.442219973,-0.310724705,0.438682288,-0.056355406,0.841327608
2454,50.900000,2,false,false,-2.184846878,0.555001736,0.451744199,-0.308208913,0.441097736,-0.058103755,0.840871036
2455,50.920000,2,false,false,-2.185870886,0.558203638,0.459714651,-0.305445611,0.443453372,-0.060171541,0.840494871
2456,50.940000,2,false,false,-2.188672304,0.559839129,0.467585921,-0.303233832,0.446086019,-0.063556358,0.839653075
2457,50.960000,2,false,false,-2.188886404,0.562671900,0.475260675,-0.300728828,0.448598117,-0.067254052,0.838927209
2458,50.980000,2,false,false,-2.191612244,0.565308273,0.484160781,-0.298525512,0.451938033,-0.069900252,0.837704301
2459,51.000000,2,false,false,-2.191862345,0.567349315,0.490763903,-0.296213776,0.454106987,-0.071343049,0.837230265
2460,51.020000,2,false,false,-2.193180561,0.569503903,0.499640405,-0.294609308,0.457035035,-0.072343439,0.836116493
2461,51.040000,2,false,false,-2.192646503,0.573348641,0.505851865,-0.292661846,0.459692508,-0.075817324,0.835035086
2462,51.060000,2,false,false,-2.193050385,0.576530993,0.513383150,-0.290768027,0.463183492,-0.081567205,0.833223760
2463,51.080000,2,false,false,-2.195674181,0.578295350,0.520597637,-0.288520068,0.467168510,-0.087984048,0.831124961
2464,51.100000,2,false,false,-2.193124771,0.582481563,0.527186751,-0.285427094,0.470782340,-0.094222061,0.829468250
2465,51.120000,2,false,false,-2.196340799,0.573596299,0.536023736,-0.283281684,0.474460006,-0.096853331,0.827803493
2466,51.140000,2,false,false,-2.196748257,0.575619698,0.542481601,-0.280311227,0.477318764,-0.100633100,0.826719761
2467,51.160000,2,false,false,-2.197998047,0.578112841,0.551363111,-0.277428120,0.480643690,-0.103512861,0.825409293
2468,51.180000,2,false,false,-2.199587584,0.580051482,0.559886158,-0.274117023,0.483403563,-0.107035570,0.824454010
2469,51.200000,2,false,false,-2.199112177,0.583188295,0.565814555,-0.270270169,0.485323340,-0.111759394,0.823969185
2470,51.220000,2,false,false,-2.199524403,0.591119528,0.573349178,-0.266426474,0.487547219,-0.118003681,0.823036969
2471,51.240000,2,false,false,-2.201414824,0.593012035,0.581816435,-0.262992233,0.490116149,-0.122329675,0.821983457
2472,51.260000,2,false,false,-2.202414513,0.596534610,0.588677883,-0.259258538,0.492939115,-0.127124429,0.820752978
2473,51.280000,2,false,false,-2.204038143,0.599566758,0.598341703,-0.256779730,0.495820254,-0.131724238,0.819069803
2474,51.300000,2,false,false,-2.205818653,0.602181792,0.606806159,-0.253244370,0.498821616,-0.135219514,0.817777514
2475,51.320000,2,false,false,-2.208261728,0.606406450,0.615819037,-0.250506014,0.501600683,-0.137961060,0.816462040
2476,51.340000,2,false,false,-2.210167646,0.610974193,0.624979794,-0.248023927,0.504428685,-0.140520915,0.815039754
2477,51.360000,2,false,false,-2.210361481,0.616263688,0.632538617,-0.245080620,0.507502973,-0.144325182,0.813355088
2478,51.380000,2,false,false,-2.211742640,0.620777786,0.641456425,-0.241937250,0.510983169,-0.148826972,0.811303437
2479,51.400000,2,false,false,-2.214396715,0.625263929,0.651780367,-0.238887653,0.515168786,-0.153751969,0.808637321
2480,51.420000,2,false,false,-2.215377092,0.629300117,0.662330270,-0.236076564,0.520342827,-0.157904640,0.805343032
2481,51.440000,2,false,false,-2.218934774,0.629777908,0.671562672,-0.234239727,0.525643826,-0.160399541,0.801936686
2482,51.460000,2,false,false,-2.218963146,0.634026289,0.681644082,-0.231936023,0.530670464,-0.160618722,0.799247265
2483,51.480000,2,false,false,-2.219756603,0.636804104,0.691428661,-0.229502425,0.535373449,-0.161232591,0.796685636
2484,51.500000,2,false,false,-2.221010923,0.639658928,0.700831532,-0.226677150,0.539917111,-0.162277684,0.794212222
2485,51.520000,2,false,false,-2.225291491,0.640468538,0.714058042,-0.224354073,0.544777751,-0.162747607,0.791451633
2486,51.540000,2,false,false,-2.226784468,0.642538249,0.724932194,-0.221231937,0.548899472,-0.163639441,0.789295912
2487,51.560000,2,false,false,-2.226966858,0.645669580,0.735846043,-0.217460096,0.552475333,-0.163944438,0.787784457
2488,51.580000,2,false,false,-2.224250317,0.654311121,0.743952394,-0.213534459,0.555065870,-0.165469691,0.786717772
2489,51.600000,2,false,false,-2.227474213,0.657034397,0.755800009,-0.209926933,0.558551788,-0.164931700,0.785333216
2490,51.620000,2,false,false,-2.230293989,0.657613933,0.767837882,-0.206441388,0.561657429,-0.164710224,0.784087718
2491,51.640000,2,false,false,-2.229519367,0.662192822,0.775110841,-0.202641249,0.564174831,-0.164712012,0.783270895
2492,51.660000,2,false,false,-2.232461452,0.664352119,0.787239432,-0.200029701,0.567636132,-0.163752928,0.781640887
2493,51.680000,2,false,false,-2.229762554,0.669372678,0.793344855,-0.197820470,0.570286751,-0.163961455,0.780228674
2494,51.700000,2,false,false,-2.230475903,0.673038244,0.805375218,-0.196096152,0.574042678,-0.164525837,0.777787030
2495,51.720000,2,false,false,-2.233158350,0.672418535,0.816007495,-0.195033625,0.577132046,-0.163676217,0.775945008
2496,51.740000,2,false,false,-2.233292103,0.678555131,0.825232506,-0.194167838,0.579889297,-0.164193720,0.773994684
2497,51.760000,2,false,false,-2.231296539,0.681912243,0.831897020,-0.193340406,0.582275271,-0.163951263,0.772460461
2498,51.780000,2,false,false,-2.233594418,0.684599042,0.841638923,-0.192656651,0.585099936,-0.164413661,0.770395756
2499,51.800000,2,false,false,-2.232773542,0.688213348,0.850472212,-0.192046568,0.587858975,-0.165669069,0.768175602
2500,51.820000,2,false,false,-2.232096434,0.692164183,0.860610843,-0.190976590,0.590859234,-0.165772781,0.766115308
2501,51.840000,2,false,false,-2.230664253,0.696272612,0.869636059,-0.190067202,0.592534423,-0.165370435,0.765134096
2502,51.860000,2,false,false,-2.229291201,0.700891495,0.877105117,-0.189067036,0.594077647,-0.165740982,0.764104366
2503,51.880000,2,false,false,-2.226467609,0.706499398,0.880736470,-0.187568843,0.594901323,-0.166625962,0.763640165
2504,51.900000,2,false,false,-2.223789692,0.713141084,0.891117811,-0.186401546,0.596524298,-0.166690871,0.762645066
2505,51.920000,2,false,false,-2.222518682,0.718007505,0.902025938,-0.185145214,0.598224998,-0.165490299,0.761879981
2506,51.940000,2,false,false,-2.218726158,0.724730968,0.909545541,-0.182876363,0.599786222,-0.164629772,0.761386693
2507,51.960000,2,false,false,-2.215275764,0.729923487,0.915096164,-0.180628806,0.601404130,-0.164315328,0.760714710
2508,51.980000,2,false,false,-2.211566448,0.734432340,0.919044018,-0.178743362,0.602767348,-0.162711307,0.760425806
2509,52.000000,2,false,false,-2.210078716,0.739660501,0.928023219,-0.176563635,0.604636669,-0.160588846,0.759902060
2510,52.020000,2,false,false,-2.206014633,0.744772196,0.935924649,-0.173905388,0.606197476,-0.158981279,0.759609401
2511,52.040000,2,false,false,-2.202701569,0.750577092,0.943309903,-0.171683401,0.607891798,-0.157588303,0.759050965
2512,52.060000,2,false,false,-2.199617147,0.756960213,0.955660224,-0.169940695,0.610403001,-0.155150518,0.757929265
2513,52.080000,2,false,false,-2.193543434,0.763596058,0.962639213,-0.168473303,0.612089574,-0.152139157,0.757506967
2514,52.100000,2,false,false,-2.192094326,0.768091619,0.969781280,-0.167335853,0.613477111,-0.149163678,0.757228255
2515,52.120000,2,false,false,-2.183296204,0.779063821,0.977469444,-0.165809751,0.614941776,-0.147152990,0.756769359
2516,52.140000,2,false,false,-2.179002762,0.785424411,0.985995054,-0.164905861,0.616494834,-0.145379946,0.756045580
2517,52.160000,2,false,false,-2.171898603,0.794169903,0.991363883,-0.163692728,0.617241740,-0.143688262,0.756023228
2518,52.180000,2,false,false,-2.166113377,0.801841617,0.998438001,-0.162820518,0.618120015,-0.141489431,0.755908608
2519,52.200000,2,false,false,-2.160709143,0.808045387,1.009398460,-0.162452772,0.620087981,-0.139169231,0.754805923
2520,52.220000,2,false,false,-2.152808189,0.816380858,1.014840126,-0.161213189,0.621531546,-0.137580112,0.754175425
2521,52.240000,2,false,false,-2.146434307,0.822482467,1.022193909,-0.159883916,0.622923434,-0.135514960,0.753683805
2522,52.260000,2,false,false,-2.137993813,0.830564260,1.029096007,-0.158588409,0.624144495,-0.133634344,0.753283024
2523,52.280000,2,false,false,-2.131390095,0.834734201,1.039494276,-0.158360884,0.626522183,-0.132511377,0.751553416
2524,52.300000,2,false,false,-2.126569271,0.840822995,1.046171784,-0.157210529,0.628760815,-0.131858304,0.750038743
2525,52.320000,2,false,false,-2.118961811,0.847956896,1.054040909,-0.156113610,0.630445838,-0.129329026,0.749293447
2526,52.340000,2,false,false,-2.108409882,0.854174435,1.059008956,-0.155287877,0.630840003,-0.127162337,0.749504030
2527,52.360000,2,false,false,-2.104520798,0.859113455,1.068983078,-0.154911697,0.631703019,-0.126365229,0.748989701
2528,52.380000,2,false,false,-2.096799850,0.863552094,1.076565742,-0.154661521,0.631876588,-0.127315283,0.748734057
2529,52.400000,2,false,false,-2.090713501,0.869268417,1.084642529,-0.154215723,0.632464290,-0.129049361,0.748032570
2530,52.420000,2,false,false,-2.082484961,0.876088500,1.089971185,-0.153320089,0.632968366,-0.130240321,0.747583807
2531,52.440000,2,false,false,-2.079621315,0.879834533,1.099389791,-0.152804464,0.633819163,-0.128975600,0.747187734
2532,52.460000,2,false,false,-2.074501276,0.882987440,1.108359337,-0.153371841,0.633552074,-0.129021183,0.747290134
2533,52.480000,2,false,false,-2.064695597,0.888841152,1.112955332,-0.153070703,0.633259952,-0.128722191,0.747650921
2534,52.500000,2,false,false,-2.060630083,0.894174337,1.122402310,-0.152509138,0.634132028,-0.129772753,0.746844471
2535,52.520000,2,false,false,-2.057188511,0.896367133,1.132937670,-0.152088910,0.634931147,-0.130538061,0.746117473
2536,52.540000,2,false,false,-2.051200867,0.902292252,1.138727546,-0.151965499,0.634820819,-0.132476881,0.745894730
2537,52.560000,2,false,false,-2.046407700,0.906392455,1.148195267,-0.152906492,0.635672629,-0.135611117,0.744412303
2538,52.580000,2,false,false,-2.039108276,0.910791397,1.153567314,-0.154095218,0.636932135,-0.139283493,0.742409766
2539,52.600000,2,false,false,-2.035247564,0.916735411,1.160971284,-0.155633837,0.638594508,-0.141780570,0.740184724
2540,52.620000,2,false,false,-2.030160427,0.918888807,1.170140028,-0.157993749,0.640386283,-0.143708095,0.737761080
2541,52.640000,2,false,false,-2.023849249,0.923407912,1.176093817,-0.158699185,0.641973197,-0.144475907,0.736078560
2542,52.660000,2,false,false,-2.016907454,0.929752827,1.183336258,-0.159077227,0.643414974,-0.145477042,0.734539449
2543,52.680000,2,false,false,-2.011805058,0.933982491,1.191887379,-0.159447119,0.645354271,-0.147208884,0.732409716
2544,52.700000,2,false,false,-2.004986763,0.940758824,1.199353099,-0.159297794,0.647355914,-0.148561299,0.730399966
2545,52.720000,2,false,false,-1.999880672,0.944902897,1.208704233,-0.159455180,0.648974597,-0.149719164,0.728690863
2546,52.740000,2,false,false,-1.995734930,0.951840341,1.215537190,-0.158848241,0.649581254,-0.152041510,0.727801442
2547,52.760000,2,false,false,-1.989484787,0.955449343,1.224314928,-0.158515781,0.650001049,-0.153762788,0.727137148
2548,52.780000,2,false,false,-1.987593889,0.961421609,1.234586716,-0.157379285,0.650786996,-0.156062573,0.726190507
2549,52.800000,2,false,false,-1.982817173,0.966740370,1.244113684,-0.156034037,0.651823640,-0.158050343,0.725120366
2550,52.820000,2,false,false,-1.979152560,0.973478079,1.251761913,-0.154732987,0.653150856,-0.159506798,0.723884881
2551,52.840000,2,false,false,-1.973027110,0.979345202,1.258643508,-0.152738601,0.654958367,-0.160072342,0.722549260
2552,52.860000,2,false,false,-1.972033262,0.984370947,1.271146774,-0.151757717,0.657176614,-0.160747647,0.720589221
2553,52.880000,2,false,false,-1.967586637,0.992054224,1.277984381,-0.149975628,0.658429503,-0.161495373,0.719650805
2554,52.900000,2,false,false,-1.963554859,0.996612251,1.287953377,-0.148428410,0.659710348,-0.161956578,0.718694210
2555,52.920000,2,false,false,-1.961350560,1.003769636,1.298466682,-0.146486402,0.661295533,-0.163839966,0.717207432
2556,52.940000,2,false,false,-1.957425475,1.000879765,1.314067841,-0.145640761,0.663159192,-0.164440513,0.715519428
2557,52.960000,2,false,false,-1.953345299,1.005994797,1.322199225,-0.143554270,0.664770067,-0.166022867,0.714079440
2558,52.980000,2,false,false,-1.949988127,1.010673046,1.333839297,-0.142296210,0.667687893,-0.167171597,0.711335599
2559,53.000000,2,false,false,-1.944514155,1.017881155,1.342743158,-0.140573844,0.671306491,-0.168425128,0.707968712
2560,53.020000,2,false,false,-1.941701531,1.021450162,1.353996873,-0.139930382,0.675436974,-0.168609515,0.704113066
2561,53.040000,2,false,false,-1.938664436,1.028338432,1.363058805,-0.138757676,0.678860724,-0.169162035,0.700912833
2562,53.060000,2,false,false,-1.935282350,1.033370256,1.373652577,-0.138804317,0.682154953,-0.169333249,0.697656333
2563,53.080000,2,false,false,-1.931737423,1.036495328,1.383412361,-0.139081076,0.684564948,-0.170161188,0.695034206
2564,53.100000,2,false,false,-1.928388238,1.042031646,1.392790318,-0.140134662,0.686383963,-0.171754450,0.692632556
2565,53.120000,2,false,false,-1.924775720,1.046108007,1.403372288,-0.141411915,0.687794149,-0.173188031,0.690614223
2566,53.140000,2,false,false,-1.922577858,1.052816510,1.414058208,-0.142668009,0.688792765,-0.174485356,0.689032197
2567,53.160000,2,false,false,-1.918152452,1.057217360,1.422636151,-0.143883333,0.689625621,-0.173003659,0.688319683
2568,53.180000,2,false,false,-1.913375974,1.062962770,1.429315805,-0.144454613,0.691115618,-0.169981092,0.687458098
2569,53.200000,2,false,false,-1.910972357,1.065505028,1.440537095,-0.145608723,0.693554461,-0.168443561,0.685132980
2570,53.220000,2,false,false,-1.903755307,1.070106983,1.448275805,-0.146549821,0.695553780,-0.169365853,0.682673693
2571,53.240000,2,false,true,-1.896808505,1.063673735,1.422600031,0.144133881,-0.700001001,0.171373546,-0.678126276
2572,53.260000,2,false,false,-1.890192270,1.067308664,1.430770040,0.144691378,-0.702253819,0.171357602,-0.675677955
2573,53.280000,2,false,false,-1.885433316,1.072718382,1.439005375,0.145116448,-0.704176784,0.171683505,-0.673499167
2574,53.300000,2,false,false,-1.879155397,1.075812817,1.446436405,0.145439252,-0.705402315,0.171677813,-0.672147214
2575,53.320000,2,false,false,-1.872444391,1.081857920,1.456033945,0.146078840,-0.706520975,0.171831533,-0.670792937
2576,53.340000,2,false,false,-1.866405129,1.088526130,1.462246656,-0.145588949,0.706767976,-0.172490373,0.670469999
2577,53.360000,2,false,false,-1.859848857,1.093664050,1.472331285,-0.145382136,0.707097709,-0.172522500,0.670158863
2578,53.380000,2,false,false,-1.854831100,1.096833229,1.483363867,-0.145103469,0.707699895,-0.171504751,0.669844747
2579,53.400000,2,false,false,-1.845931053,1.102445602,1.489785552,-0.145255774,0.707424104,-0.171242222,0.670170128
2580,53.420000,2,false,false,-1.839202881,1.108034849,1.499328852,-0.145120114,0.707183421,-0.170432836,0.670659781
2581,53.440000,2,false,false,-1.830922365,1.116270781,1.507358551,-0.144852117,0.706857622,-0.171045825,0.670905054
2582,53.460000,2,false,false,-1.823638320,1.119410872,1.516828656,-0.144468084,0.706842482,-0.171292648,0.670940757
2583,53.480000,2,false,false,-1.816567063,1.126729131,1.528475761,-0.144013986,0.706598461,-0.172318876,0.671032667
2584,53.500000,2,false,false,-1.809617877,1.130679607,1.539135575,-0.143492177,0.706422746,-0.172370911,0.671316087
2585,53.520000,2,false,false,-1.800974369,1.137794733,1.543324113,-0.142766401,0.705914557,-0.172910690,0.671866357
2586,53.540000,2,false,false,-1.790319085,1.144966006,1.548615575,-0.142197639,0.706083477,-0.172635764,0.671880126
2587,53.560000,2,false,false,-1.781881571,1.151380062,1.558721900,-0.141198099,0.706701517,-0.172010854,0.671601355
2588,53.580000,2,false,false,-1.772000432,1.156448126,1.567826033,-0.140247315,0.706833184,-0.170924678,0.671939254
2589,53.600000,2,false,false,-1.759477735,1.163019180,1.589942694,0.139996082,-0.708049476,0.169702858,-0.671020150
2590,53.620000,2,false,false,-1.748651862,1.168824434,1.597508907,0.137732595,-0.708177567,0.168576583,-0.671636999
2591,53.640000,2,false,false,-1.739299417,1.175815821,1.604915738,0.135460660,-0.708542824,0.168572679,-0.671714783
2592,53.660000,2,false,false,-1.729509354,1.181577921,1.611593246,0.132799566,-0.708767235,0.168310300,-0.672075093
2593,53.680000,2,false,false,-1.719187498,1.184904575,1.619095683,0.130288720,-0.708902240,0.167711332,-0.672573805
2594,53.700000,2,false,false,-1.709084988,1.191458941,1.624908805,-0.127471775,0.709196031,-0.168067276,0.672714949
2595,53.720000,2,false,false,-1.699206471,1.194882870,1.631605268,-0.124744207,0.709822893,-0.167437822,0.672722101
2596,53.740000,2,false,false,-1.687141418,1.199893951,1.641541243,-0.123105869,0.711144686,-0.166980579,0.671740890
2597,53.760000,2,false,false,-1.677697897,1.202765226,1.649854302,-0.121473171,0.712801814,-0.165990263,0.670525968
2598,53.780000,2,false,false,-1.666426778,1.207690954,1.655725121,-0.119716696,0.714726269,-0.165598556,0.668888271
2599,53.800000,2,false,false,-1.656657577,1.212131262,1.663538814,-0.118659385,0.715924919,-0.165941760,0.667708695
2600,53.820000,2,false,false,-1.646096110,1.214432716,1.670824170,-0.116887681,0.716431618,-0.166045919,0.667451799
2601,53.840000,2,false,false,-1.635941267,1.217814684,1.681539893,-0.114782363,0.717376769,-0.165529683,0.666930020
2602,53.860000,2,false,false,-1.628683567,1.213243961,1.688595057,-0.113257878,0.717918634,-0.164182812,0.666940391
2603,53.880000,2,false,false,-1.618743539,1.215246677,1.699621558,-0.111132562,0.719306111,-0.164645746,0.665687680
2604,53.900000,2,false,false,-1.609205484,1.217451692,1.710450411,-0.108414881,0.720727563,-0.164074957,0.664738595
2605,53.920000,2,false,false,-1.597537875,1.219778776,1.717459798,-0.106193177,0.721830666,-0.164095119,0.663894832
2606,53.940000,2,false,false,-1.589702010,1.220391273,1.728115320,-0.105658397,0.722384512,-0.165180385,0.663108110
2607,53.960000,2,false,false,-1.579952240,1.223585129,1.734551072,-0.103876941,0.721996844,-0.165299565,0.663781762
2608,53.980000,2,false,false,-1.572179317,1.226566911,1.744102836,-0.102899589,0.722154558,-0.164989471,0.663839579
2609,54.000000,2,false,false,-1.561353326,1.228544474,1.752361894,-0.102567241,0.722102702,-0.166068554,0.663678348
2610,54.020000,2,false,false,-1.553864717,1.231933355,1.761980891,-0.102156445,0.722318470,-0.168266565,0.662952840
2611,54.040000,2,false,false,-1.543304443,1.227876663,1.772894144,-0.101360239,0.722692907,-0.168715492,0.662552774
2612,54.060000,2,false,false,-1.531777859,1.232808113,1.782056212,-0.100462183,0.722870767,-0.170117617,0.662136853
2613,54.080000,2,false,false,-1.525359869,1.236678362,1.789479256,-0.099523753,0.723001301,-0.171358824,0.661816061
2614,54.100000,2,false,false,-1.518085480,1.236199856,1.796708822,-0.098600835,0.723824203,-0.172722831,0.660699129
2615,54.120000,2,false,false,-1.508190155,1.241073132,1.802993059,-0.096668683,0.725016177,-0.174512982,0.659205616
2616,54.140000,2,false,false,-1.499830246,1.244681597,1.810107827,-0.095388383,0.726407707,-0.176603004,0.657300770
2617,54.160000,2,false,false,-1.490847826,1.245160222,1.824400783,-0.094020531,0.728682041,-0.177737713,0.654669344
2618,54.180000,2,false,false,-1.480586529,1.252072453,1.830368757,-0.092275120,0.730132639,-0.179712236,0.652759731
2619,54.200000,2,false,false,-1.481926441,1.249728322,1.830001950,0.091708779,-0.730352998,0.180893004,-0.652266681
2620,54.220000,2,false,false,-1.473098040,1.251116395,1.838571906,0.090931214,-0.732173800,0.181998461,-0.650022805
2621,54.240000,2,false,false,-1.465900421,1.256691456,1.842483401,0.089072607,-0.734029412,0.184101522,-0.647590578
2622,54.260000,2,false,false,-1.458435059,1.261713743,1.849490166,0.087240607,-0.736213863,0.185849458,-0.644855201
2623,54.280000,2,false,false,-1.451778650,1.264606595,1.861148119,0.085878618,-0.738705516,0.186352938,-0.642037153
2624,54.300000,2,false,false,-1.439703226,1.274472713,1.866975069,-0.082923338,0.741096139,-0.188380778,0.639072001
2625,54.320000,2,false,false,-1.431682587,1.277222157,1.871912837,-0.081098706,0.743027151,-0.190249398,0.636505187
2626,54.340000,2,false,false,-1.426136017,1.281609058,1.881652355,-0.080185845,0.745887756,-0.193362936,0.632323146
2627,54.360000,2,false,false,-1.424642563,1.285079241,1.882808328,0.078634255,-0.748196661,0.194000542,-0.629588902
2628,54.380000,2,false,false,-1.412904739,1.292890310,1.888225675,0.077258699,-0.752330899,0.194867015,-0.624544799
2629,54.400000,2,false,false,-1.408664227,1.294543743,1.894279599,0.075570837,-0.756191194,0.194557622,-0.620170414
2630,54.420000,2,false,false,-1.399718285,1.297818780,1.903828382,0.074751407,-0.760448992,0.194156855,-0.615168810
2631,54.440000,2,false,false,-1.392980099,1.301235080,1.909067631,0.073985763,-0.763838351,0.193673402,-0.611202002
2632,54.460000,2,false,false,-1.385337114,1.301477075,1.922306061,-0.074109644,0.767622471,-0.192823529,0.606698096
2633,54.480000,2,false,false,-1.374933004,1.307435989,1.913511276,0.072204217,-0.768594384,0.194007576,-0.605318308
2634,54.500000,2,false,false,-1.367204905,1.308503151,1.919897079,0.070928596,-0.770942450,0.194711491,-0.602249444
2635,54.520000,2,false,false,-1.359814644,1.309934258,1.928582788,0.069466189,-0.773541033,0.195682794,-0.598762870
2636,54.540000,2,false,false,-1.355407715,1.314542770,1.932228327,0.066936292,-0.775985122,0.195776179,-0.595851004
2637,54.560000,2,false,false,-1.347580433,1.316390276,1.936394811,0.065550216,-0.778981388,0.195102677,-0.592305899
2638,54.580000,2,false,false,-1.341187000,1.319589615,1.943579316,0.063656434,-0.782340229,0.194327444,-0.588326812
2639,54.600000,2,false,false,-1.334658146,1.319183946,1.947183728,-0.062585913,0.785120070,-0.193080038,0.585140765
2640,54.620000,2,false,false,-1.326927423,1.318259001,1.953529239,-0.062377609,0.787933886,-0.191955552,0.581740737
2641,54.640000,2,false,false,-1.325421572,1.319312572,1.962035537,0.062279254,-0.789820194,0.191703826,-0.579271078
2642,54.660000,2,false,false,-1.319490671,1.319178581,1.968816042,0.062744267,-0.791668057,0.191281229,-0.576833189
2643,54.680000,2,false,false,-1.311587572,1.325328827,1.972761869,0.062458213,-0.792854369,0.192486867,-0.574830234
2644,54.700000,2,false,false,-1.306196451,1.326675415,1.979225397,0.062699422,-0.794002235,0.192994028,-0.573046803
2645,54.720000,2,false,false,-1.299668074,1.327189445,1.984126449,0.062437471,-0.794934213,0.193401635,-0.571644127
2646,54.740000,2,false,false,-1.289707422,1.335696936,1.986020446,-0.061635990,0.795695543,-0.195161849,0.570071578
2647,54.760000,2,false,false,-1.284525156,1.331902623,1.994979143,0.062320702,-0.796851516,0.194382861,-0.568646848
2648,54.780000,2,false,false,-1.279799461,1.333039761,1.998959184,0.062302046,-0.797144651,0.194625050,-0.568154931
2649,54.800000,2,false,false,-1.271216631,1.337291718,2.002264023,0.061139528,-0.797472417,0.195384756,-0.567560196
2650,54.820000,2,false,false,-1.262944698,1.338414669,2.007525921,0.060911939,-0.797863185,0.195503488,-0.566994250
2651,54.840000,2,false,false,-1.258736610,1.339300632,2.012667179,0.060733538,-0.797849059,0.195430517,-0.567058504
2652,54.860000,2,false,false,-1.247584105,1.346382141,2.015028954,-0.060024481,0.797846854,-0.196299061,0.566837072
2653,54.880000,2,false,false,-1.239376068,1.347029448,2.020689487,-0.060376033,0.797709942,-0.196029603,0.567085564
2654,54.900000,2,false,false,-1.234333038,1.347894430,2.022467613,-0.061324447,0.797264099,-0.194657907,0.568082392
2655,54.920000,2,false,false,-1.222496271,1.351201534,2.029567719,-0.063336335,0.798029661,-0.191310748,0.567923903
2656,54.940000,2,false,false,-1.194920540,1.373956323,2.019896507,0.062699109,-0.798321724,0.189345419,-0.568242610
2657,54.960000,2,false,false,-1.186198473,1.374316812,2.026547194,0.066927046,-0.799698949,0.183841556,-0.567630827
2658,54.980000,2,false,false,-1.172942162,1.375659943,2.030704498,0.069665499,-0.800420761,0.180568442,-0.567334533
2659,55.000000,2,false,false,-1.166721821,1.375372171,2.031988144,0.068745241,-0.800016403,0.179757193,-0.568273962
2660,55.020000,2,false,false,-1.153712034,1.378006816,2.036040783,0.065856330,-0.799903214,0.179131523,-0.568972647
2661,55.040000,2,false,false,-1.159971714,1.357647300,2.051375151,0.067936055,-0.800105393,0.174123585,-0.569997430
2662,55.060000,2,false,false,-1.152781963,1.358697534,2.053860664,0.065049671,-0.799425066,0.172442198,-0.571797073
2663,55.080000,2,false,false,-1.140952349,1.358436108,2.056453943,0.061921272,-0.799066186,0.170353577,-0.573270202
2664,55.100000,2,false,false,-1.131921053,1.359572649,2.060525656,0.059088867,-0.798234403,0.169431090,-0.574998677
2665,55.120000,2,false,false,-1.123179674,1.358625174,2.063831806,0.056192495,-0.796653807,0.168908611,-0.577628791
2666,55.140000,2,false,false,-1.115228891,1.364980459,2.063153267,-0.051392347,0.794452310,-0.169755116,0.580850720
2667,55.160000,2,false,false,-1.102705956,1.366378546,2.067371607,-0.048716471,0.793393791,-0.169190526,0.582690060
2668,55.180000,2,false,false,-1.092550755,1.367861629,2.070579290,-0.045774877,0.792461932,-0.167813256,0.584591746
2669,55.200000,2,false,false,-1.084066153,1.370207429,2.073423386,-0.043463420,0.791767538,-0.166838005,0.585986495
2670,55.220000,2,false,false,-1.077168465,1.369775057,2.077902317,-0.042446397,0.790959060,-0.166573003,0.587227046
2671,55.240000,2,false,true,-1.089387655,1.359236240,2.045874596,0.041186094,-0.790739834,0.164907396,-0.588081479
2672,55.260000,2,false,false,-1.079587221,1.356663227,2.049817562,0.041167092,-0.790852308,0.162531972,-0.588592708
2673,55.280000,2,false,false,-1.071585417,1.358702421,2.052974463,0.041373696,-0.791268766,0.161630273,-0.588266611
2674,55.300000,2,false,false,-1.064038992,1.360049844,2.054372787,0.042023651,-0.792257845,0.160233960,-0.587270439
2675,55.320000,2,false,false,-1.056288004,1.360292077,2.057621479,0.043822709,-0.793461800,0.159160241,-0.585803807
2676,55.340000,2,false,false,-1.050744057,1.363082767,2.056599140,-0.045467503,0.793906212,-0.159974098,0.584853828
2677,55.360000,2,false,false,-1.039975643,1.364057779,2.060150623,-0.047450356,0.794413269,-0.161344767,0.583630025
2678,55.380000,2,false,false,-1.036537170,1.368901730,2.062235594,-0.050331388,0.794019401,-0.164510056,0.583040714
2679,55.400000,2,false,false,-1.023893356,1.370039463,2.064486980,-0.054956906,0.793520689,-0.170425862,0.581601083
2680,55.420000,2,false,false,-1.024572849,1.370125771,2.071066618,-0.058344405,0.792810082,-0.176169917,0.580527663
2681,55.440000,2,false,false,-1.014758587,1.371421814,2.073029041,-0.062497642,0.792793036,-0.181948081,0.578332245
2682,55.460000,2,false,false,-1.012690067,1.371180534,2.078044415,-0.068516925,0.792617440,-0.187733993,0.576037407
2683,55.480000,2,false,false,-1.006112337,1.372591019,2.082075119,-0.072837234,0.792950332,-0.194229692,0.572886944
2684,55.500000,2,false,false,-1.004644156,1.374836683,2.084800720,-0.074628733,0.792520344,-0.200657099,0.571033180
2685,55.520000,2,false,false,-1.009469032,1.366925955,2.092020750,0.075013615,-0.791963935,0.203607023,-0.570710421
2686,55.540000,2,false,false,-1.005541563,1.368239045,2.094573021,0.075909339,-0.791709483,0.206655458,-0.569848657
2687,55.560000,2,false,false,-1.002094269,1.369078875,2.098850727,0.075699918,-0.791626573,0.208530009,-0.569308639
2688,55.580000,2,false,false,-0.996868849,1.370282173,2.103032351,0.074142173,-0.792308748,0.209713027,-0.568128824
2689,55.600000,2,false,false,-0.993607044,1.372953892,2.106305838,0.074062653,-0.792993486,0.211505756,-0.566516995
2690,55.620000,2,false,false,-0.985282183,1.375974774,2.110817194,-0.074136823,0.793901086,-0.214204505,0.564217389
2691,55.640000,2,false,false,-0.974255085,1.377645016,2.116156101,-0.073380351,0.794889271,-0.215808645,0.562310517
2692,55.660000,2,false,false,-0.975237608,1.378899336,2.119718075,-0.071962006,0.795192301,-0.217888445,0.561262310
2693,55.680000,2,false,false,-0.970543623,1.382422686,2.124031067,-0.069801010,0.795936644,-0.220004320,0.559652388
2694,55.700000,2,false,false,-0.974618912,1.387977719,2.119266510,0.070823267,-0.795876622,0.222075060,-0.558790863
2695,55.720000,2,false,false,-0.973212481,1.388771057,2.124909401,0.072063915,-0.797264993,0.223823950,-0.555948019
2696,55.740000,2,false,false,-0.965506077,1.386456013,2.131045103,0.073752336,-0.799490392,0.225078240,-0.552010357
2697,55.760000,2,false,false,-0.964255095,1.395362258,2.130562305,0.073156804,-0.800214410,0.227231234,-0.550155342
2698,55.780000,2,false,false,-0.963753700,1.399945736,2.136075497,0.073358089,-0.801131666,0.228411034,-0.548301995
2699,55.800000,2,false,false,-0.950238466,1.402070522,2.145738602,-0.073890932,0.803530753,-0.229424804,0.544281900
2700,55.820000,2,false,false,-0.947229624,1.407495499,2.148969173,-0.074662574,0.804493904,-0.231438130,0.541896164
2701,55.840000,2,false,false,-0.945206881,1.408539295,2.155533075,-0.076399907,0.805675149,-0.232046783,0.539634109
2702,55.860000,2,false,false,-0.942601204,1.413753510,2.161842346,0.077152021,-0.806675375,0.233244374,-0.537512362
2703,55.880000,2,false,false,-0.937802792,1.418971896,2.168787479,0.080057748,-0.807572365,0.236518756,-0.534300089
2704,55.900000,2,false,false,-0.934366703,1.422340155,2.175196648,0.082159966,-0.808048487,0.240596682,-0.531432748
2705,55.920000,2,false,false,-0.929435015,1.427285433,2.180947065,0.082257003,-0.808197439,0.244387954,-0.529457569
2706,55.940000,2,false,false,-0.921698093,1.427212119,2.190725327,0.083221786,-0.809221089,0.246170223,-0.526911438
2707,55.960000,2,false,false,-0.917142153,1.427201629,2.198028564,-0.082730465,0.810494840,-0.247072220,0.524603844
2708,55.980000,2,false,false,-0.918171167,1.432938814,2.201458454,0.082199685,-0.811535418,0.247541636,-0.522854328
2709,56.000000,2,false,false,-0.917580366,1.437106848,2.206890106,0.080880612,-0.813124180,0.247628525,-0.520545423
2710,56.020000,2,false,false,-0.910886288,1.440047026,2.213588953,0.080777325,-0.814842105,0.248646796,-0.517380178
2711,56.040000,2,false,false,-0.904464006,1.446057677,2.218907356,0.080609038,-0.815871954,0.250022829,-0.515115380
2712,56.060000,2,false,false,-0.903410196,1.449562550,2.226686001,0.081318296,-0.816594541,0.249994859,-0.513870955
2713,56.080000,2,false,false,-0.895964861,1.451688051,2.232666492,-0.081113495,0.817669451,-0.249515682,0.512424946
2714,56.100000,2,false,false,-0.893521070,1.456788540,2.236223221,-0.082984872,0.818456888,-0.249758318,0.510747075
2715,56.120000,2,false,false,-0.886690378,1.461021543,2.243306160,-0.084518544,0.819599569,-0.249054760,0.509003997
2716,56.140000,2,false,false,-0.884254932,1.462627769,2.247752428,-0.086664081,0.820622563,-0.247954860,0.507529795
2717,56.160000,2,false,true,-0.891817570,1.461970329,2.241889000,0.086780004,-0.821197510,0.247418895,-0.506841063
2718,56.180000,2,false,false,-0.888571501,1.464670897,2.246557951,0.088508449,-0.822477579,0.246667042,-0.504829049
2719,56.200000,2,false,false,-0.886193752,1.469507456,2.248855114,0.090615518,-0.823495567,0.247461781,-0.502400994
2720,56.220000,2,false,false,-0.883928299,1.471206188,2.252041101,0.092771918,-0.824286580,0.248480111,-0.500202775
2721,56.240000,2,false,false,-0.879676819,1.472555757,2.256084204,0.095025085,-0.824636221,0.249484330,-0.498701334
2722,56.260000,2,false,false,-0.876850367,1.475679040,2.256897211,-0.097322427,0.824588239,-0.250997156,0.497577250
2723,56.280000,2,false,false,-0.876913071,1.477470398,2.259499073,-0.099164836,0.824394763,-0.252469987,0.496788383
2724,56.300000,2,false,false,-0.874296188,1.479068041,2.263986111,-0.100322023,0.824548483,-0.253919035,0.495560706
2725,56.320000,2,false,false,-0.874260426,1.483911753,2.262606144,-0.101741187,0.824249625,-0.255740136,0.494831622
2726,56.340000,2,false,false,-0.870263100,1.486303210,2.265120506,-0.103142440,0.824294329,-0.256829023,0.493902326
2727,56.360000,2,false,false,-0.866676092,1.487205982,2.265743494,-0.104124621,0.824293852,-0.257513970,0.493339866
2728,56.380000,2,false,false,-0.867296934,1.488215685,2.266730785,-0.105217271,0.824055135,-0.258026719,0.493239105
2729,56.400000,2,false,false,-0.864117622,1.487663507,2.269649029,-0.105911396,0.824119687,-0.258306235,0.492836177
2730,56.420000,2,false,false,-0.864568472,1.488497972,2.265719414,-0.105714530,0.823333800,-0.259889632,0.493359238
2731,56.440000,2,false,false,-0.861396074,1.489632368,2.266556740,-0.105869330,0.822785020,-0.262830019,0.492683321
2732,56.460000,2,false,false,-0.866974115,1.489286542,2.264925480,-0.108524449,0.821422935,-0.267320186,0.491962075
2733,56.480000,2,false,false,-0.867064714,1.489123940,2.266021729,-0.112062439,0.820070863,-0.269435495,0.492270559
2734,56.500000,2,false,false,-0.867446423,1.487809658,2.264751911,-0.114576817,0.818839788,-0.269753933,0.493565053
2735,56.520000,2,false,false,-0.865856171,1.487287164,2.260072231,-0.116446242,0.817814469,-0.272117227,0.493530273
2736,56.540000,2,false,false,-0.863480568,1.483230829,2.257028818,-0.118365854,0.817507207,-0.275768340,0.491552085
2737,56.560000,2,false,false,-0.867406368,1.484105587,2.253497601,-0.118137680,0.816348314,-0.281178802,0.490466654
2738,56.580000,2,false,false,-0.868181944,1.483494759,2.249646664,-0.116085656,0.815524459,-0.283881158,0.490770370
2739,56.600000,2,false,false,-0.867667437,1.481956124,2.244020224,-0.114030778,0.815346539,-0.283939093,0.491513640
2740,56.620000,2,false,true,-0.872532845,1.471864700,2.243332863,-0.112477928,0.815435171,-0.283853203,0.491773933
2741,56.640000,2,false,false,-0.872711658,1.469276786,2.237240553,-0.111088999,0.814463437,-0.286444962,0.492196918
2742,56.660000,2,false,false,-0.875312090,1.465767145,2.233019590,-0.108609013,0.812379301,-0.287713856,0.495444000
2743,56.680000,2,false,false,-0.876241207,1.463456154,2.227303028,-0.104852498,0.810026228,-0.289192826,0.499230504
2744,56.700000,2,false,false,-0.879032612,1.458915830,2.220404625,-0.101405300,0.808848500,-0.291591316,0.500455379
2745,56.720000,2,false,false,-0.886537790,1.446507573,2.213453770,-0.100097388,0.808928609,-0.295358211,0.498375922
2746,56.740000,2,false,false,-0.885616064,1.445446014,2.203607082,-0.098882847,0.809250116,-0.302799970,0.493607789
2747,56.760000,2,false,false,-0.886731386,1.439232349,2.196445227,-0.097311690,0.808750808,-0.306744933,0.492300808
2748,56.780000,2,false,false,-0.890977859,1.435614824,2.186665058,-0.094268456,0.809019029,-0.307328820,0.492088079
2749,56.800000,2,false,false,-0.891273499,1.428085089,2.178877831,-0.091747642,0.810562372,-0.305536389,0.491140127
2750,56.820000,2,false,false,-0.889652491,1.424404263,2.169690609,-0.089051984,0.811196804,-0.307617873,0.489286005
2751,56.840000,2,false,false,-0.893886328,1.419319391,2.158802032,-0.086035691,0.810784519,-0.310342073,0.488788515
2752,56.860000,2,false,false,-0.894742727,1.408740878,2.152110100,-0.084348679,0.810435593,-0.313428730,0.487690359
2753,56.880000,2,false,false,-0.899677992,1.404218912,2.140546322,-0.082809761,0.809486747,-0.315998107,0.487872005
2754,56.900000,2,false,false,-0.899852514,1.397559285,2.131067038,-0.082175702,0.808934450,-0.315801531,0.489021182
2755,56.920000,2,false,true,-0.902600050,1.401232004,2.128090382,-0.079961225,0.809382617,-0.316222996,0.488373935
2756,56.940000,2,false,false,-0.906793356,1.395566225,2.115404129,-0.075791471,0.811197340,-0.314732730,0.486988515
2757,56.960000,2,false,false,-0.908036232,1.386241913,2.106688499,-0.074446216,0.813454032,-0.311931700,0.485230863
2758,56.980000,2,false,false,-0.909687042,1.379862547,2.097187757,-0.073816866,0.813784361,-0.312341869,0.484508723
2759,57.000000,2,false,false,-0.912807941,1.371742487,2.086453676,-0.075426556,0.810916185,-0.316136956,0.486603826
2760,57.020000,2,false,false,-0.916884661,1.365730047,2.074559689,-0.076751113,0.807648480,-0.316647470,0.491474986
2761,57.040000,2,false,false,-0.923647404,1.360065937,2.062017679,-0.079570420,0.803909481,-0.315868944,0.497619420
2762,57.060000,2,false,false,-0.925661802,1.351646304,2.051490545,-0.081367411,0.802332520,-0.313298136,0.501484036
2763,57.080000,2,false,false,-0.933797836,1.349759221,2.038047314,-0.083429672,0.801324010,-0.311349660,0.503965020
2764,57.100000,2,false,false,-0.935021400,1.341835260,2.025606155,-0.088950880,0.800492346,-0.306478620,0.507317185
2765,57.120000,2,false,false,-0.925560713,1.353325367,2.013993263,-0.090385310,0.797949433,-0.304300457,0.512355864
2766,57.140000,2,false,false,-0.928578854,1.348145843,2.001221180,-0.094961792,0.794466317,-0.302170664,0.518168449
2767,57.160000,2,false,false,-0.931734800,1.342295647,1.985928178,-0.096461549,0.792226791,-0.302344501,0.521209955
2768,57.180000,2,false,false,-0.935614586,1.337618589,1.970195293,-0.098056138,0.791523993,-0.304289669,0.520848095
2769,57.200000,2,false,false,-0.936069965,1.330084682,1.959323049,-0.100715801,0.791227639,-0.305829793,0.519887805
2770,57.220000,2,false,false,-0.947162867,1.319311142,1.941473961,-0.107184261,0.787524581,-0.307522237,0.523208022
2771,57.240000,2,false,false,-0.949015379,1.315068245,1.930361748,-0.109705828,0.782749712,-0.310943067,0.527808607
2772,57.260000,2,false,false,-0.955410719,1.307684541,1.914579868,-0.110858083,0.778774858,-0.311567217,0.533053637
2773,57.280000,2,false,false,-0.955844402,1.299325347,1.903461695,-0.111849196,0.775445819,-0.313120633,0.536776602
2774,57.300000,2,false,false,-0.959683657,1.292890072,1.888951898,-0.112664960,0.771675408,-0.318200141,0.539047718
2775,57.320000,2,false,false,-0.960061789,1.286228538,1.873340607,-0.112687640,0.768249035,-0.324073136,0.540436506
2776,57.340000,2,false,false,-0.962664366,1.280958414,1.858883381,-0.112121142,0.765681922,-0.327009767,0.542424858
2777,57.360000,2,false,false,-0.965580702,1.271768570,1.845842957,-0.112110943,0.763519466,-0.328202605,0.544749677
2778,57.380000,2,false,false,-0.969114304,1.251167417,1.843950629,-0.116624177,0.760791302,-0.327379346,0.548104286
2779,57.400000,2,false,false,-0.966919422,1.243789911,1.834548593,-0.116949610,0.757386684,-0.329668134,0.551368475
2780,57.420000,2,false,false,-0.970125198,1.237867117,1.821398616,-0.117579147,0.753802478,-0.332620770,0.554364860
2781,57.440000,2,false,false,-0.974109650,1.231331468,1.808717608,-0.118108697,0.749682307,-0.336783558,0.557318330
2782,57.460000,2,false,false,-0.974518776,1.222346544,1.797773361,-0.118498534,0.743411183,-0.341857165,0.562522590
2783,57.480000,2,false,false,-0.976450920,1.213889837,1.782136202,-0.110710979,0.730209410,-0.348913968,0.576885104
2784,57.500000,2,false,false,-0.975052595,1.200855494,1.785800576,-0.110756442,0.724626124,-0.350631893,0.582844198
2785,57.520000,2,false,false,-0.971915483,1.194562078,1.780286193,-0.106137931,0.716292799,-0.354455709,0.591625452
2786,57.540000,2,false,false,-0.976771116,1.185858250,1.768704653,-0.105754241,0.707034111,-0.357583642,0.600876629
2787,57.560000,2,false,false,-0.982692480,1.176956177,1.757317901,-0.105252735,0.701468885,-0.360601395,0.605664849
2788,57.580000,2,false,false,-0.973203421,1.171345711,1.755654097,-0.103125699,0.697579801,-0.362957895,0.609105170
2789,57.600000,2,false,false,-0.977411509,1.164448738,1.742918015,-0.102957845,0.691539228,-0.364411682,0.615123868
2790,57.620000,2,false,false,-0.977679729,1.166757464,1.713222861,-0.096657529,0.683768392,-0.366032898,0.623809338
2791,57.640000,2,false,false,-0.975686073,1.160079241,1.705899715,-0.096500263,0.681071222,-0.365914285,0.626846552
2792,57.660000,2,false,false,-0.970161438,1.150010228,1.701821089,-0.098107204,0.679696143,-0.364302754,0.629024446
2793,57.680000,2,false,false,-0.964281082,1.147728443,1.691273332,-0.099613838,0.677121758,-0.363905936,0.631787717
2794,57.700000,2,false,false,-0.963731050,1.140368700,1.680645823,-0.103365056,0.672370493,-0.363956451,0.636214912
2795,57.720000,2,false,false,-0.961598396,1.134253263,1.672732234,-0.106571198,0.667506039,-0.365222067,0.640071273
2796,57.740000,2,false,false,-0.958165169,1.130251646,1.659777045,-0.110449009,0.661820114,-0.366645306,0.644489288
2797,57.760000,2,false,false,-0.953255892,1.129243612,1.657118559,-0.113233648,0.658456683,-0.365798146,0.647923350
2798,57.780000,2,false,false,-0.946282148,1.122922182,1.648142457,-0.117527314,0.655697882,-0.364158541,0.650873423
2799,57.800000,2,false,false,-0.945612431,1.115053654,1.640323043,-0.122208104,0.652507365,-0.361511827,0.654682100
2800,57.820000,2,false,false,-0.935614109,1.111377001,1.629487634,-0.124917991,0.648339570,-0.361814797,0.658134818
2801,57.840000,2,false,false,-0.930592060,1.108295918,1.615911603,-0.126853228,0.645184696,-0.363306969,0.660040200
2802,57.860000,2,false,false,-0.922797918,1.105931759,1.606096745,-0.128143221,0.644160748,-0.364672869,0.660037935
2803,57.880000,2,false,false,-0.913718462,1.097221017,1.600868464,-0.132963017,0.643279374,-0.362965614,0.660884678
2804,57.900000,2,false,false,-0.915177226,1.092370033,1.585904837,-0.137769639,0.640758276,-0.360216439,0.663846731
2805,57.920000,2,false,false,-0.907496452,1.087319255,1.579429507,-0.139824122,0.641768277,-0.356457442,0.664470315
2806,57.940000,2,false,false,-0.903105259,1.080555201,1.570057511,-0.144569665,0.641766548,-0.353609532,0.664977968
2807,57.960000,2,false,false,-0.893067598,1.077882886,1.561954260,-0.151963174,0.639808834,-0.351179719,0.666501880
2808,57.980000,2,false,false,-0.885564089,1.075240135,1.551931977,-0.157109141,0.637009561,-0.347437590,0.669942379
2809,58.000000,2,false,false,-0.877189398,1.067526937,1.543584466,-0.158958137,0.637297928,-0.342054039,0.671999037
2810,58.020000,2,false,false,-0.875495434,1.059229136,1.530641794,-0.161099985,0.638292849,-0.337192655,0.673000932
2811,58.040000,2,false,false,-0.868024826,1.053006053,1.524234891,-0.161767930,0.640577912,-0.332148969,0.673177660
2812,58.060000,2,false,false,-0.856022477,1.049617052,1.514417291,-0.162834495,0.641924858,-0.328428417,0.673462927
2813,58.080000,2,false,false,-0.847827435,1.044455528,1.506288052,-0.164678082,0.643342257,-0.323428631,0.674081504
2814,58.100000,2,false,false,-0.838619351,1.038943052,1.495997190,-0.167711318,0.644389272,-0.319847673,0.674042225
2815,58.120000,2,false,false,-0.830307603,1.033944607,1.488178611,-0.170798838,0.646055460,-0.317327380,0.672862232
2816,58.140000,2,false,false,-0.820007443,1.029439449,1.478684425,-0.172696725,0.647371650,-0.315012038,0.672200322
2817,58.160000,2,false,false,-0.808980465,1.022187471,1.478632450,-0.173464432,0.650316298,-0.309562743,0.671691775
2818,58.180000,2,false,false,-0.800769448,1.013354182,1.470504761,-0.174369946,0.652552247,-0.306088924,0.670880318
2819,58.200000,2,false,false,-0.795065880,1.006370902,1.459389091,-0.174160540,0.654223025,-0.303311616,0.670568705
2820,58.220000,2,false,false,-0.787064672,1.000555277,1.450685382,-0.177216664,0.655988455,-0.303332925,0.668028951
2821,58.240000,2,false,false,-0.781431317,0.991482556,1.444131613,-0.178345919,0.657538235,-0.302283466,0.666679025
2822,58.260000,2,false,false,-0.775573015,0.989066243,1.433164358,-0.177374512,0.658264697,-0.303057939,0.665869176
2823,58.280000,2,false,false,-0.767175674,0.980791330,1.426302433,-0.176094651,0.659662664,-0.302062333,0.665277541
2824,58.300000,2,false,false,-0.755435467,0.982237101,1.418697596,-0.174248680,0.661248565,-0.302905113,0.663804471
2825,58.320000,2,false,false,-0.751083374,0.977607489,1.409460902,-0.173763290,0.661885381,-0.302245200,0.663597822
2826,58.340000,2,false,false,-0.746241808,0.970696151,1.403119087,-0.175230563,0.663178325,-0.301102489,0.662439585
2827,58.360000,2,false,false,-0.740998983,0.966813922,1.391535997,-0.174807608,0.664134979,-0.300968438,0.661653340
2828,58.380000,2,false,false,-0.742199779,0.953625679,1.390522480,-0.176360190,0.666668832,-0.298241138,0.659925759
2829,58.400000,2,false,false,-0.735910296,0.949858904,1.384477377,-0.176156819,0.668643534,-0.297529668,0.658301413
2830,58.420000,2,false,false,-0.733382106,0.943300724,1.374561071,-0.175929680,0.669201910,-0.295711160,0.658614099
2831,58.440000,2,false,false,-0.726343155,0.937664986,1.367816925,-0.175804168,0.670347273,-0.293512166,0.658466458
2832,58.460000,2,false,false,-0.722383499,0.933374286,1.361881256,-0.175237730,0.671983719,-0.291516185,0.657835841
2833,58.480000,2,false,false,-0.717993975,0.929621339,1.352824211,-0.174692273,0.673144937,-0.290072680,0.657431722
2834,58.500000,2,false,false,-0.712572813,0.929357350,1.340071917,-0.174043864,0.673440576,-0.289961219,0.657350063
2835,58.520000,2,false,false,-0.709393740,0.923423290,1.331866980,-0.175125465,0.674362898,-0.288562506,0.656732440
2836,58.540000,2,false,false,-0.705677271,0.920260131,1.321163654,-0.174069420,0.675788105,-0.288239986,0.655689061
2837,58.560000,2,false,false,-0.702001214,0.914503217,1.311665297,-0.173155636,0.677048206,-0.287252694,0.655064046
2838,58.580000,2,false,false,-0.695825934,0.911261618,1.304503202,-0.172380134,0.678104818,-0.286158353,0.654654503
2839,58.600000,2,false,false,-0.691661239,0.906953990,1.294478416,-0.171227157,0.677615583,-0.284720749,0.656088829
2840,58.620000,2,false,false,-0.685459137,0.903138518,1.283867359,-0.171055049,0.676976681,-0.283567429,0.657291710
2841,58.640000,2,false,false,-0.679894447,0.896815538,1.274528742,-0.171530813,0.677522540,-0.283037394,0.656833589
2842,58.660000,2,false,false,-0.675298333,0.891257823,1.265908957,-0.174419507,0.677871406,-0.284083158,0.655259490
2843,58.680000,2,false,false,-0.671027899,0.885391414,1.252265573,-0.176068529,0.677892566,-0.285044134,0.654378712
2844,58.700000,2,false,false,-0.665200353,0.880076468,1.243717074,-0.175294444,0.679156661,-0.284675300,0.653435707
2845,58.720000,2,false,false,-0.662460566,0.870348155,1.235888720,-0.174500853,0.680292666,-0.283898920,0.652803779
2846,58.740000,2,false,false,-0.658820391,0.863533378,1.226715446,-0.173541412,0.681271851,-0.283960968,0.652010918
2847,58.760000,2,false,false,-0.652861595,0.857854843,1.214408159,-0.173077062,0.681498110,-0.284317553,0.651742518
2848,58.780000,2,false,false,-0.648668885,0.852744997,1.203042150,-0.172601193,0.681293368,-0.284135222,0.652162135
2849,58.800000,2,false,false,-0.643876076,0.847286105,1.191544771,-0.170640841,0.682049632,-0.283166677,0.652308762
2850,58.820000,2,false,false,-0.638256907,0.840420604,1.179828644,-0.168563232,0.683154881,-0.282102734,0.652153373
2851,58.840000,2,false,false,-0.631225109,0.836441159,1.169627190,-0.167595416,0.683859527,-0.281239241,0.652037144
2852,58.860000,2,false,false,-0.625890851,0.832622886,1.160486698,-0.168572798,0.683458686,-0.279433668,0.652981102
2853,58.880000,2,false,false,-0.621641874,0.825135350,1.150544405,-0.169626594,0.683205485,-0.276544392,0.654202104
2854,58.900000,2,false,false,-0.614955068,0.820101857,1.141275287,-0.171081275,0.683787405,-0.274589479,0.654038668
2855,58.920000,2,false,false,-0.607970119,0.815002799,1.130055666,-0.171590984,0.685325503,-0.274044991,0.652521968
2856,58.940000,2,false,false,-0.602546811,0.808669269,1.120987415,-0.172646031,0.686120510,-0.274100929,0.651383758
2857,58.960000,2,false,false,-0.595751643,0.802667081,1.110957503,-0.174378380,0.685952365,-0.273505092,0.651349783
2858,58.980000,2,false,false,-0.589171410,0.796351314,1.101179838,-0.175442547,0.686663330,-0.273020208,0.650517821
2859,59.000000,2,false,false,-0.583446503,0.789330959,1.092802644,-0.176613957,0.688829601,-0.273227453,0.647818029
2860,59.020000,2,false,false,-0.576707125,0.784153819,1.083303094,-0.176345766,0.692630470,-0.273790330,0.643586934
2861,59.040000,2,false,false,-0.571815491,0.776436806,1.074095249,-0.175489888,0.696884036,-0.272427201,0.639796376
2862,59.060000,2,false,false,-0.564897299,0.771067083,1.066998601,-0.174643055,0.700839281,-0.270701557,0.636431396
2863,59.080000,2,false,false,-0.557683825,0.768045187,1.057222366,-0.176647872,0.702926695,-0.268688023,0.634426057
2864,59.100000,2,false,false,-0.555797696,0.762360334,1.049171805,-0.178277418,0.705032289,-0.266170353,0.632692754
2865,59.120000,2,false,false,-0.549807072,0.756907582,1.042156458,-0.177434191,0.709499419,-0.262120098,0.629619539
2866,59.140000,2,false,false,-0.556654692,0.751531601,1.022994041,-0.176682517,0.713138223,-0.257644504,0.627564013
2867,59.160000,2,false,false,-0.551263928,0.748124957,1.014079809,-0.175953522,0.719531894,-0.250632912,0.623295546
2868,59.180000,2,false,false,-0.545059800,0.745773256,1.002928615,-0.180578828,0.724372685,-0.245338440,0.618453324
2869,59.200000,2,false,false,-0.537707448,0.743879974,0.995933831,-0.186910003,0.730096281,-0.239829451,0.611968994
2870,59.220000,2,false,false,-0.529128075,0.740954161,0.986639082,-0.188942119,0.735542655,-0.234376624,0.606914818
2871,59.240000,2,false,false,-0.525923729,0.737868786,0.976920426,-0.190802693,0.739380121,-0.228331432,0.603967011
2872,59.260000,2,false,false,-0.518139243,0.741360247,0.973717630,-0.191384539,0.745247304,-0.222083688,0.598880112
2873,59.280000,2,false,false,-0.515899301,0.741090178,0.961407185,0.192195937,-0.748690069,0.217547476,-0.595984161
2874,59.300000,2,false,false,-0.511765838,0.740045547,0.951555133,0.197366461,-0.751094759,0.214368254,-0.592409790
2875,59.320000,2,false,false,-0.506003499,0.738746643,0.943765581,0.202299371,-0.753436148,0.210968971,-0.588983119
2876,59.340000,2,false,false,-0.499082685,0.736667216,0.935985506,0.207523003,-0.755807877,0.206182227,-0.585813582
2877,59.360000,2,false,false,-0.493074179,0.733839750,0.926429451,0.213227421,-0.757541835,0.201032564,-0.583309889
2878,59.380000,2,false,false,-0.485037684,0.727666140,0.918191671,0.217439622,-0.759453475,0.196291417,-0.580878735
2879,59.400000,2,false,false,-0.465843558,0.730148613,0.921093881,0.221245706,-0.762753725,0.193991274,-0.575868428
2880,59.420000,2,false,false,-0.459755063,0.726725876,0.912669837,0.225275427,-0.764416516,0.192716762,-0.572519660
2881,59.440000,2,false,false,-0.450450540,0.723061681,0.905874372,0.228727534,-0.767147779,0.191978127,-0.567725658
2882,59.460000,2,false,false,-0.442875981,0.718579292,0.898047686,0.231977522,-0.769291818,0.192396894,-0.563346982
2883,59.480000,2,false,false,-0.438367724,0.715244353,0.888094723,0.233641341,-0.769908905,0.193247333,-0.561522603
2884,59.500000,2,false,false,-0.430896878,0.710400224,0.877455056,-0.236463428,0.770511627,-0.193437874,0.559445083
2885,59.520000,2,false,false,-0.423525333,0.705851972,0.870412350,-0.238352954,0.772401631,-0.193476453,0.556013107
2886,59.540000,2,false,false,-0.416270852,0.702953219,0.862748086,-0.240553379,0.774605930,-0.194238707,0.551716566
2887,59.560000,2,false,false,-0.408478260,0.698649943,0.853793144,-0.243060872,0.776520073,-0.194355935,0.547872066
2888,59.580000,2,false,false,-0.401266932,0.693669796,0.845871568,-0.244847283,0.778656006,-0.193325669,0.544398725
2889,59.600000,2,false,false,-0.395857096,0.689301670,0.835949540,-0.243885368,0.781252384,-0.191733032,0.541666925
2890,59.620000,2,false,false,-0.390762687,0.678597093,0.835831881,0.245089293,-0.783640206,0.189232409,-0.538544655
2891,59.640000,2,false,false,-0.385501742,0.674430072,0.827738523,0.244163796,-0.785182536,0.189076051,-0.536770582
2892,59.660000,2,false,false,-0.380951405,0.668885231,0.820080996,0.246186733,-0.785638511,0.188709080,-0.535306633
2893,59.680000,2,false,false,-0.374025106,0.664900899,0.809915543,0.247643068,-0.787287712,0.189307734,-0.531990230
2894,59.700000,2,false,false,-0.367507219,0.658397973,0.803079963,0.247853100,-0.790638864,0.189184934,-0.526942194
2895,59.720000,2,false,false,-0.360412002,0.657114863,0.791564345,-0.246722087,0.793783724,-0.190831885,0.522129118
2896,59.740000,2,false,false,-0.352159858,0.650352836,0.786562681,-0.248224229,0.796836257,-0.191288680,0.516570807
2897,59.760000,2,false,false,-0.348990142,0.644311845,0.778614104,-0.248020679,0.799939513,-0.192184910,0.511514902
2898,59.780000,2,false,false,-0.342350662,0.638632655,0.769535720,-0.245114595,0.804129303,-0.193593964,0.505782962
2899,59.800000,2,false,false,-0.336105704,0.631772995,0.763670683,-0.241602391,0.809193373,-0.196027458,0.498405099
2900,59.820000,2,false,true,-0.358339787,0.646690071,0.811368585,0.237580702,-0.814232469,0.195742771,-0.492204964
2901,59.840000,2,false,false,-0.353468180,0.642224431,0.805120468,0.233219594,-0.819426835,0.196281865,-0.485408872
2902,59.860000,2,false,false,-0.349904180,0.637972236,0.799265742,0.230775043,-0.823266149,0.195559829,-0.480345845
2903,59.880000,2,false,false,-0.345685303,0.634320498,0.790310204,0.226716310,-0.827301383,0.193579495,-0.476129413
2904,59.900000,2,false,false,-0.343676686,0.626103163,0.782727599,0.223921850,-0.831863940,0.191523716,-0.470297933
2905,59.920000,2,false,false,-0.329449058,0.631995320,0.782004535,-0.220835403,0.837842882,-0.193162203,0.460368752
2906,59.940000,2,false,false,-0.328691542,0.627067566,0.773790300,0.217651889,-0.840824068,0.193184406,-0.456423551
2907,59.960000,2,false,false,-0.324318171,0.621155024,0.769027412,0.215996608,-0.843047738,0.191251129,-0.453915328
2908,59.980000,2,false,false,-0.322404206,0.617493212,0.762750864,0.213116348,-0.845088542,0.189764112,-0.452102214
2909,60.000000,2,false,false,-0.320110977,0.613355458,0.758153021,0.210456371,-0.847279489,0.189204782,-0.449474275
2910,60.020000,2,false,false,-0.315630138,0.609683633,0.752851129,0.207629889,-0.849645853,0.189093843,-0.446357995
2911,60.040000,2,false,false,-0.310469747,0.605570674,0.751127779,0.205906406,-0.852303803,0.188854754,-0.442170471
2912,60.060000,2,false,false,-0.308159590,0.602192163,0.745811582,0.204131886,-0.853847444,0.188644975,-0.440099835
2913,60.080000,2,false,false,-0.303796232,0.598074675,0.740347207,0.202443004,-0.855769217,0.188667551,-0.437127501
2914,60.100000,2,false,false,-0.302536845,0.593863964,0.733797669,0.200250044,-0.857614815,0.188946813,-0.434391439
2915,60.120000,2,false,false,-0.300611198,0.589791059,0.728296995,0.198224485,-0.859504580,0.189975575,-0.431124389
2916,60.140000,2,false,false,-0.296184182,0.583712161,0.724997699,0.196143121,-0.861275077,0.190418854,-0.428338498
2917,60.160000,2,false,false,-0.293398499,0.578928590,0.718890309,0.194225386,-0.862852097,0.191194877,-0.425684541
2918,60.180000,2,false,false,-0.292181909,0.575852871,0.712891161,0.192465976,-0.864714205,0.191453710,-0.422577471
2919,60.200000,2,false,false,-0.289218843,0.571643651,0.706560433,0.191870660,-0.866810024,0.190919429,-0.418779045
2920,60.220000,2,false,false,-0.287673354,0.567512393,0.697935700,0.190179333,-0.868451893,0.190945357,-0.416128695
2921,60.240000,2,false,false,-0.287558377,0.562016726,0.689163864,-0.188843906,0.869659901,-0.191495389,0.413955629
2922,60.260000,2,false,false,-0.285255909,0.553838849,0.685365319,0.189337745,-0.870694637,0.191468477,-0.411560446
2923,60.280000,2,false,false,-0.283599734,0.550362945,0.675795734,0.188077524,-0.871999800,0.193554267,-0.408387095
2924,60.300000,2,false,false,-0.282910645,0.543450117,0.667027950,0.187561736,-0.873273194,0.195415273,-0.405003130
2925,60.320000,2,false,false,-0.276884139,0.538599372,0.660226285,0.186776891,-0.874919116,0.197549120,-0.400756031
2926,60.340000,2,false,false,-0.277371764,0.532362580,0.650742531,0.185550883,-0.875843227,0.199683592,-0.398241162
2927,60.360000,2,false,false,-0.273633420,0.523898304,0.644008994,0.184453815,-0.877094328,0.200671703,-0.395491332
2928,60.380000,2,false,false,-0.273918152,0.518732548,0.633128226,0.181756824,-0.878008425,0.203336522,-0.393344581
2929,60.400000,2,false,false,-0.270177841,0.510955632,0.623594284,0.179332584,-0.879261136,0.206034571,-0.390242934
2930,60.420000,2,false,false,-0.268949211,0.504225492,0.615113020,0.176021621,-0.880735874,0.207618728,-0.387576133
2931,60.440000,2,false,false,-0.265544415,0.497049212,0.605678916,0.172661886,-0.882495522,0.209320188,-0.384154499
2932,60.460000,2,false,false,-0.260890901,0.486728787,0.596235633,0.171712562,-0.883982539,0.210835814,-0.380313158
2933,60.480000,2,false,false,-0.260270178,0.479342848,0.587093592,0.168637395,-0.885847569,0.212960780,-0.376142740
2934,60.500000,2,false,false,-0.257995367,0.471315563,0.576796174,0.164996758,-0.887711167,0.215787753,-0.371726632
2935,60.520000,2,false,false,-0.251084685,0.463972211,0.570495784,0.162455127,-0.889327645,0.218280062,-0.367502987
2936,60.540000,2,false,false,-0.248611033,0.455973029,0.561253786,0.160284430,-0.889578462,0.220435098,-0.366561770
2937,60.560000,2,false,false,-0.243633270,0.449929237,0.551653266,-0.159061208,0.889948249,-0.222348586,0.365038276
2938,60.580000,2,false,false,-0.240361035,0.438983560,0.544307888,0.158995509,-0.890509725,0.223811641,-0.362796456
2939,60.600000,2,false,false,-0.234418273,0.430283904,0.536810160,0.158700615,-0.890901089,0.225888118,-0.360671490
2940,60.620000,2,false,false,-0.233871132,0.425946414,0.526699841,0.158876806,-0.890592277,0.228740409,-0.359557211
2941,60.640000,2,false,false,-0.231149644,0.415617287,0.518786073,0.159476131,-0.890729904,0.230142668,-0.358052999
2942,60.660000,2,false,false,-0.226511776,0.408172548,0.511817813,0.160198778,-0.891144812,0.231735840,-0.355662405
2943,60.680000,2,false,false,-0.221179038,0.401916027,0.505806029,0.160421059,-0.891919732,0.233555377,-0.352414906
2944,60.700000,2,false,false,-0.221621007,0.390765011,0.494768798,0.160242110,-0.892625868,0.234927773,-0.349786460
2945,60.720000,2,false,false,-0.217901766,0.383238494,0.487444878,0.159182250,-0.893592894,0.235854909,-0.347167492
2946,60.740000,2,false,false,-0.209713221,0.377551913,0.479571164,0.157583281,-0.894737184,0.236781895,-0.344306916
2947,60.760000,2,false,false,-0.213442713,0.364623606,0.472968698,0.156583175,-0.895182848,0.235199243,-0.344689429
2948,60.780000,2,false,false,-0.209747046,0.358654201,0.463363588,0.157291889,-0.895499170,0.235999942,-0.342993617
2949,60.800000,2,false,false,-0.206040591,0.351814955,0.457403123,-0.158551127,0.895999968,-0.236678228,0.340630293
2950,60.820000,2,false,false,-0.200108349,0.348867834,0.447127789,0.158872366,-0.896365523,0.237905860,-0.338658184
2951,60.840000,2,false,false,-0.196165025,0.343659788,0.439574540,0.159373701,-0.896766722,0.238156408,-0.337181121
2952,60.860000,2,false,false,-0.190844417,0.339448959,0.431367964,0.158949971,-0.897355795,0.239161208,-0.335096270
2953,60.880000,2,false,false,-0.189294100,0.332185715,0.423120975,0.156914726,-0.897932529,0.239286244,-0.334420592
2954,60.900000,2,false,false,-0.187326938,0.325952023,0.413518637,0.155532986,-0.898597658,0.239876747,-0.332852721
2955,60.920000,2,false,false,-0.182250261,0.317998528,0.406871825,0.155116886,-0.899609804,0.239483565,-0.330588371
2956,60.940000,2,false,false,-0.181175351,0.311168164,0.396040767,-0.154898524,0.899890542,-0.239104658,0.330200613
2957,60.960000,2,false,false,-0.177705020,0.306143999,0.384420216,-0.155364513,0.900255084,-0.239133567,0.328964889
2958,60.980000,2,false,false,-0.174405217,0.299679607,0.374594033,-0.155380547,0.901023805,-0.238709599,0.327155501
2959,61.000000,2,false,false,-0.166779846,0.292307138,0.368205965,0.155027926,-0.902238429,0.238578111,-0.324056864
2960,61.020000,2,false,false,-0.165665120,0.285146028,0.357111871,0.154571384,-0.902864993,0.238661662,-0.322464138
2961,61.040000,2,false,false,-0.158836991,0.280906707,0.347881049,0.154582039,-0.903643191,0.238703683,-0.320240587
2962,61.060000,2,false,false,-0.152686954,0.277565062,0.338104814,0.155058742,-0.904097736,0.239560589,-0.318079799
2963,61.080000,2,false,false,-0.146277308,0.271662265,0.330335677,0.154680252,-0.904922605,0.239927828,-0.315632552
2964,61.100000,2,false,false,-0.140741527,0.267189711,0.320405543,0.153665707,-0.905306876,0.241387606,-0.313908219
2965,61.120000,2,false,false,-0.136231139,0.260776877,0.312883586,-0.151524827,0.905957043,-0.242159441,0.312475502
2966,61.140000,2,false,false,-0.130810142,0.254870325,0.303928554,-0.147394225,0.906805634,-0.242629334,0.311624259
2967,61.160000,2,false,false,-0.116940245,0.246373534,0.300097793,0.145583451,-0.907837152,0.241810590,-0.310104728
2968,61.180000,2,false,false,-0.111761317,0.240458012,0.291753352,0.145097092,-0.908037901,0.241985127,-0.309608370
2969,61.200000,2,false,false,-0.106623709,0.234048009,0.283270001,0.144628003,-0.908438027,0.241684109,-0.308888227
2970,61.220000,2,false,false,-0.102274969,0.225927636,0.272919089,0.144706264,-0.908768952,0.241315782,-0.308165103
2971,61.240000,2,false,false,-0.093891948,0.218764976,0.267982095,0.144442007,-0.909352064,0.241511375,-0.306410789
2972,61.260000,2,false,false,-0.090575203,0.211188495,0.257460594,-0.145023838,0.909142673,-0.242551163,0.305935740
2973,61.280000,2,false,false,-0.085363343,0.199713007,0.251882315,0.144143790,-0.909480870,0.242734551,-0.305200011
2974,61.300000,2,false,false,-0.080624059,0.191597596,0.243789181,0.144141749,-0.909373641,0.244583249,-0.304042518
2975,61.320000,2,false,false,-0.078174204,0.184227332,0.237045556,0.142686978,-0.909299076,0.246703967,-0.303237170
2976,61.340000,2,false,false,-0.072323382,0.175845534,0.230740100,0.141047567,-0.909774899,0.247790992,-0.301686883
2977,61.360000,2,false,false,-0.067899212,0.170271426,0.222629637,0.139907554,-0.910223305,0.249008536,-0.299857050
2978,61.380000,2,false,false,-0.065382317,0.165128812,0.215076238,-0.139887467,0.910648286,-0.250041395,0.297708720
2979,61.400000,2,false,false,-0.064921767,0.158525363,0.205904633,0.138629094,-0.911294699,0.250384867,-0.296026140
2980,61.420000,2,false,false,-0.063578337,0.152808294,0.198483378,0.137011662,-0.912491679,0.249719068,-0.293644696
2981,61.440000,2,false,false,-0.060613051,0.149137944,0.187736243,0.135649770,-0.913548946,0.249174491,-0.291443944
2982,61.460000,2,false,false,-0.054921180,0.142316997,0.182476029,0.135561183,-0.914889693,0.247568294,-0.288634837
2983,61.480000,2,false,false,-0.056376621,0.137332588,0.173633710,0.134749949,-0.915540338,0.246734679,-0.287663728
2984,61.500000,2,false,false,-0.050744772,0.131590635,0.166430980,-0.133900926,0.916804373,-0.245889097,0.284743398
2985,61.520000,2,false,false,-0.049022093,0.126588911,0.158607945,-0.132415190,0.917989016,-0.245461956,0.281976670
2986,61.540000,2,false,false,-0.048760042,0.122553796,0.146852434,-0.131196111,0.918888748,-0.245452583,0.279614240
2987,61.560000,2,false,false,-0.048939072,0.118927486,0.138647333,-0.129828140,0.919935584,-0.245231166,0.276992500
2988,61.580000,2,false,false,-0.047455117,0.114788108,0.130495548,-0.127692908,0.921123207,-0.244180143,0.274959475
2989,61.600000,2,false,false,-0.049710684,0.112157106,0.121251151,-0.124894761,0.922002196,-0.243494958,0.273904055
2990,61.620000,2,false,false,-0.052477494,0.137894765,0.141722441,0.123731710,-0.923044384,0.245135382,-0.269422054
2991,61.640000,2,false,false,-0.053535268,0.133568823,0.131550431,0.121120729,-0.924570978,0.245144144,-0.265335023
2992,61.660000,2,false,false,-0.055486791,0.128210917,0.121613950,0.118661299,-0.926096380,0.245272875,-0.260971904
2993,61.680000,2,false,false,-0.054480575,0.125091612,0.116032764,0.117489263,-0.927448332,0.245082989,-0.256847024
2994,61.700000,2,false,false,-0.057588756,0.120369539,0.104380012,0.114181034,-0.928379238,0.245136157,-0.254917562
2995,61.720000,2,false,false,-0.057913765,0.117508307,0.094239444,0.110097639,-0.929402053,0.245819196,-0.252315730
2996,61.740000,2,false,false,-0.054454163,0.115031868,0.085114688,-0.108248740,0.930095315,-0.245989352,0.250388175
2997,61.760000,2,false,false,-0.057534009,0.104639947,0.078533635,0.104937226,-0.930834055,0.245342135,-0.249686688
2998,61.780000,2,false,false,-0.059773412,0.098213971,0.070288770,0.103725716,-0.931317866,0.245540962,-0.248188823
2999,61.800000,2,false,false,-0.060916916,0.092776403,0.059356250,0.102983490,-0.931649983,0.246752948,-0.246040031
3000,61.820000,2,false,false,-0.064695597,0.086676590,0.048366047,0.102240391,-0.931709707,0.248661369,-0.244195655
3001,61.840000,2,false,false,-0.067702629,0.077858433,0.038742699,0.101040915,-0.931935191,0.249688715,-0.242782131
3002,61.860000,2,false,false,-0.071756557,0.072824888,0.027784616,0.100089915,-0.931839108,0.251715183,-0.241448611
3003,61.880000,2,false,false,-0.073986799,0.066826917,0.019754492,0.098034635,-0.932335913,0.254035503,-0.237918109
3004,61.900000,2,false,false,-0.077775568,0.059846710,0.007921971,0.095612220,-0.932984829,0.257486939,-0.232589900
3005,61.920000,2,false,false,-0.081386492,0.052526202,-0.003476098,0.092911452,-0.933775842,0.261006474,-0.226507813
3006,61.940000,2,false,false,-0.084873065,0.045701988,-0.015438914,0.092018515,-0.934292674,0.263916433,-0.221309677
3007,61.960000,2,false,false,-0.087353088,0.034448314,-0.023760743,0.091338016,-0.935269833,0.264285177,-0.216981739
3008,61.980000,2,false,false,-0.091779910,0.029317165,-0.037450559,0.089965008,-0.935949743,0.265487164,-0.213121951
3009,62.000000,2,false,true,-0.090768576,0.027330332,-0.041094951,0.087857753,-0.936767995,0.267289907,-0.208093569
3010,62.020000,2,false,false,-0.090165131,0.018459730,-0.050431203,0.085871540,-0.937902331,0.267904729,-0.202959120
3011,62.040000,2,false,false,-0.096602894,0.009299980,-0.057910804,0.085724622,-0.938398540,0.268289983,-0.200199842
3012,62.060000,2,false,false,-0.097455218,0.001522260,-0.066658929,0.087149978,-0.938891590,0.268490702,-0.196977973
3013,62.080000,2,false,false,-0.100219801,-0.005716011,-0.079404674,0.087612569,-0.939376056,0.269466251,-0.193092510
3014,62.100000,2,false,false,-0.101844594,-0.012417138,-0.084930509,0.086873211,-0.940118849,0.270531595,-0.188261032
3015,62.120000,2,false,false,-0.107133567,-0.020281337,-0.095214851,-0.085663557,0.940757573,-0.271742225,0.183829218
3016,62.140000,2,false,false,-0.107777506,-0.027544178,-0.099596918,0.083609231,-0.941781700,0.272152066,-0.178857714
3017,62.160000,2,false,false,-0.107204601,-0.035159275,-0.105709098,0.081915453,-0.942755818,0.271742851,-0.175092250
3018,62.180000,2,false,false,-0.109998181,-0.041138921,-0.111213259,0.080864362,-0.943717360,0.271313995,-0.171018347
3019,62.200000,2,false,false,-0.112467423,-0.045620430,-0.117936984,0.080799274,-0.944704890,0.271161288,-0.165758193
3020,62.220000,2,false,false,-0.114628449,-0.051829021,-0.125845611,0.079980738,-0.945638955,0.271178842,-0.160723671
3021,62.240000,2,false,false,-0.114612848,-0.056426827,-0.131621450,0.079625815,-0.946818113,0.270650834,-0.154736474
3022,62.260000,2,false,false,-0.118955910,-0.066255055,-0.134282932,-0.079681210,0.948283255,-0.268898755,0.148671687
3023,62.280000,2,false,false,-0.117444009,-0.069888741,-0.145259872,-0.078667551,0.949218214,-0.269484311,0.142036468
3024,62.300000,2,false,false,-0.119576573,-0.071856618,-0.151656240,0.077572830,-0.949879110,0.269986242,-0.137184814
3025,62.320000,2,false,false,-0.119820565,-0.075699411,-0.158235610,0.076979630,-0.950876236,0.269820392,-0.130788460
3026,62.340000,2,false,false,-0.122360513,-0.079555608,-0.165714383,0.075931504,-0.951982498,0.269558460,-0.123701669
3027,62.360000,2,false,false,-0.122840360,-0.084164634,-0.170785367,0.075066023,-0.953105807,0.269211918,-0.116100959
3028,62.380000,2,false,false,-0.122792020,-0.086874299,-0.177447677,0.073328786,-0.954087973,0.269435287,-0.108368680
3029,62.400000,2,false,false,-0.124181211,-0.091391161,-0.182749629,0.071654364,-0.955242455,0.268986285,-0.100119993
3030,62.420000,2,false,false,-0.124591291,-0.098674059,-0.180417925,-0.071450293,0.956575751,-0.267199099,0.091991283
3031,62.440000,2,false,false,-0.123801082,-0.099188261,-0.188532993,0.071451627,-0.957117736,0.268171728,-0.083092488
3032,62.460000,2,false,false,-0.129665479,-0.110067442,-0.188845456,0.069465697,-0.957924962,0.268046170,-0.075535364
3033,62.480000,2,false,false,-0.129750878,-0.113468319,-0.190552533,0.066733547,-0.958691359,0.268277645,-0.066966996
3034,62.500000,2,false,false,-0.128419638,-0.115976520,-0.192382470,0.065355718,-0.959475398,0.267878979,-0.058107559
3035,62.520000,2,false,false,-0.132313669,-0.118822791,-0.197393119,0.062491786,-0.960264862,0.267164767,-0.051080368
3036,62.540000,2,false,false,-0.131117657,-0.121026568,-0.202135190,0.057870261,-0.961160362,0.266322434,-0.043522067
3037,62.560000,2,false,false,-0.128416538,-0.124673620,-0.204774916,0.053739697,-0.962126851,0.264733613,-0.036607288
3038,62.580000,2,false,false,-0.125206918,-0.127394244,-0.206491575,0.049175482,-0.962802529,0.264158428,-0.028520139
3039,62.600000,2,false,false,-0.121562272,-0.129660666,-0.209992170,0.045561280,-0.963362575,0.263538182,-0.020108085
3040,62.620000,2,false,false,-0.120760649,-0.131715298,-0.211275786,0.043064963,-0.963571191,0.263698608,-0.011794002
3041,62.640000,2,false,false,-0.123630777,-0.138282672,-0.212093115,0.040190980,-0.963816643,0.263490975,-0.003826366
3042,62.660000,2,false,false,-0.124580249,-0.140588179,-0.212722272,0.038848724,-0.963715613,0.264037162,0.005236060
3043,62.680000,2,false,false,-0.126233727,-0.143118590,-0.217395008,0.036548823,-0.963327229,0.265500903,0.013195277
3044,62.700000,2,false,false,-0.125909612,-0.147137016,-0.217464536,0.033643868,-0.962899148,0.266929597,0.021024404
3045,62.720000,2,false,false,-0.128816485,-0.150065705,-0.218559414,0.031171104,-0.962423623,0.268229663,0.028671268
3046,62.740000,2,false,false,-0.125972867,-0.156170189,-0.218648374,0.028883521,-0.961877525,0.269140840,0.038995352
3047,62.760000,2,false,false,-0.126711234,-0.160297990,-0.218337029,0.026795043,-0.960953414,0.271095842,0.048554868
3048,62.780000,2,false,false,-0.127749652,-0.167379647,-0.212916970,0.024245728,-0.960435331,0.271428227,0.057471402
3049,62.800000,2,false,false,-0.129228592,-0.169145897,-0.212609172,0.021354245,-0.959783971,0.271971732,0.066258132
3050,62.820000,2,false,false,-0.131876156,-0.171061322,-0.211062342,0.018339088,-0.959063351,0.272427708,0.075129643
3051,62.840000,2,false,false,-0.134309843,-0.171998620,-0.213561624,0.016089439,-0.958013833,0.273520023,0.084483773
3052,62.860000,2,false,false,-0.137252465,-0.173484609,-0.210879594,0.013827739,-0.957032561,0.274379939,0.092807218
3053,62.880000,2,false,false,-0.142193466,-0.175017416,-0.214650482,0.011961184,-0.956265569,0.274780780,0.099542022
3054,62.900000,2,false,false,-0.144467652,-0.175008819,-0.212452412,0.010734839,-0.955380678,0.275153995,0.106877506
3055,62.920000,2,false,true,-0.141511232,-0.159149140,-0.192986846,0.007793089,-0.954376042,0.275398135,0.115158804
3056,62.940000,2,false,false,-0.144015223,-0.158958733,-0.192396045,0.005838963,-0.953344226,0.275521398,0.123242863
3057,62.960000,2,false,false,-0.148152038,-0.158790022,-0.191864520,0.003553869,-0.952257454,0.275266171,0.131991312
3058,62.980000,2,false,false,-0.151389509,-0.158135548,-0.189685464,0.001163365,-0.951316774,0.274644524,0.139877021
3059,63.000000,2,false,false,-0.155429110,-0.156622872,-0.189219862,-0.001119491,-0.950309873,0.274321675,0.147164941
3060,63.020000,2,false,false,-0.164653406,-0.157412291,-0.185670733,-0.003474050,-0.949631333,0.273317337,0.153251275
3061,63.040000,2,false,false,-0.164353192,-0.153306916,-0.184751362,-0.005845163,-0.948428631,0.272779047,0.161370844
3062,63.060000,2,false,false,-0.166770846,-0.151983500,-0.180702657,-0.007736322,-0.947755098,0.270402640,0.169064820
3063,63.080000,2,false,false,-0.173334524,-0.149383143,-0.179380119,-0.010011620,-0.947086096,0.268156946,0.176123917
3064,63.100000,2,false,false,-0.179338157,-0.146592170,-0.175556451,-0.011950637,-0.946601689,0.265279353,0.182836920
3065,63.120000,2,false,false,-0.182565391,-0.143447548,-0.177391529,-0.013275889,-0.946007848,0.262902319,0.189143643
3066,63.140000,2,false,false,-0.188538730,-0.143063143,-0.170719802,-0.015338128,-0.945416033,0.260055691,0.195765942
3067,63.160000,2,false,false,-0.192957550,-0.138433605,-0.172344774,-0.017705947,-0.944262922,0.258990824,0.202430040
3068,63.180000,2,false,false,-0.198518842,-0.135783553,-0.170949697,-0.020151470,-0.943146408,0.257711917,0.208933994
3069,63.200000,2,false,false,-0.204662263,-0.134550899,-0.164973557,-0.022589190,-0.942166746,0.256078124,0.215024799
3070,63.220000,2,false,false,-0.210160762,-0.132917434,-0.162525654,-0.024319444,-0.940801799,0.255332023,0.221599236
3071,63.240000,2,false,false,-0.217012823,-0.131038725,-0.157562047,-0.026689259,-0.939479947,0.254778385,0.227493241
3072,63.260000,2,false,false,-0.223097220,-0.128365785,-0.154989332,-0.028186420,-0.937922120,0.254425734,0.234041110
3073,63.280000,2,false,true,-0.220195636,-0.127578318,-0.164361656,-0.030298812,-0.936138690,0.254007816,0.241260186
3074,63.300000,2,false,false,-0.227540642,-0.125667915,-0.160543859,-0.031671986,-0.935052752,0.252814859,0.246491268
3075,63.320000,2,false,false,-0.235247731,-0.122317724,-0.157983214,-0.033613894,-0.934085846,0.251519769,0.251180440
3076,63.340000,2,false,false,-0.240126997,-0.120305270,-0.155357659,-0.034933627,-0.933114171,0.249877766,0.256200582
3077,63.360000,2,false,false,-0.247313604,-0.117611028,-0.150965452,-0.036996815,-0.932193339,0.248423070,0.260639250
3078,63.380000,2,false,false,-0.252832294,-0.113834880,-0.152015984,-0.038589194,-0.930746436,0.247952804,0.265972555
3079,63.400000,2,false,false,-0.259448528,-0.111274168,-0.151329041,-0.040929981,-0.929093480,0.248377904,0.270958543
3080,63.420000,2,false,false,-0.266493559,-0.111872599,-0.142730236,-0.042730413,-0.927613437,0.248424351,0.275668055
3081,63.440000,2,false,false,-0.274122894,-0.108662322,-0.141958833,-0.044526551,-0.925808668,0.249344468,0.280576408
3082,63.460000,2,false,false,-0.282903135,-0.104820654,-0.140219331,-0.046934549,-0.924423456,0.249198675,0.284848303
3083,63.480000,2,false,false,-0.291255802,-0.102510601,-0.132703751,-0.049121339,-0.923434794,0.247537687,0.289102912
3084,63.500000,2,false,false,-0.301088095,-0.098493718,-0.131403953,-0.051303703,-0.922299743,0.246726677,0.293013990
3085,63.520000,2,false,false,-0.309497654,-0.095876694,-0.129248977,-0.053501252,-0.920742631,0.246114910,0.297989964
3086,63.540000,2,false,false,-0.318107963,-0.091456175,-0.130501956,-0.056136262,-0.918762863,0.246990293,0.302852035
3087,63.560000,2,false,false,-0.326284528,-0.087697491,-0.130119652,-0.058466390,-0.916961789,0.247336477,0.307550877
3088,63.580000,2,false,false,-0.337355196,-0.085071325,-0.121684581,-0.061157819,-0.915886343,0.246833608,0.310620636
3089,63.600000,2,false,true,-0.331082433,-0.085347869,-0.126749754,-0.062172793,-0.913926601,0.246360779,0.316510975
3090,63.620000,2,false,false,-0.339284182,-0.082940064,-0.124031186,-0.062433500,-0.912887096,0.245786533,0.319887906
3091,63.640000,2,false,false,-0.348398864,-0.080436438,-0.121269852,-0.062832639,-0.911770821,0.245799303,0.322968632
3092,63.660000,2,false,false,-0.355865389,-0.079576477,-0.116967708,-0.063514672,-0.910376906,0.246017769,0.326580793
3093,63.680000,2,false,false,-0.364240706,-0.078387678,-0.114282370,-0.063714750,-0.909079671,0.246408120,0.329844952
3094,63.700000,2,false,false,-0.373712957,-0.076192632,-0.111736536,-0.064104825,-0.907535851,0.247658610,0.333068281
3095,63.720000,2,false,false,-0.382757008,-0.073997602,-0.109300703,-0.065369599,-0.906063259,0.248829514,0.335946590
3096,63.740000,2,false,false,-0.390503377,-0.072210602,-0.106270909,-0.065833472,-0.904723585,0.249281809,0.339116126
3097,63.760000,2,false,false,-0.399010360,-0.070412293,-0.102458894,-0.067147732,-0.903249204,0.248974547,0.342992336
3098,63.780000,2,false,false,-0.407524675,-0.068065085,-0.098776996,-0.067518473,-0.901779056,0.248339266,0.347222477
3099,63.800000,2,false,false,-0.415230811,-0.066549264,-0.094189823,-0.068026878,-0.900587618,0.247306705,0.350932688
3100,63.820000,2,false,false,-0.423900694,-0.064306140,-0.090586185,-0.068576127,-0.899297357,0.246798873,0.354474127
3101,63.840000,2,false,false,-0.431759477,-0.061450794,-0.084812462,-0.069633231,-0.897794843,0.246308222,0.358396351
3102,63.860000,2,false,false,-0.439625174,-0.059687659,-0.080197453,-0.070192792,-0.895796955,0.245832399,0.363575637
3103,63.880000,2,false,false,-0.447690606,-0.056894079,-0.077411711,-0.071182713,-0.893418550,0.245751262,0.369246095
3104,63.900000,2,false,false,-0.456201375,-0.051539227,-0.071974993,-0.072445914,-0.891083956,0.245610446,0.374695331
3105,63.920000,2,false,false,-0.462436318,-0.048831291,-0.066591918,-0.073817603,-0.888763666,0.245808274,0.379774183
3106,63.940000,2,false,false,-0.469972908,-0.045681976,-0.062599123,-0.074687593,-0.886528730,0.245972902,0.384689391
3107,63.960000,2,false,false,-0.475872993,-0.042364843,-0.056625724,-0.075805448,-0.884119928,0.245774597,0.390102983
3108,63.980000,2,false,false,-0.478191137,-0.039930217,-0.050484717,-0.076419137,-0.881321013,0.245331734,0.396542430
3109,64.000000,2,false,false,-0.485036641,-0.036752164,-0.044198394,-0.076778017,-0.879066110,0.244053215,0.402226418
3110,64.020000,2,false,false,-0.490841001,-0.033375464,-0.036497712,-0.077656381,-0.876643062,0.242071286,0.408494800
3111,64.040000,2,false,false,-0.495933086,-0.029723480,-0.033438027,-0.079400785,-0.873620749,0.240262643,0.415639549
3112,64.060000,2,false,false,-0.493768007,-0.029901184,-0.030086517,-0.080848530,-0.870299518,0.238391325,0.423334301
3113,64.080000,2,false,false,-0.496949703,-0.025716983,-0.023466587,-0.083675168,-0.866787374,0.237308219,0.430537969
3114,64.100000,2,false,false,-0.498598039,-0.021208048,-0.017728984,-0.088035941,-0.862601340,0.237183303,0.438078374
3115,64.120000,2,false,false,-0.501078188,-0.016850099,-0.011127949,-0.092501201,-0.858299434,0.236017749,0.446162760
3116,64.140000,2,false,false,-0.498950183,-0.015942767,-0.003723383,-0.096774802,-0.853623390,0.233842030,0.455279768
3117,64.160000,2,false,false,-0.504218102,-0.008247621,-0.001310706,-0.098929897,-0.849082887,0.231997684,0.464164108
3118,64.180000,2,false,false,-0.515367627,-0.001922794,0.012733102,-0.102029435,-0.845309019,0.228986531,0.471813500
3119,64.200000,2,false,false,-0.514232039,0.000891440,0.018122971,-0.104972340,-0.840410113,0.227295011,0.480654508
3120,64.220000,2,false,false,-0.518244267,0.006016195,0.027266979,-0.108489700,-0.835854530,0.226172194,0.488286167
3121,64.240000,2,false,false,-0.518571615,0.011940569,0.033584058,-0.111932255,-0.830830514,0.225514099,0.496321738
3122,64.260000,2,false,false,-0.517706037,0.018341392,0.041895747,-0.114753827,-0.826487660,0.224573955,0.503305316
3123,64.280000,2,false,false,-0.515769303,0.021156706,0.045321107,-0.116495401,-0.821854532,0.222112581,0.511517406
3124,64.300000,2,false,false,-0.514662623,0.028010130,0.054283977,-0.118599184,-0.817000806,0.219998658,0.519658029
3125,64.320000,2,false,false,-0.514084101,0.030708529,0.063111842,-0.122035913,-0.812268555,0.217907473,0.527108550
3126,64.340000,2,false,false,-0.515200019,0.038510136,0.067383647,-0.124614812,-0.807529747,0.215570539,0.534692645
3127,64.360000,2,false,false,-0.510843277,0.044276565,0.073491037,-0.127975881,-0.802653015,0.212822825,0.542288423
3128,64.380000,2,false,false,-0.509263158,0.045213789,0.084441364,-0.131404862,-0.798406482,0.209157050,0.549120426
3129,64.400000,2,false,false,-0.508643627,0.050134957,0.086343646,-0.134686366,-0.793111801,0.205854908,0.557186663
3130,64.420000,2,false,false,-0.500020146,0.061400056,0.098376751,-0.136600539,-0.787957132,0.203371286,0.564893007
3131,64.440000,2,false,false,-0.498039186,0.066574514,0.104393661,-0.140510440,-0.782291114,0.202054590,0.572233737
3132,64.460000,2,false,false,-0.495577365,0.070167467,0.109167874,-0.143914074,-0.776989937,0.200125039,0.579245567
3133,64.480000,2,false,false,-0.492592722,0.072718471,0.114047348,-0.146690339,-0.771817982,0.197978944,0.586159885
3134,64.500000,2,false,false,-0.490334302,0.075920060,0.118370056,-0.148787066,-0.766433239,0.195401311,0.593515754
3135,64.520000,2,false,false,-0.486578852,0.079973988,0.124535024,-0.150936335,-0.760977924,0.193175390,0.600678146
3136,64.540000,2,false,true,-0.467072248,0.079204738,0.111473620,-0.154398397,-0.753918469,0.191225797,0.609262586
3137,64.560000,2,false,false,-0.460176766,0.082390137,0.111810863,-0.156321838,-0.747992098,0.189363420,0.616614103
3138,64.580000,2,false,false,-0.459451735,0.086704127,0.118420720,-0.159058720,-0.742263854,0.187516049,0.623363853
3139,64.600000,2,false,false,-0.455508173,0.090619974,0.121743143,-0.161317006,-0.735553861,0.186330736,0.631045341
3140,64.620000,2,false,false,-0.451995492,0.090431698,0.124795437,-0.162922293,-0.727928042,0.185966879,0.639526010
3141,64.640000,2,false,false,-0.446377099,0.093363315,0.122592866,-0.162889764,-0.720843554,0.185963660,0.647509992
3142,64.660000,2,false,false,-0.443581074,0.096630141,0.123244226,-0.164562002,-0.713679671,0.185467869,0.655120134
3143,64.680000,2,false,false,-0.436537474,0.089896180,0.123432666,-0.166964248,-0.706595063,0.183059782,0.662823915
3144,64.700000,2,false,false,-0.433460325,0.097734854,0.124436140,-0.169412374,-0.701202273,0.181886241,0.668230772
3145,64.720000,2,false,false,-0.428875148,0.095190823,0.124204844,-0.173658863,-0.695387006,0.179642871,0.673801243
3146,64.740000,2,false,true,-0.424052775,0.087576188,0.127161145,-0.177250519,-0.688828826,0.176147699,0.680491865
3147,64.760000,2,false,false,-0.419923961,0.088485122,0.126094520,-0.179469168,-0.682549596,0.173384413,0.686916828
3148,64.780000,2,false,false,-0.415245175,0.089832783,0.127266526,-0.182133973,-0.677419245,0.170282394,0.692050815
3149,64.800000,2,false,false,-0.409816593,0.090507008,0.127108514,-0.183488041,-0.671957612,0.167177320,0.697751343
3150,64.820000,2,false,false,-0.404890239,0.091927096,0.127162278,-0.184606388,-0.666135550,0.164002344,0.703766465
3151,64.840000,2,false,false,-0.398836911,0.091175012,0.125279456,-0.186239809,-0.660772145,0.160787091,0.709113836
3152,64.860000,2,false,false,-0.392733991,0.093178310,0.123666406,-0.187513068,-0.655709445,0.158138037,0.714056373
3153,64.880000,2,false,false,-0.386241138,0.090064667,0.122952342,-0.189042106,-0.650475442,0.154931352,0.719125211
3154,64.900000,2,false,false,-0.380074441,0.089420646,0.119394094,-0.189246386,-0.644598246,0.152303383,0.724901855
3155,64.920000,2,false,false,-0.370356351,0.085258618,0.115841150,-0.190296248,-0.637797594,0.149147019,0.731270730
3156,64.940000,2,false,false,-0.368971884,0.090834215,0.120747626,-0.190558583,-0.632931352,0.146629035,0.735924780
3157,64.960000,2,false,false,-0.363012761,0.090074837,0.123702019,-0.192631781,-0.627979636,0.144393399,0.740057588
3158,64.980000,2,false,false,-0.358042896,0.094961837,0.124184877,-0.193256959,-0.623916447,0.141948611,0.743794799
3159,65.000000,2,false,false,-0.347017884,0.083409026,0.122614443,-0.195985675,-0.618357778,0.138094455,0.748433888
3160,65.020000,2,false,false,-0.342974693,0.090238541,0.121605217,-0.196130738,-0.612841368,0.135531247,0.753385365
3161,65.040000,2,false,false,-0.334121495,0.087955892,0.117254227,-0.196429566,-0.606981337,0.132090062,0.758644462
3162,65.060000,2,false,false,-0.325612485,0.079063311,0.117340565,-0.198875785,-0.601188898,0.128922880,0.763150930
3163,65.080000,2,false,false,-0.319884360,0.086286575,0.119114101,-0.199330002,-0.595916212,0.127573594,0.767382920
3164,65.100000,2,false,false,-0.313729227,0.080802925,0.118868202,-0.201315105,-0.590290725,0.124885686,0.771642864
3165,65.120000,2,false,false,-0.303770244,0.080086485,0.115455776,-0.201417655,-0.584844589,0.122622386,0.776113153
3166,65.140000,2,false,false,-0.299293846,0.084268317,0.116136998,-0.203390047,-0.579122722,0.121524364,0.780052066
3167,65.160000,2,false,true,-0.291784585,0.073360376,0.119535118,-0.207414433,-0.573002100,0.119261444,0.783852458
3168,65.180000,2,false,false,-0.286147267,0.073962644,0.119812459,-0.209214568,-0.567761481,0.117948227,0.787378252
3169,65.200000,2,false,false,-0.280898750,0.076396182,0.122170106,-0.211132497,-0.562559009,0.117194109,0.790705979
3170,65.220000,2,false,false,-0.273565382,0.074852765,0.121803731,-0.213620737,-0.557032764,0.117188796,0.793944240
3171,65.240000,2,false,false,-0.267926872,0.075046420,0.123891011,-0.216443732,-0.552091479,0.117270403,0.796614647
3172,65.260000,2,false,false,-0.261347204,0.075819679,0.124575615,-0.218565270,-0.547324598,0.117803410,0.799241841
3173,65.280000,2,false,false,-0.255842537,0.077708162,0.124869138,-0.219768792,-0.543134272,0.117146499,0.801862597
3174,65.300000,2,false,false,-0.250866085,0.079028010,0.126592040,-0.220765173,-0.538613081,0.115741044,0.804836988
3175,65.320000,2,false,false,-0.246683776,0.079849370,0.125043243,-0.221909091,-0.532942414,0.114833944,0.808419347
3176,65.340000,2,false,false,-0.239205420,0.079592243,0.127001956,-0.224279508,-0.526694000,0.114671230,0.811876059
3177,65.360000,2,false,false,-0.234719872,0.080977090,0.126730278,-0.226149917,-0.519720078,0.115743771,0.815690339
3178,65.380000,2,false,false,-0.226433814,0.081728473,0.128713384,-0.227923781,-0.514091849,0.116705053,0.818620980
3179,65.400000,2,false,false,-0.220683619,0.082657427,0.129102990,-0.228986040,-0.509420633,0.117483787,0.821129501
3180,65.420000,2,false,false,-0.214800090,0.083613433,0.130645797,-0.229379371,-0.504549801,0.117034748,0.824085891
3181,65.440000,2,false,false,-0.209406257,0.089852661,0.129465312,-0.228403211,-0.498878926,0.116511613,0.827874899
3182,65.460000,2,false,false,-0.206000581,0.086790055,0.131441772,-0.228657186,-0.493940085,0.114673197,0.831017017
3183,65.480000,2,false,false,-0.200077444,0.088691026,0.132062882,-0.229079574,-0.489099145,0.113584429,0.833908379
3184,65.500000,2,false,false,-0.198090643,0.090004474,0.132147849,-0.230231464,-0.483653337,0.112232581,0.836944938
3185,65.520000,2,false,false,-0.189092025,0.088293947,0.133687019,-0.231033951,-0.478766024,0.109716065,0.839862406
3186,65.540000,2,false,false,-0.187435105,0.088569731,0.131337389,-0.231464058,-0.474163055,0.107776627,0.842601955
3187,65.560000,2,false,false,-0.182766452,0.096136414,0.134926170,-0.231203943,-0.471082836,0.106577352,0.844551325
3188,65.580000,2,false,false,-0.179410324,0.097286344,0.135217920,-0.232226938,-0.467474878,0.104467161,0.846536756
3189,65.600000,2,false,false,-0.177537665,0.097815737,0.135240570,-0.234460443,-0.463075817,0.101402909,0.848708749
3190,65.620000,2,false,false,-0.173654914,0.100322291,0.138697624,-0.236205012,-0.458049864,0.097744897,0.851377428
3191,65.640000,2,false,false,-0.169526026,0.109792240,0.139858633,-0.235541031,-0.452104002,0.093834750,0.855170965
3192,65.660000,2,false,true,-0.169242442,0.097835310,0.140048370,-0.238513052,-0.444990635,0.089011893,0.858587146
3193,65.680000,2,false,false,-0.164676189,0.099938728,0.141780406,-0.239732578,-0.439675778,0.084400721,0.861446440
3194,65.700000,2,false,false,-0.162426069,0.100680210,0.142693788,-0.241505936,-0.435411632,0.081123836,0.863429546
3195,65.720000,2,false,false,-0.158839673,0.103527255,0.143389210,-0.241798580,-0.433208168,0.080768004,0.864488721
3196,65.740000,2,false,false,-0.156801760,0.105752975,0.145509198,-0.241210982,-0.433021456,0.080562904,0.864765525
3197,65.760000,2,false,false,-0.155361906,0.108483620,0.145503730,-0.239628613,-0.432022959,0.080045804,0.865752280
3198,65.780000,2,false,false,-0.152421713,0.109312609,0.148051500,-0.239138395,-0.432303101,0.080664881,0.865690529
3199,65.800000,2,false,false,-0.149186298,0.111248374,0.148798123,-0.238777861,-0.431649268,0.080635101,0.866119027
3200,65.820000,2,false,false,-0.151859537,0.116288163,0.149159089,-0.238280579,-0.430736303,0.080709092,0.866703391
3201,65.840000,2,false,false,-0.148542002,0.115948871,0.152132705,-0.239286721,-0.430455267,0.082338020,0.866412580
3202,65.860000,2,false,false,-0.150073767,0.121284366,0.151888296,-0.240834311,-0.428726286,0.083743416,0.866706192
3203,65.880000,2,false,false,-0.151932299,0.126155093,0.153517753,-0.242821470,-0.426744103,0.083806902,0.867123783
3204,65.900000,2,false,false,-0.150903568,0.126814485,0.154218972,-0.244446754,-0.426175624,0.081311859,0.867184281
3205,65.920000,2,false,false,-0.149397969,0.124099977,0.157021657,-0.247369081,-0.426207066,0.076533712,0.866774917
3206,65.940000,2,false,false,-0.152986795,0.129304036,0.155860126,-0.248899117,-0.424589276,0.072649397,0.867464840
3207,65.960000,2,false,false,-0.151225924,0.130247891,0.157284155,-0.250758380,-0.421819955,0.070060410,0.868492782
3208,65.980000,2,false,false,-0.152449429,0.132601172,0.157823980,-0.251350492,-0.418277532,0.067814529,0.870211542
3209,66.000000,2,false,false,-0.151058435,0.134546578,0.157809928,-0.251908064,-0.415499121,0.066431515,0.871487081
3210,66.020000,2,false,false,-0.150476187,0.135327265,0.159220979,-0.254278898,-0.414137989,0.066665389,0.871428609
3211,66.040000,2,false,false,-0.148664623,0.137156188,0.158708185,-0.255758107,-0.413258493,0.065924399,0.871469557
3212,66.060000,2,false,false,-0.149266750,0.142010689,0.157311514,-0.257810175,-0.411337256,0.065998092,0.871768236
3213,66.080000,2,false,false,-0.145095348,0.142550290,0.155736282,-0.260200530,-0.409350336,0.065148242,0.872057199
3214,66.100000,2,false,false,-0.140534759,0.138625786,0.154962897,-0.262729347,-0.407994211,0.063372679,0.872065365
3215,66.120000,2,false,false,-0.141035989,0.143643633,0.152808279,-0.265708745,-0.405341446,0.063557930,0.872386158
3216,66.140000,2,false,false,-0.137966931,0.143974394,0.153026074,-0.269356281,-0.401604354,0.062663302,0.873060465
3217,66.160000,2,false,true,-0.136765882,0.143415153,0.149645433,-0.271936744,-0.396726280,0.060585741,0.874635994
3218,66.180000,2,false,false,-0.132846370,0.144192785,0.148761421,-0.274558514,-0.391534150,0.058113039,0.876322746
3219,66.200000,2,false,false,-0.126883984,0.142751917,0.148745805,-0.277259827,-0.385994405,0.054956172,0.878131688
3220,66.220000,2,false,false,-0.124149680,0.143464372,0.147283867,-0.280090660,-0.380179971,0.052857753,0.879896939
3221,66.240000,2,false,false,-0.121685982,0.145420149,0.146057278,-0.282242656,-0.374504805,0.050387889,0.881785870
3222,66.260000,2,false,false,-0.114853613,0.144791365,0.147519290,-0.283944398,-0.367691785,0.048333835,0.884218454
3223,66.280000,2,false,false,-0.113084853,0.147608444,0.145455822,-0.284570336,-0.360407025,0.045521438,0.887160838
3224,66.300000,2,false,false,-0.104609370,0.144867018,0.145723552,-0.285765141,-0.354516447,0.042732980,0.889286399
3225,66.320000,2,false,false,-0.100042962,0.145408124,0.145883247,-0.286145687,-0.347181857,0.040308967,0.892166317
3226,66.340000,2,false,false,-0.091992483,0.141352743,0.147072613,-0.286226243,-0.339750201,0.037524611,0.895118058
3227,66.360000,2,false,false,-0.086154729,0.139654472,0.146557063,-0.285213560,-0.331890255,0.035632268,0.898461103
3228,66.380000,2,false,false,-0.080653518,0.136494830,0.146462709,-0.282615066,-0.324606180,0.033892546,0.902003825
3229,66.400000,2,false,false,-0.076342896,0.135426030,0.144386187,-0.277923256,-0.317592889,0.031914011,0.906021476
3230,66.420000,2,false,false,-0.070377178,0.132828295,0.142893404,-0.273562491,-0.309664220,0.030343719,0.910137832
3231,66.440000,2,false,false,-0.066023998,0.129679069,0.140975669,-0.270427525,-0.301542133,0.027956622,0.913870752
3232,66.460000,2,false,false,-0.050871193,0.116366066,0.142001599,-0.269515514,-0.294069409,0.024539787,0.916669250
3233,66.480000,2,false,false,-0.045343287,0.112700529,0.140474916,-0.267915308,-0.285361707,0.021923414,0.919950843
3234,66.500000,2,false,false,-0.037570402,0.105304383,0.137083694,-0.265884191,-0.276809394,0.018888472,0.923214734
3235,66.520000,2,false,false,-0.029789096,0.098827377,0.133081704,-0.264082402,-0.267825782,0.016428446,0.926423252
3236,66.540000,2,false,false,-0.026504837,0.094743595,0.128985733,-0.262321860,-0.258243531,0.013702376,0.929682612
3237,66.560000,2,false,false,-0.017245326,0.086512811,0.124449626,-0.260450691,-0.249251842,0.010534753,0.932699382
3238,66.580000,2,false,false,-0.008281440,0.082469001,0.121223539,-0.258653909,-0.239934906,0.007889621,0.935664058
3239,66.600000,2,false,false,-0.002778115,0.074252546,0.114061534,-0.256720603,-0.229440048,0.004352255,0.938846588
3240,66.620000,2,false,false,0.004624448,0.067038663,0.107831150,-0.254802287,-0.219105139,0.001834850,0.941841483
3241,66.640000,2,false,false,0.010956978,0.059446365,0.100856140,-0.252960742,-0.208825767,-0.001087535,0.944670081
3242,66.660000,2,false,false,0.017985562,0.051255524,0.093064487,-0.250891566,-0.198090822,-0.005062992,0.947516680
3243,66.680000,2,false,false,0.025405202,0.044271141,0.085009411,-0.249045998,-0.187392101,-0.008304361,0.950153351
3244,66.700000,2,false,false,0.031978313,0.037252624,0.075838804,-0.247005671,-0.176494002,-0.012230861,0.952726841
3245,66.720000,2,false,false,0.039150655,0.029040689,0.066665113,-0.245904177,-0.166823983,-0.015256060,0.954708397
3246,66.740000,2,false,false,0.043636661,0.021565506,0.056328177,-0.244985327,-0.157303885,-0.018459143,0.956502497
3247,66.760000,2,false,false,0.049649063,0.014389594,0.046905879,-0.244132265,-0.147584990,-0.022480104,0.958182096
3248,66.780000,2,false,false,0.054410733,0.009987883,0.034170814,-0.242639557,-0.136918649,-0.026305772,0.960045516
3249,66.800000,2,false,false,0.059399024,0.002114835,0.022452805,-0.241753742,-0.126970351,-0.030312851,0.961516976
3250,66.820000,2,false,false,0.066234306,-0.006028407,0.012785144,-0.241195321,-0.116611950,-0.033609089,0.962858796
3251,66.840000,2,false,false,0.073356219,-0.015556723,0.001640892,-0.240637854,-0.106238179,-0.036651909,0.964086890
3252,66.860000,2,false,false,0.078794949,-0.023628827,-0.009621397,-0.240131170,-0.095129281,-0.039833732,0.965246439
3253,66.880000,2,false,false,0.087128520,-0.031067478,-0.019052481,-0.240433007,-0.085296132,-0.043944925,0.965911746
3254,66.900000,2,false,false,0.089688919,-0.036691129,-0.032228183,-0.240656555,-0.074523263,-0.048947901,0.966506481
3255,66.920000,2,false,false,0.096807003,-0.045335557,-0.043343432,-0.242440358,-0.063961662,-0.053154264,0.966595173
3256,66.940000,2,false,false,0.104100719,-0.053955164,-0.052862905,-0.243797272,-0.053946838,-0.056911867,0.966650784
3257,66.960000,2,false,false,0.111833237,-0.062447637,-0.065266073,-0.244549438,-0.044732299,-0.060855579,0.966690898
3258,66.980000,2,false,false,0.118910864,-0.071144782,-0.074928112,-0.245223522,-0.035525724,-0.064396396,0.966672957
3259,67.000000,2,false,false,0.127660826,-0.081979230,-0.083445810,-0.246359348,-0.026178207,-0.068106048,0.966428161
3260,67.020000,2,false,false,0.136094436,-0.089859053,-0.092976570,-0.246407539,-0.016794484,-0.072263226,0.966322660
3261,67.040000,2,false,false,0.140144020,-0.096755311,-0.102017678,-0.245954141,-0.007202624,-0.076135315,0.966259897
3262,67.060000,2,false,false,0.148267433,-0.105760455,-0.111204550,-0.245106459,0.001737978,-0.079978690,0.966190100
3263,67.080000,2,false,false,0.155567318,-0.114514120,-0.117430493,-0.244268700,0.011218550,-0.082920030,0.966090679
3264,67.100000,2,false,false,0.162185401,-0.123867750,-0.126732007,-0.242086947,0.020232426,-0.086858802,0.966147065
3265,67.120000,2,false,false,0.166695639,-0.133421466,-0.133965254,-0.240301996,0.028765054,-0.091229811,0.965973437
3266,67.140000,2,false,false,0.175354734,-0.143159568,-0.138487697,-0.238778174,0.035367608,-0.095615156,0.965707958
3267,67.160000,2,false,false,0.180719882,-0.152189776,-0.146195278,-0.237485662,0.042238064,-0.100823253,0.965220869
3268,67.180000,2,false,false,0.184194222,-0.161488414,-0.154996678,-0.235389918,0.048706613,-0.106029570,0.964871585
3269,67.200000,2,false,false,0.189415962,-0.170783222,-0.160938427,-0.233860940,0.054692879,-0.109199271,0.964569032
3270,67.220000,2,false,false,0.192481861,-0.179768786,-0.166086167,-0.233331084,0.060078874,-0.111038253,0.964166820
3271,67.240000,2,false,false,0.197968498,-0.187453195,-0.174441069,-0.233253732,0.064989060,-0.113442257,0.963587046
3272,67.260000,2,false,false,0.198752046,-0.195439786,-0.181994274,-0.232820675,0.069874980,-0.116369702,0.963000655
3273,67.280000,2,false,false,0.192029878,-0.202740073,-0.193870276,-0.232978895,0.075112589,-0.118351400,0.962326348
3274,67.300000,2,false,false,0.194223985,-0.209526360,-0.200816512,-0.233931109,0.078993142,-0.119548507,0.961636364
3275,67.320000,2,false,false,0.197983742,-0.218322515,-0.207554251,-0.235266298,0.082724862,-0.121122643,0.960799575
3276,67.340000,2,false,false,0.196717411,-0.225354746,-0.215295404,-0.235113576,0.086136214,-0.121872075,0.960442305
3277,67.360000,2,false,false,0.195749253,-0.233899072,-0.220417202,-0.236510783,0.087560691,-0.119187303,0.960307360
3278,67.380000,2,false,false,0.199407205,-0.242703423,-0.228845224,-0.237097412,0.088956676,-0.115341783,0.960503995
3279,67.400000,2,false,false,0.201218486,-0.253776371,-0.233666286,-0.238920495,0.092238538,-0.113619611,0.959947705
3280,67.420000,2,false,false,0.207987458,-0.256324887,-0.234039813,-0.239423245,0.095288970,-0.114650212,0.959401846
3281,67.440000,2,false,false,0.205375493,-0.264648199,-0.240905881,-0.239531770,0.097908758,-0.116575889,0.958878756
3282,67.460000,2,false,false,0.206353530,-0.268672705,-0.247277841,-0.237574160,0.098160610,-0.118949987,0.959048450
3283,67.480000,2,false,false,0.206791714,-0.277000517,-0.252634943,-0.234070003,0.099972382,-0.120297797,0.959554732
3284,67.500000,2,false,false,0.207453966,-0.283039391,-0.258127242,-0.228937954,0.103739120,-0.121506274,0.960240543
3285,67.520000,2,false,false,0.206873506,-0.292268038,-0.261939913,-0.226024240,0.108812593,-0.123953581,0.960056484
3286,67.540000,2,false,false,0.219703242,-0.300340444,-0.266223401,-0.225180045,0.117190756,-0.126074716,0.958991885
3287,67.560000,2,false,false,0.221955314,-0.307240278,-0.268636197,-0.226483092,0.132096589,-0.129398808,0.956301153
3288,67.580000,2,false,false,0.218478158,-0.314316660,-0.271988600,-0.227852821,0.143619522,-0.129005849,0.954365849
3289,67.600000,2,false,false,0.216711372,-0.322352529,-0.274613738,-0.227610856,0.148993403,-0.125901192,0.954014242
3290,67.620000,2,false,false,0.218325272,-0.328662992,-0.280192077,-0.226409927,0.153788477,-0.123111695,0.953903198
3291,67.640000,2,false,false,0.212678343,-0.328095675,-0.287459433,-0.224121273,0.161901861,-0.122912161,0.953126490
3292,67.660000,2,false,false,0.211775839,-0.337691277,-0.291315556,-0.225263253,0.167019919,-0.120752037,0.952249885
3293,67.680000,2,false,false,0.207812995,-0.335195512,-0.300894499,-0.225289226,0.171057358,-0.121000752,0.951495111
3294,67.700000,2,false,false,0.206534669,-0.339982718,-0.307913452,-0.227090895,0.174905300,-0.120459549,0.950435340
3295,67.720000,2,false,false,0.209043622,-0.344929516,-0.309786052,-0.230244011,0.179798380,-0.119387738,0.948897719
3296,67.740000,2,false,false,0.207912058,-0.348769933,-0.314766049,-0.232535079,0.185213596,-0.119046457,0.947339058
3297,67.760000,2,false,false,0.207626507,-0.351285547,-0.319115341,-0.232804015,0.191784203,-0.121564992,0.945644319
3298,67.780000,2,false,false,0.205435559,-0.355165780,-0.320212513,-0.233985111,0.198520780,-0.123002268,0.943774819
3299,67.800000,2,false,false,0.201278359,-0.358854413,-0.321905196,-0.234504089,0.203470498,-0.122006148,0.942720592
3300,67.820000,2,false,false,0.200578883,-0.359833002,-0.326411933,-0.235535040,0.208088890,-0.115477614,0.942277730
3301,67.840000,2,false,false,0.201300994,-0.362691104,-0.331860721,-0.234843999,0.210926309,-0.112161823,0.942219794
3302,67.860000,2,false,false,0.197765976,-0.368863076,-0.332804620,-0.233245686,0.215319499,-0.110625990,0.941804647
3303,67.880000,2,false,false,0.198267579,-0.374588400,-0.334495842,-0.231734157,0.218200997,-0.109765381,0.941615224
3304,67.900000,2,false,false,0.197042659,-0.386219084,-0.332184017,-0.231433287,0.220200345,-0.106956840,0.941546977
3305,67.920000,2,false,false,0.196445748,-0.390605062,-0.330108613,-0.231237546,0.223122925,-0.104813777,0.941147983
3306,67.940000,2,false,false,0.198061794,-0.394779980,-0.332022458,-0.231639296,0.225274086,-0.106317453,0.940367758
3307,67.960000,2,false,false,0.198130608,-0.397445410,-0.331513882,-0.234950438,0.228560761,-0.107905693,0.938570559
3308,67.980000,2,false,false,0.198066413,-0.399567544,-0.333787322,-0.238330930,0.230603352,-0.108685844,0.937127471
3309,68.000000,2,false,false,0.199776411,-0.406900346,-0.332569242,-0.245387554,0.236087754,-0.110373698,0.933737218
3310,68.020000,2,false,false,0.197747558,-0.408405662,-0.335600495,-0.250232518,0.245186001,-0.117960840,0.929167807
3311,68.040000,2,false,false,0.196835518,-0.407932132,-0.336808324,-0.254799813,0.255594999,-0.125463352,0.924125135
3312,68.060000,2,false,false,0.214610770,-0.411290526,-0.339010358,-0.258201212,0.259841174,-0.125214249,0.922028303
3313,68.080000,2,false,false,0.214249879,-0.415445685,-0.339116812,-0.261358500,0.263478279,-0.126438901,0.919937015
3314,68.100000,2,false,false,0.216050744,-0.419059336,-0.338001132,-0.263536513,0.264889270,-0.126355156,0.918921471
3315,68.120000,2,false,false,0.214915425,-0.424292535,-0.341213405,-0.260995656,0.265581876,-0.126307607,0.919453084
3316,68.140000,2,false,false,0.215740249,-0.428503096,-0.338670701,-0.257545948,0.266331881,-0.125889853,0.920265794
3317,68.160000,2,false,false,0.208390459,-0.432956576,-0.341123730,-0.255667776,0.269284964,-0.126858428,0.919797003
3318,68.180000,2,false,false,0.207776278,-0.440442204,-0.336018384,-0.254323334,0.270343542,-0.125609666,0.920030653
3319,68.200000,2,false,false,0.205546439,-0.447267294,-0.334099144,-0.254173726,0.272599488,-0.126929477,0.919224799
3320,68.220000,2,false,false,0.205259427,-0.451752335,-0.333405674,-0.252901524,0.275102288,-0.127769366,0.918713570
3321,68.240000,2,false,false,0.206578106,-0.457781523,-0.333063781,-0.253683090,0.276310742,-0.127639443,0.918153346
3322,68.260000,2,false,false,0.206848949,-0.460085541,-0.334717751,-0.254287630,0.277485311,-0.126991376,0.917721570
3323,68.280000,2,false,false,0.206181645,-0.460955918,-0.338285804,-0.253498912,0.280397981,-0.126494691,0.917122900
3324,68.300000,2,false,false,0.210653529,-0.465295583,-0.340084404,-0.253625602,0.283000201,-0.125381514,0.916441262
3325,68.320000,2,false,false,0.212067872,-0.460930586,-0.344668627,-0.254774064,0.284425318,-0.125517711,0.915662467
3326,68.340000,2,false,false,0.211474746,-0.461645603,-0.345309496,-0.259098291,0.284874499,-0.121503174,0.914850593
3327,68.360000,2,false,false,0.209878415,-0.464463711,-0.347016782,-0.264793277,0.286067516,-0.118047453,0.913298845
3328,68.380000,2,false,false,0.214303702,-0.466853738,-0.348597765,-0.268508196,0.289321363,-0.119514823,0.910995483
3329,68.400000,2,false,false,0.214121729,-0.467103213,-0.349973440,-0.270487040,0.294240773,-0.122296244,0.908461750
3330,68.420000,2,false,false,0.213194042,-0.467843384,-0.352591246,-0.273066580,0.297389716,-0.122787461,0.906596541
3331,68.440000,2,false,false,0.223733768,-0.460845709,-0.354933113,-0.276028633,0.298818409,-0.121962734,0.905340195
3332,68.460000,2,false,false,0.226403624,-0.461574346,-0.357406050,-0.279102594,0.302237302,-0.120615289,0.903441429
3333,68.480000,2,false,false,0.229777157,-0.462189227,-0.356817782,-0.281163067,0.306183338,-0.120151974,0.901533484
3334,68.500000,2,false,false,0.229869843,-0.462261975,-0.357457966,-0.280128300,0.309703857,-0.120923907,0.900549352
3335,68.520000,2,false,false,0.230962500,-0.460758269,-0.357304424,-0.278158933,0.312262833,-0.121594481,0.900185704
3336,68.540000,2,false,false,0.230325282,-0.462754786,-0.357062399,-0.278198361,0.315145314,-0.120457560,0.899321496
3337,68.560000,2,false,false,0.230475128,-0.462674081,-0.356771797,-0.279401958,0.317708731,-0.119738601,0.898141682
3338,68.580000,2,false,false,0.232863054,-0.459463805,-0.354497403,-0.280960530,0.319341928,-0.119976826,0.897043765
3339,68.600000,2,false,false,0.233648598,-0.458705485,-0.353228748,-0.283385783,0.320444167,-0.118994549,0.896018088
3340,68.620000,2,false,false,0.232413158,-0.453960478,-0.353866071,-0.285340130,0.320196629,-0.118772708,0.895515561
3341,68.640000,2,false,false,0.234923199,-0.449104279,-0.355187178,-0.286935270,0.320181012,-0.119608775,0.894900024
3342,68.660000,2,false,false,0.231453389,-0.445884883,-0.353116930,-0.288824052,0.320715696,-0.120882876,0.893929243
3343,68.680000,2,false,false,0.233113989,-0.441067874,-0.353830159,-0.290970296,0.318799436,-0.120595291,0.893957496
3344,68.700000,2,false,true,0.152787492,-0.392473578,-0.342060596,-0.291704208,0.322161645,-0.121335149,0.892411590
3345,68.720000,2,false,false,0.151679814,-0.389696598,-0.341310412,-0.294024169,0.319370955,-0.122307546,0.892520607
3346,68.740000,2,false,false,0.153214514,-0.384223104,-0.339498341,-0.295432746,0.316105932,-0.122629501,0.893173277
3347,68.760000,2,false,false,0.152502120,-0.378864080,-0.337414652,-0.295755297,0.312876374,-0.122394107,0.894235432
3348,68.780000,2,false,false,0.152411371,-0.373901010,-0.336130440,-0.296176881,0.310234994,-0.121479884,0.895140290
3349,68.800000,2,false,false,0.151897281,-0.367300361,-0.336232364,-0.296565950,0.308187127,-0.121176325,0.895759821
3350,68.820000,2,false,false,0.151127681,-0.362340689,-0.332757235,-0.297411978,0.306713641,-0.120986588,0.896010697
3351,68.840000,2,false,false,0.151427329,-0.357697308,-0.330454409,-0.299212605,0.304096639,-0.119870320,0.896453142
3352,68.860000,2,false,false,0.150132820,-0.354637593,-0.328445107,-0.301576436,0.302083760,-0.118442342,0.896531403
3353,68.880000,2,false,false,0.148373991,-0.349055290,-0.324764550,-0.303519666,0.300796211,-0.117754906,0.896399081
3354,68.900000,2,false,false,0.145728156,-0.345803440,-0.322579384,-0.304819077,0.299707294,-0.118599690,0.896211505
3355,68.920000,2,false,false,0.149489924,-0.341188639,-0.316495121,-0.306199342,0.297280908,-0.118875213,0.896512568
3356,68.940000,2,false,false,0.145707518,-0.336670876,-0.315543413,-0.306912363,0.296370715,-0.118582264,0.896608889
3357,68.960000,2,false,false,0.144662231,-0.334367812,-0.307890415,-0.308242589,0.295563489,-0.117873363,0.896512568
3358,68.980000,2,false,false,0.143158942,-0.329799980,-0.304405212,-0.307828993,0.294869691,-0.118338250,0.896821797
3359,69.000000,2,false,false,0.145570889,-0.337709218,-0.292404115,-0.309735060,0.294576377,-0.117234647,0.896406710
3360,69.020000,2,false,false,0.143753678,-0.333932787,-0.286342621,-0.307846934,0.295127481,-0.118125707,0.896758854
3361,69.040000,2,false,false,0.143768296,-0.332810342,-0.279875755,-0.305872202,0.295192212,-0.120147474,0.897144616
3362,69.060000,2,false,false,0.143485337,-0.327396512,-0.274093539,-0.303192586,0.295654863,-0.123263501,0.897479057
3363,69.080000,2,false,false,0.143037811,-0.322859675,-0.266321898,-0.301978141,0.296112090,-0.126699895,0.897259176
3364,69.100000,2,false,false,0.139885813,-0.318624854,-0.260894060,-0.300869673,0.297674775,-0.132384464,0.896293223
3365,69.120000,2,false,false,0.137882978,-0.315107018,-0.254595548,-0.299462229,0.300842047,-0.140678421,0.894441783
3366,69.140000,2,false,false,0.138232112,-0.310241669,-0.246666789,-0.295525938,0.305153489,-0.149719730,0.892821312
3367,69.160000,2,false,false,0.138202742,-0.307006150,-0.239516512,-0.289026856,0.309951812,-0.160201073,0.891475797
3368,69.180000,2,false,false,0.137613297,-0.304760545,-0.231834859,-0.279028028,0.314092338,-0.170934245,0.891218781
3369,69.200000,2,false,false,0.136113018,-0.302144259,-0.220469892,-0.266827077,0.316407919,-0.180926248,0.892163157
3370,69.220000,2,false,false,0.141531587,-0.318594515,-0.193123728,-0.263355494,0.318060547,-0.182193607,0.892349124
3371,69.240000,2,false,false,0.137949318,-0.319375724,-0.181487992,-0.255972922,0.318844110,-0.185504898,0.893534660
3372,69.260000,2,false,false,0.136208057,-0.313416809,-0.174161702,-0.249324426,0.320321620,-0.189746588,0.893995285
3373,69.280000,2,false,false,0.133454546,-0.308682382,-0.164705783,-0.248001710,0.320723683,-0.193101600,0.893500566
3374,69.300000,2,false,false,0.128642887,-0.304209828,-0.156136528,-0.251825362,0.318830162,-0.194569543,0.892790020
3375,69.320000,2,false,false,0.141823500,-0.244747460,-0.125488281,-0.241613701,0.316420645,-0.199287355,0.895424664
3376,69.340000,2,false,false,0.114403069,-0.262475371,-0.166983873,-0.253099889,0.317539364,-0.200984091,0.891467690
3377,69.360000,2,false,false,0.112949833,-0.260866523,-0.158991307,-0.252933949,0.324104100,-0.205773965,0.888053000
3378,69.380000,2,false,false,0.105980329,-0.252446622,-0.150903255,-0.249941126,0.335456520,-0.211373970,0.883356988
3379,69.400000,2,false,false,0.100193679,-0.244210824,-0.144114062,-0.251064748,0.344306916,-0.210356891,0.879868925
3380,69.420000,2,false,false,0.096565634,-0.239007741,-0.137921274,-0.259327650,0.348143071,-0.206043229,0.876978815
3381,69.440000,2,false,false,0.097707495,-0.235649958,-0.121495172,-0.270184666,0.349678934,-0.201474905,0.874146879
3382,69.460000,2,false,false,0.094263934,-0.233499318,-0.113069311,-0.279711664,0.353758126,-0.194612354,0.871058404
3383,69.480000,2,false,true,0.100474007,-0.223084211,-0.145853788,-0.280505627,0.358236134,-0.193788648,0.869154513
3384,69.500000,2,false,false,0.102507934,-0.219009176,-0.137952209,-0.285505891,0.371403545,-0.191093028,0.862571299
3385,69.520000,2,false,false,0.099112451,-0.211790577,-0.130744755,-0.289541304,0.384837508,-0.189285800,0.855708361
3386,69.540000,2,false,false,0.099764608,-0.205043033,-0.123757288,-0.294707239,0.391430199,-0.187385023,0.851361752
3387,69.560000,2,false,false,0.098550633,-0.199294940,-0.116196096,-0.297243983,0.393261850,-0.185748264,0.849993408
3388,69.580000,2,false,false,0.098471239,-0.193627492,-0.109949820,-0.298826605,0.393579483,-0.183673859,0.849742174
3389,69.600000,2,false,false,0.084082134,-0.196666330,-0.082794964,-0.306155115,0.399852544,-0.178775236,0.845237494
3390,69.620000,2,false,false,0.082594045,-0.191470593,-0.076753080,-0.307060957,0.400421768,-0.178372145,0.844724417
3391,69.640000,2,false,false,0.080893345,-0.183199137,-0.071302883,-0.309052616,0.399889857,-0.177985519,0.844331622
3392,69.660000,2,false,false,0.082299687,-0.178596348,-0.063942723,-0.312092602,0.398932010,-0.177594304,0.843748629
3393,69.680000,2,false,false,0.078827992,-0.172030553,-0.058052782,-0.314978957,0.397754103,-0.177673548,0.843215346
3394,69.700000,2,false,false,0.076730520,-0.162371606,-0.054175474,-0.317354888,0.392157048,-0.178873733,0.844691038
3395,69.720000,2,false,false,0.072084948,-0.153281704,-0.048187338,-0.321590334,0.385378003,-0.177086920,0.846583605
3396,69.740000,2,false,false,0.070422344,-0.146441549,-0.043539338,-0.324715197,0.378264278,-0.174457386,0.849141240
3397,69.760000,2,false,false,0.056146026,-0.144470885,-0.023331121,-0.329383433,0.378170669,-0.171994552,0.847886443
3398,69.780000,2,false,false,0.052298415,-0.140445903,-0.013471078,-0.329954982,0.375305474,-0.172467574,0.848840654
3399,69.800000,2,false,false,0.048331589,-0.133428633,-0.005781755,-0.328824997,0.372646987,-0.173260972,0.850287616
3400,69.820000,2,false,false,0.044313997,-0.125112399,0.002421834,-0.328560293,0.369831562,-0.174199030,0.851426721
3401,69.840000,2,false,false,0.040563598,-0.116650917,0.008506145,-0.328003198,0.366027087,-0.174883544,0.853143573
3402,69.860000,2,false,false,0.039662290,-0.110900193,0.012979674,-0.328119457,0.361016423,-0.176299840,0.854940414
3403,69.880000,2,false,false,0.034595180,-0.102290697,0.020637602,-0.327758670,0.358252376,-0.177499309,0.855992734
3404,69.900000,2,false,false,0.028808979,-0.103208087,0.038263321,-0.330223113,0.357275337,-0.176035091,0.855756164
3405,69.920000,2,false,false,0.024518769,-0.095420964,0.048411153,-0.329997510,0.354638696,-0.177082539,0.856723309
3406,69.940000,2,false,false,0.020850506,-0.085880011,0.054825246,-0.330185890,0.352040768,-0.176779985,0.857784033
3407,69.960000,2,false,false,0.015711229,-0.076848924,0.062250219,-0.330019832,0.350893825,-0.177338421,0.858202517
3408,69.980000,2,false,false,0.011783253,-0.069810815,0.072234623,-0.330587953,0.349847913,-0.177948937,0.858284473
3409,70.000000,2,false,false,0.002935328,-0.056541473,0.078152031,-0.330174088,0.349165648,-0.179071203,0.858488262
3410,70.020000,2,false,false,-0.002890265,-0.048761413,0.085270062,-0.330855876,0.348681390,-0.177872255,0.858671784
3411,70.040000,2,false,false,-0.007691462,-0.042945784,0.094844595,-0.331655860,0.348220170,-0.176568076,0.858819425
3412,70.060000,2,false,false,-0.013990335,-0.035815556,0.104384728,-0.331564993,0.349352151,-0.176432073,0.858422637
3413,70.080000,2,false,false,-0.012043860,-0.032071441,0.109428711,-0.332269043,0.347335428,-0.176216200,0.859013021
3414,70.100000,2,false,false,-0.016552191,-0.026365556,0.117138237,-0.332967341,0.347858995,-0.176059514,0.858562768
3415,70.120000,2,false,false,-0.021689788,-0.019605011,0.124601498,-0.332587093,0.348978549,-0.176521897,0.858160794
3416,70.140000,2,false,false,-0.024815518,-0.015504938,0.134056509,-0.332876563,0.349764585,-0.175820500,0.857872427
3417,70.160000,2,false,false,-0.029631443,-0.008790795,0.139929384,-0.333135903,0.349537462,-0.176795259,0.857664049
3418,70.180000,2,false,false,-0.033987790,-0.003206536,0.151588023,-0.334059387,0.350480109,-0.176821247,0.856914401
3419,70.200000,2,false,false,-0.037243769,0.003984623,0.155852675,-0.333622575,0.350408614,-0.178000137,0.856869698
3420,70.220000,2,false,false,-0.039073542,0.007424511,0.165532529,-0.334494978,0.351049721,-0.178080559,0.856250286
3421,70.240000,2,false,false,-0.040854491,0.013485715,0.170355082,-0.334455192,0.351588190,-0.178497076,0.855958104
3422,70.260000,2,false,false,-0.043802500,0.016138647,0.179281920,-0.335160911,0.353594184,-0.178027034,0.854953110
3423,70.280000,2,false,false,-0.043885551,0.020938236,0.184349403,-0.333918899,0.354453951,-0.178692117,0.854944348
3424,70.300000,2,false,false,-0.045740902,0.023721125,0.191221565,-0.333322465,0.354878694,-0.179365784,0.854859710
3425,70.320000,2,false,false,-0.040249884,0.025608145,0.194063410,-0.333035022,0.353596151,-0.178407490,0.855703354
3426,70.340000,2,false,false,-0.043016925,0.028173372,0.199794516,-0.333160371,0.353438377,-0.177620277,0.855883479
3427,70.360000,2,false,false,-0.042217717,0.032837544,0.206446439,-0.333465785,0.351682454,-0.176862448,0.856644511
3428,70.380000,2,false,false,-0.043300778,0.036569178,0.213372961,-0.334458798,0.350337923,-0.175336435,0.857121825
3429,70.400000,2,false,false,-0.044443861,0.040228084,0.219864070,-0.334173411,0.349938393,-0.174586341,0.857549369
3430,70.420000,2,false,false,-0.046438500,0.045577884,0.225923121,-0.333152562,0.349740803,-0.174740657,0.857995629
3431,70.440000,2,false,false,-0.046800435,0.050434653,0.231214315,-0.332392842,0.348728567,-0.174703985,0.858709455
3432,70.460000,2,false,false,-0.045307487,0.054073028,0.239945710,-0.332621247,0.347792268,-0.173868895,0.859170079
3433,70.480000,2,false,false,-0.045895062,0.059111103,0.245157987,-0.332308620,0.346251160,-0.173276335,0.860032856
3434,70.500000,2,false,false,-0.044698603,0.063667811,0.253093868,-0.333375961,0.344203115,-0.171853900,0.860727012
3435,70.520000,2,false,false,-0.042908259,0.068409003,0.260101646,-0.334107578,0.342237234,-0.170250461,0.861545503
3436,70.540000,2,false,false,-0.043008372,0.074756153,0.266279846,-0.334787399,0.339857012,-0.169462353,0.862378776
3437,70.560000,2,false,false,-0.041216932,0.080190875,0.273200810,-0.335490048,0.337144554,-0.168770179,0.863305628
3438,70.580000,2,false,false,-0.041278251,0.086091161,0.281070471,-0.335856676,0.334741920,-0.168107241,0.864226937
3439,70.600000,2,false,false,-0.039139479,0.092315756,0.289099485,-0.336322129,0.332222044,-0.167119280,0.865209341
3440,70.620000,2,false,false,-0.036922902,0.098014086,0.297952294,-0.336484611,0.329979032,-0.166561633,0.866111577
3441,70.640000,2,false,false,-0.036672883,0.104819730,0.307601780,-0.336095095,0.328343749,-0.166673928,0.866862357
3442,70.660000,2,false,false,-0.034920409,0.111935206,0.315176070,-0.335694045,0.326063365,-0.166468278,0.867917299
3443,70.680000,2,false,false,-0.032176092,0.120742276,0.322618008,-0.335100919,0.323367268,-0.165709808,0.869299352
3444,70.700000,2,false,false,-0.029893190,0.127624780,0.333301544,-0.334731817,0.321162194,-0.164314732,0.870522916
3445,70.720000,2,false,false,-0.027041234,0.134730101,0.343329519,-0.333626419,0.319078058,-0.163468555,0.871871948
3446,70.740000,2,false,false,-0.022594273,0.143147528,0.352528960,-0.332969248,0.315398753,-0.161891520,0.873754144
3447,70.760000,2,false,false,-0.024762154,0.148633540,0.360569179,-0.332346737,0.313745379,-0.160084501,0.874918580
3448,70.780000,2,false,false,-0.020528555,0.155544341,0.370715022,-0.330844492,0.312980145,-0.159547001,0.875859678
3449,70.800000,2,false,false,-0.017399296,0.162962124,0.381516159,-0.329730690,0.311923921,-0.160282493,0.876522005
3450,70.820000,2,false,false,-0.012900770,0.170201913,0.392628729,-0.330322295,0.309262604,-0.159873769,0.877316535
3451,70.840000,2,false,false,-0.012203127,0.176612794,0.404024065,-0.330887049,0.306719363,-0.158713013,0.878206849
3452,70.860000,2,false,false,-0.002997369,0.181308761,0.414850950,-0.330515742,0.304925054,-0.157331482,0.879219472
3453,70.880000,2,false,false,0.000980765,0.187083587,0.425586879,-0.327765733,0.306318700,-0.159123868,0.879441977
3454,70.900000,2,false,false,0.004342765,0.193017840,0.435846090,-0.324171513,0.307646006,-0.162020430,0.879781902
3455,70.920000,2,false,false,0.007600114,0.198675081,0.446461558,-0.321980208,0.307716161,-0.162850603,0.880408585
3456,70.940000,2,false,false,0.011014670,0.202798873,0.456050783,-0.320770383,0.306348473,-0.163117304,0.881277382
3457,70.960000,2,false,false,0.010673687,0.210203454,0.464445382,-0.318869591,0.306157589,-0.163907230,0.881886780
3458,70.980000,2,false,false,0.014472887,0.215808362,0.473610938,-0.318064392,0.305777103,-0.164170831,0.882260382
3459,71.000000,2,false,false,0.022526994,0.220049724,0.483571410,-0.319312990,0.305989325,-0.163690507,0.881824970
3460,71.020000,2,false,false,0.026398122,0.226755917,0.493422806,-0.319978505,0.309419513,-0.164095923,0.880310118
3461,71.040000,2,false,false,0.028810963,0.232113451,0.502220750,-0.322443068,0.311807305,-0.163589835,0.878660917
3462,71.060000,2,false,false,0.029993251,0.239239633,0.511253893,-0.327101707,0.312325329,-0.160622135,0.877301574
3463,71.080000,2,false,false,0.032549664,0.245011523,0.519471824,-0.332953870,0.313217849,-0.157309502,0.875379920
3464,71.100000,2,false,false,0.036575496,0.251600325,0.527709901,-0.337044507,0.318065733,-0.155635357,0.872360468
3465,71.120000,2,false,false,0.044575587,0.257739604,0.533327699,-0.337590098,0.321432143,-0.157695845,0.870543778
3466,71.140000,2,false,false,0.045212582,0.264445812,0.541367650,-0.338865101,0.325513810,-0.159407690,0.868216813
3467,71.160000,2,false,false,0.045890808,0.270545632,0.549341440,-0.343017399,0.326536208,-0.159320056,0.866216123
3468,71.180000,2,false,false,0.047745422,0.279024631,0.554425001,-0.348284751,0.325272679,-0.157631084,0.864897668
3469,71.200000,2,false,false,0.047563866,0.285925776,0.560818791,-0.353684813,0.324197978,-0.156616718,0.863292515
3470,71.220000,2,false,false,0.047042996,0.293135971,0.566489816,-0.357359618,0.323597372,-0.156594694,0.862007558
3471,71.240000,2,false,false,0.043142125,0.301655948,0.575069666,-0.359827518,0.325792164,-0.155941576,0.860270858
3472,71.260000,2,false,false,0.042960152,0.308657229,0.580715656,-0.361244053,0.325014591,-0.156406164,0.859886825
3473,71.280000,2,false,false,0.044718072,0.314753324,0.587005496,-0.362309068,0.323394656,-0.155578136,0.860199690
3474,71.300000,2,false,false,0.046793133,0.320107281,0.594008386,-0.363465607,0.323730320,-0.154092818,0.859852850
3475,71.320000,2,false,false,0.049062178,0.326612830,0.599563003,-0.363105655,0.325230747,-0.155488908,0.859187126
3476,71.340000,2,false,false,0.053930804,0.333897293,0.604813039,-0.363707483,0.324697942,-0.156361207,0.858975768
3477,71.360000,2,false,false,0.054822043,0.341359526,0.611191392,-0.364890665,0.325506061,-0.156929582,0.858063936
3478,71.380000,2,false,false,0.056940138,0.346825212,0.618119001,-0.365807503,0.326175600,-0.156243607,0.857544303
3479,71.400000,2,false,false,0.059153229,0.352672338,0.624233425,-0.365598589,0.328384459,-0.155356556,0.856951356
3480,71.420000,2,false,false,0.060991764,0.356283545,0.632727027,-0.364437938,0.332718909,-0.155162409,0.855808318
3481,71.440000,2,false,false,0.069855005,0.355517626,0.645364761,-0.364389956,0.336807430,-0.155037493,0.854250610
3482,71.460000,2,false,false,0.071914226,0.359007657,0.651759148,-0.361178756,0.341563821,-0.156493753,0.853459954
3483,71.480000,2,false,false,0.073924929,0.361278147,0.658659339,-0.357462049,0.346481919,-0.157964513,0.852771044
3484,71.500000,2,false,false,0.078008056,0.364699870,0.664957762,-0.352631122,0.351679772,-0.159589231,0.852352023
3485,71.520000,2,false,false,0.080750078,0.366231233,0.672123134,-0.348753303,0.356402397,-0.160065308,0.851896465
3486,71.540000,2,false,false,0.083252639,0.369190693,0.677662015,-0.346033335,0.359553874,-0.160417914,0.851614952
3487,71.560000,2,false,false,0.079761446,0.375988096,0.682028770,-0.343226314,0.363591939,-0.160910875,0.850943208
3488,71.580000,2,false,false,0.080449522,0.380044103,0.687291682,-0.342708826,0.366058826,-0.159408361,0.850376725
3489,71.600000,2,false,false,0.083864808,0.383001089,0.692832470,-0.342337370,0.368323386,-0.157275140,0.849945605
3490,71.620000,2,false,false,0.085242301,0.388031781,0.698672295,-0.339587659,0.372192204,-0.157899410,0.849247336
3491,71.640000,2,false,false,0.088220119,0.392007351,0.705813050,-0.334340781,0.379199564,-0.160857722,0.847672522
3492,71.660000,2,false,false,0.092222631,0.397851467,0.710751534,-0.329741001,0.386555374,-0.162815377,0.845775962
3493,71.680000,2,false,false,0.100893974,0.398604900,0.714735925,-0.328360498,0.390125811,-0.161067292,0.845008135
3494,71.700000,2,false,false,0.103459090,0.402728587,0.722753167,-0.325237453,0.396286279,-0.160020843,0.843546808
3495,71.720000,2,false,false,0.105371892,0.407292098,0.728233933,-0.321056038,0.400928348,-0.160472512,0.842868984
3496,71.740000,2,false,false,0.104720235,0.412452966,0.736264348,-0.316955954,0.406216830,-0.161012277,0.841785014
3497,71.760000,2,false,false,0.104584098,0.415708810,0.742578745,-0.313109428,0.411285967,-0.161175400,0.840731144
3498,71.780000,2,false,false,0.106479019,0.418442279,0.750235021,-0.307408035,0.417237878,-0.161057994,0.839924574
3499,71.800000,2,false,false,0.103660733,0.423702478,0.757479906,-0.300771296,0.425004631,-0.160479978,0.838542759
3500,71.820000,2,false,false,0.106211334,0.424428165,0.762364149,-0.297725976,0.429577351,-0.159773678,0.837433517
3501,71.840000,2,false,false,0.105744928,0.427666366,0.767240047,-0.292941719,0.436070561,-0.159641892,0.835788310
3502,71.860000,2,false,false,0.107771665,0.428559363,0.774627507,-0.289424270,0.442437083,-0.157923028,0.833992422
3503,71.880000,2,false,false,0.109975755,0.431403369,0.780603290,-0.286798060,0.448433131,-0.155456394,0.832158566
3504,71.900000,2,false,false,0.112121433,0.435484201,0.786550581,-0.286979437,0.454980373,-0.152677730,0.829050779
3505,71.920000,2,false,false,0.114738435,0.437250823,0.792874157,-0.288317919,0.461990386,-0.150621995,0.825076163
3506,71.940000,2,false,false,0.115830630,0.444306791,0.798337579,-0.286723316,0.469079316,-0.152781516,0.821226060
3507,71.960000,2,false,false,0.120670199,0.449313045,0.797623456,-0.284424007,0.473045945,-0.152639493,0.819775462
3508,71.980000,2,false,false,0.122640401,0.454136580,0.801500976,-0.284798622,0.477808505,-0.152495667,0.816905081
3509,72.000000,2,false,false,0.126500726,0.457693756,0.807526231,-0.287194788,0.482383668,-0.151839122,0.813492477
3510,72.020000,2,false,false,0.127872914,0.462768257,0.814026773,-0.288265914,0.487935573,-0.153273761,0.809523940
3511,72.040000,2,false,false,0.130802572,0.468186915,0.819752514,-0.288409173,0.491817147,-0.155112192,0.806769073
3512,72.060000,2,false,false,0.132841974,0.473332435,0.824691057,-0.289025247,0.494301140,-0.155888751,0.804878592
3513,72.080000,2,false,false,0.133402109,0.476271808,0.835730970,-0.292882770,0.497855186,-0.155518442,0.801357567
3514,72.100000,2,false,true,0.123619199,0.445733368,0.798232138,-0.293242782,0.503984749,-0.153956130,0.797687650
3515,72.120000,2,false,false,0.126277417,0.449658543,0.804699183,-0.294133008,0.504988432,-0.154455408,0.796627820
3516,72.140000,2,false,false,0.127039760,0.457483888,0.813312531,-0.293003023,0.507975936,-0.157385200,0.794568896
3517,72.160000,2,false,false,0.129982978,0.461060077,0.818509459,-0.293392986,0.508659303,-0.158751026,0.793715656
3518,72.180000,2,false,false,0.129441798,0.470859885,0.828004062,-0.292101979,0.511294842,-0.159776375,0.792291343
3519,72.200000,2,false,false,0.129239172,0.477343202,0.837612748,-0.292983621,0.511944354,-0.157999977,0.791902602
3520,72.220000,2,false,false,0.135378063,0.479308009,0.841601610,-0.296172768,0.507377386,-0.152913898,0.794649184
3521,72.240000,2,false,false,0.131227821,0.491827428,0.853603125,-0.295930237,0.510567486,-0.152498528,0.792773902
3522,72.260000,2,false,false,0.132739067,0.499323040,0.863439977,-0.296871066,0.511496842,-0.151902720,0.791936994
3523,72.280000,2,false,false,0.135927051,0.506326377,0.868734002,-0.296574265,0.509928286,-0.151198998,0.793193460
3524,72.300000,2,false,false,0.138101280,0.514453173,0.877980113,-0.295698255,0.508742690,-0.149847537,0.794537127
3525,72.320000,2,false,false,0.139970154,0.521914363,0.888081312,-0.295191377,0.507128060,-0.147024468,0.796283185
3526,72.340000,2,false,false,0.142508745,0.531592131,0.896543264,-0.293141037,0.503760219,-0.143865943,0.799747884
3527,72.360000,2,false,false,0.146289438,0.538626134,0.901089549,-0.290800482,0.498694748,-0.140203625,0.804413795
3528,72.380000,2,false,false,0.147851706,0.543708682,0.916887224,-0.292443067,0.499125540,-0.138911366,0.803775072
3529,72.400000,2,false,false,0.152393490,0.551335156,0.922281563,-0.289385468,0.495986879,-0.139794141,0.806666374
3530,72.420000,2,false,false,0.154761404,0.561160266,0.930658460,-0.287548602,0.494194388,-0.140704483,0.808263600
3531,72.440000,2,false,false,0.155807197,0.570651233,0.940560699,-0.286446780,0.494242847,-0.139032230,0.808914304
3532,72.460000,2,false,false,0.159515500,0.577836871,0.951135397,-0.286127090,0.493127763,-0.138163134,0.809856415
3533,72.480000,2,false,false,0.162626743,0.585155129,0.961037755,-0.285010159,0.492521435,-0.139191926,0.810442805
3534,72.500000,2,false,true,0.163090706,0.583220720,0.958094954,-0.281667978,0.492449313,-0.138973832,0.811691523
3535,72.520000,2,false,false,0.165400326,0.590552866,0.965792060,-0.279278070,0.491834760,-0.142203480,0.812330306
3536,72.540000,2,false,false,0.166960180,0.594716907,0.977385521,-0.279991329,0.491297692,-0.143747792,0.812137961
3537,72.560000,2,false,false,0.166891336,0.603079975,0.985967755,-0.277844071,0.490493387,-0.145387530,0.813069165
3538,72.580000,2,false,false,0.168998003,0.607472122,0.993987858,-0.277306080,0.487612933,-0.146908820,0.814710200
3539,72.600000,2,false,false,0.170625091,0.613289237,1.003478289,-0.275690734,0.486351639,-0.151023880,0.815259755
3540,72.620000,2,false,false,0.170581043,0.618252754,1.014714241,-0.273464769,0.488018692,-0.152422383,0.814752877
3541,72.640000,2,false,false,0.171167016,0.622129798,1.025163293,-0.272923917,0.488434494,-0.154229105,0.814344943
3542,72.660000,2,false,false,0.172794640,0.627990961,1.032922029,-0.271287709,0.487651229,-0.155175790,0.815180838
3543,72.680000,2,false,false,0.173383176,0.632989109,1.041058779,-0.269777358,0.488714248,-0.154333636,0.815205336
3544,72.700000,2,false,false,0.175654531,0.637417316,1.047910094,-0.268557101,0.489323437,-0.152612880,0.815566719
3545,72.720000,2,false,false,0.175565839,0.640835881,1.055873871,-0.268445939,0.493107021,-0.151240036,0.813577771
3546,72.740000,2,false,false,0.177614868,0.641325831,1.064528465,-0.270440310,0.495262027,-0.151840061,0.811493874
3547,72.760000,2,false,true,0.181163967,0.645317316,1.058872342,-0.265610784,0.494131327,-0.154004186,0.813368261
3548,72.780000,2,false,false,0.182796419,0.648056209,1.064632177,-0.263675362,0.497960776,-0.153896481,0.811681151
3549,72.800000,2,false,false,0.183406293,0.650809407,1.069933414,-0.260787606,0.502715886,-0.154932767,0.809482872
3550,72.820000,2,false,false,0.184315741,0.655064344,1.075246811,-0.256599545,0.508332193,-0.158113033,0.806694031
3551,72.840000,2,false,false,0.184566319,0.657853544,1.081226349,-0.254222244,0.514448285,-0.159502625,0.803288877
3552,72.860000,2,false,false,0.185800791,0.659204662,1.085964918,-0.253185093,0.519728124,-0.158771589,0.800357163
3553,72.880000,2,false,false,0.186688006,0.662434340,1.092861295,-0.249737591,0.528769255,-0.158843532,0.795489192
3554,72.900000,2,false,false,0.187746346,0.664591789,1.098445654,-0.243272766,0.538562894,-0.162974983,0.790068090
3555,72.920000,2,false,false,0.189273298,0.666588902,1.103012800,-0.236543536,0.547135592,-0.169116572,0.784913659
3556,72.940000,2,false,false,0.188908398,0.670665383,1.107529998,-0.229751632,0.554909408,-0.174451143,0.780292630
3557,72.960000,2,false,false,0.187938988,0.674221635,1.112239599,-0.225697830,0.560942709,-0.177899897,0.776373267
3558,72.980000,2,false,false,0.186262190,0.677220404,1.117357731,-0.222234622,0.565521598,-0.178684890,0.773866236
3559,73.000000,2,false,false,0.182326436,0.679241896,1.124835134,-0.220278889,0.570081234,-0.178093955,0.771211505
3560,73.020000,2,false,false,0.178417981,0.682745099,1.129724979,-0.216539204,0.572074533,-0.177832410,0.770854890
3561,73.040000,2,false,false,0.174830139,0.685960412,1.134504914,-0.213150129,0.573779464,-0.178103432,0.770469546
3562,73.060000,2,false,false,0.169985712,0.689904273,1.141549706,-0.211011589,0.577862024,-0.178315312,0.767953992
3563,73.080000,2,false,false,0.164958715,0.693946838,1.147642612,-0.208670989,0.581454217,-0.178796396,0.765767217
3564,73.100000,2,false,false,0.160429060,0.698270798,1.154370785,-0.207114533,0.584284246,-0.178965330,0.763993979
3565,73.120000,2,false,false,0.154398024,0.702851593,1.162536621,-0.205661669,0.588809669,-0.177179188,0.761323869
3566,73.140000,2,false,false,0.148938358,0.708406925,1.168863177,-0.202034131,0.592889309,-0.176133856,0.759369135
3567,73.160000,2,false,true,0.146629214,0.709096074,1.169650078,-0.198521957,0.596074045,-0.177210048,0.757549644
3568,73.180000,2,false,false,0.140812874,0.714230955,1.178278685,-0.192676902,0.602049649,-0.176780462,0.754427314
3569,73.200000,2,false,false,0.134738982,0.717259765,1.186208248,-0.187838227,0.606405675,-0.174268931,0.752741158
3570,73.220000,2,false,false,0.128172278,0.722174704,1.193642139,-0.183870181,0.609470546,-0.171723142,0.751830220
3571,73.240000,2,false,false,0.122142434,0.726872563,1.204662800,-0.182423159,0.614115238,-0.167704478,0.749306083
3572,73.260000,2,false,false,0.115268230,0.732753277,1.213963270,-0.180152759,0.618102431,-0.163153291,0.747579753
3573,73.280000,2,false,false,0.106618524,0.743056118,1.220870495,-0.175164074,0.621391773,-0.161722839,0.746348202
3574,73.300000,2,false,false,0.099360108,0.747135282,1.231658816,-0.175454691,0.621450484,-0.160730183,0.746445477
3575,73.320000,2,false,false,0.090775132,0.750693023,1.242320299,-0.174100295,0.619407654,-0.161169052,0.748363495
3576,73.340000,2,false,false,0.081608415,0.756484509,1.253495097,-0.170313612,0.617198408,-0.163002402,0.750659525
3577,73.360000,2,false,false,0.072845101,0.760516405,1.263377547,-0.166590646,0.614632487,-0.165110826,0.753135443
3578,73.380000,2,false,false,0.064834356,0.763744354,1.272526026,-0.164088085,0.613136649,-0.166666582,0.754560113
3579,73.400000,2,false,false,0.059304118,0.765590429,1.283006072,-0.163907826,0.614667237,-0.164238229,0.753886163
3580,73.420000,2,false,false,0.054212928,0.768844903,1.291111946,-0.165165901,0.615135312,-0.165128261,0.753034890
3581,73.440000,2,false,false,0.050169706,0.774024844,1.299240828,-0.167056635,0.617375076,-0.165307313,0.750742137
3582,73.460000,2,false,false,0.046932459,0.780230820,1.305357814,-0.168383315,0.619653344,-0.167821452,0.748005867
3583,73.480000,2,false,false,0.043899894,0.784426451,1.312677145,-0.170435727,0.621598423,-0.169386953,0.745570362
3584,73.500000,2,false,false,0.039181709,0.792332113,1.320844769,-0.170418963,0.623287439,-0.171542138,0.743669033
3585,73.520000,2,false,true,0.035875320,0.801488757,1.320414424,-0.165501669,0.625869274,-0.172085971,0.742484629
3586,73.540000,2,false,false,0.031195641,0.808075666,1.328673124,-0.169482186,0.624980271,-0.169614255,0.742904127
3587,73.560000,2,false,false,0.027225852,0.817986250,1.336907506,-0.172894299,0.623958707,-0.167975202,0.743348897
3588,73.580000,2,false,false,0.023017168,0.826017380,1.345185757,-0.179175064,0.621176600,-0.162641391,0.745374978
3589,73.600000,2,false,false,0.018665910,0.833926558,1.353965759,-0.185939357,0.618006825,-0.156429321,0.747679174
3590,73.620000,2,false,false,0.013914585,0.844480932,1.361721396,-0.191281483,0.614644229,-0.155062690,0.749386072
3591,73.640000,2,false,false,0.009371638,0.855552912,1.372482538,-0.194733277,0.613519490,-0.154445574,0.749546170
3592,73.660000,2,false,false,0.005928993,0.863988161,1.381776094,-0.199950621,0.609777331,-0.153932601,0.751329541
3593,73.680000,2,false,false,0.001014829,0.874013722,1.390036702,-0.203049436,0.606518328,-0.153082311,0.753307521
3594,73.700000,2,false,false,-0.002813220,0.881479084,1.400459051,-0.205817059,0.602063060,-0.149652272,0.756811559
3595,73.720000,2,false,false,-0.007499576,0.889662683,1.408696890,-0.206810638,0.595529497,-0.147185788,0.762174726
3596,73.740000,2,false,false,-0.010637283,0.897318363,1.414981127,-0.207269683,0.587891042,-0.144434035,0.768480539
3597,73.760000,2,false,false,-0.015081048,0.906231403,1.423208475,-0.208777443,0.582432508,-0.144022405,0.772296548
3598,73.780000,2,false,false,-0.018722892,0.911868930,1.435853004,-0.214251056,0.579950631,-0.141819254,0.773072481
3599,73.800000,2,false,false,-0.020698309,0.920620799,1.440998077,-0.215546638,0.574526489,-0.141292527,0.776849687
3600,73.820000,2,false,false,-0.023335814,0.928377509,1.450685620,-0.217836529,0.571306705,-0.139625847,0.778884232
3601,73.840000,2,false,false,-0.026584148,0.937444687,1.457904816,-0.219147697,0.566431224,-0.137342557,0.782474935
3602,73.860000,2,false,false,-0.029929876,0.945193887,1.464373589,-0.220424354,0.560440600,-0.135747835,0.786696851
3603,73.880000,2,false,false,-0.033280373,0.949217558,1.473699331,-0.224151894,0.554639995,-0.134576142,0.789949179
3604,73.900000,2,false,false,-0.036373258,0.957610309,1.477697968,-0.223799095,0.546436071,-0.136716664,0.795380473
3605,73.920000,2,false,false,-0.040659904,0.961418748,1.491949081,-0.226309523,0.544282258,-0.134558171,0.796514213
3606,73.940000,2,false,false,-0.044989586,0.966303229,1.498982549,-0.227448687,0.537819684,-0.127874926,0.801663935
3607,73.960000,2,false,false,-0.050862074,0.971356511,1.508287430,-0.230033681,0.532713950,-0.118209302,0.805808246
3608,73.980000,2,false,false,-0.056534529,0.973985910,1.515309811,-0.232998937,0.527070880,-0.107370310,0.810172498
3609,74.000000,2,false,false,-0.061928093,0.978409767,1.522382498,-0.234893024,0.522861838,-0.101357512,0.813122094
3610,74.020000,2,false,false,-0.067326784,0.981634557,1.528170705,-0.236852601,0.519300699,-0.097273760,0.815331459
3611,74.040000,2,false,false,-0.072309673,0.989173234,1.529716492,-0.236157566,0.514794528,-0.097720683,0.818331838
3612,74.060000,2,false,false,-0.076825023,0.993398190,1.535504937,-0.237613633,0.513037503,-0.094256572,0.819419384
3613,74.080000,2,false,false,-0.081206560,0.998193741,1.540415406,-0.240607053,0.511637986,-0.090480827,0.819846332
3614,74.100000,2,false,false,-0.084568739,1.002678037,1.545341730,-0.245126799,0.510604203,-0.086214647,0.819611669
3615,74.120000,2,false,false,-0.088072896,1.006705284,1.547998786,-0.248074919,0.511072159,-0.082716987,0.818792999
3616,74.140000,2,false,false,-0.091207981,1.011970758,1.551837921,-0.250130147,0.512556732,-0.077598207,0.817740142
3617,74.160000,2,false,true,-0.094522834,1.014597774,1.532998085,-0.250681251,0.507815599,-0.078318462,0.820456266
3618,74.180000,2,false,false,-0.098468065,1.019158602,1.535676837,-0.251882493,0.511412978,-0.073789112,0.818270802
3619,74.200000,2,false,false,-0.103854418,1.024736643,1.537293911,-0.248276770,0.514101624,-0.074530408,0.817620635
3620,74.220000,2,false,false,-0.108092785,1.027021646,1.540870428,-0.245489523,0.516880155,-0.072640359,0.816880107
3621,74.240000,2,false,false,-0.114229500,1.031580210,1.541943669,-0.242538109,0.518348455,-0.070637599,0.817007005
3622,74.260000,2,false,false,-0.119296610,1.035029769,1.543164611,-0.240128145,0.521122098,-0.069638431,0.816039741
3623,74.280000,2,false,false,-0.124999881,1.036072850,1.550717592,-0.239150196,0.528871059,-0.067755118,0.811487436
3624,74.300000,2,false,false,-0.131344020,1.042216778,1.549561262,-0.238179162,0.533060372,-0.066603296,0.809123874
3625,74.320000,2,false,false,-0.138357520,1.047035813,1.543946505,-0.240698323,0.534503996,-0.060347110,0.807915926
3626,74.340000,2,false,false,-0.145617008,1.049909949,1.545376539,-0.241506606,0.537505209,-0.047077958,0.806564569
3627,74.360000,2,false,false,-0.153992295,1.051032305,1.546652079,-0.239032373,0.538496852,-0.033710197,0.807309330
3628,74.380000,2,false,false,-0.162108481,1.054112554,1.545255780,-0.233625278,0.542045593,-0.027724352,0.806744814
3629,74.400000,2,false,false,-0.170768201,1.057013273,1.544677496,-0.227607787,0.547950268,-0.030133413,0.804386139
3630,74.420000,2,false,false,-0.179762304,1.058622599,1.549448252,-0.220184654,0.556651890,-0.033740822,0.800324321
3631,74.440000,2,false,true,-0.184007883,1.037610531,1.557045102,-0.222303540,0.563745618,-0.026354328,0.795033038
3632,74.460000,2,false,false,-0.196565032,1.041201711,1.555842280,-0.215111807,0.566955030,-0.028599383,0.794651568
3633,74.480000,2,false,false,-0.209991932,1.041689277,1.554801226,-0.209494740,0.566369534,-0.027226450,0.796615481
3634,74.500000,2,false,false,-0.225106478,1.042613387,1.553094387,-0.204003081,0.564568698,-0.030000124,0.799215257
3635,74.520000,2,false,false,-0.239996433,1.044460654,1.551282883,-0.193790689,0.567668974,-0.034737267,0.799368739
3636,74.540000,2,false,false,-0.257420301,1.055385709,1.550110340,-0.181045845,0.578554511,-0.042610873,0.794154584
3637,74.560000,2,false,true,-0.272095799,1.049353719,1.536605358,-0.180247545,0.584518790,-0.042673368,0.789954245
3638,74.580000,2,false,false,-0.288276076,1.047853351,1.533799410,-0.179235741,0.598762691,-0.045822330,0.779267788
3639,74.600000,2,false,false,-0.306078911,1.046688795,1.532077074,-0.177404523,0.613686204,-0.054563846,0.767424107
3640,74.620000,2,false,false,-0.323879838,1.043978095,1.527626276,-0.174106568,0.627943397,-0.065745726,0.755679548
3641,74.640000,2,false,false,-0.340520620,1.041613340,1.520815134,-0.176803723,0.639754236,-0.075092822,0.744188190
3642,74.660000,2,false,false,-0.363355398,1.046931386,1.531519055,-0.183840096,0.656239271,-0.077790983,0.727668524
3643,74.680000,2,false,true,-0.381254077,1.052549601,1.509368896,-0.183864281,0.661816478,-0.078801572,0.722484112
3644,74.700000,2,false,false,-0.400733113,1.047034264,1.502896428,-0.186173275,0.672296345,-0.082019262,0.711779535
3645,74.720000,2,false,false,-0.418303370,1.037296176,1.499296784,-0.182806492,0.683119714,-0.089029588,0.701429307
3646,74.740000,2,false,false,-0.437800884,1.037022829,1.498151898,-0.177458838,0.691008091,-0.100660302,0.693457782
3647,74.760000,2,false,false,-0.456866264,1.030356169,1.491550207,-0.174734563,0.697407901,-0.112447895,0.685890317
3648,74.780000,2,false,false,-0.477535486,1.027214289,1.485218287,-0.173750311,0.703754425,-0.124889910,0.677453399
3649,74.800000,2,false,false,-0.486057878,1.005558968,1.502670765,0.183437020,-0.714671850,0.122820497,-0.663709402
3650,74.820000,2,false,false,-0.501606941,0.993193209,1.500798702,0.185016245,-0.720032394,0.126309246,-0.656786382
3651,74.840000,2,false,false,-0.517933488,0.985306919,1.497155666,0.184508637,-0.725453854,0.132035390,-0.649799943
3652,74.860000,2,false,false,-0.536614656,0.976397753,1.492777586,0.185787708,-0.731432974,0.135678455,-0.641934693
3653,74.880000,2,false,false,-0.552240610,0.968845367,1.488472104,0.186608389,-0.737677157,0.140809417,-0.633389711
3654,74.900000,2,false,false,-0.564087629,0.960578561,1.486989260,-0.187336639,0.741253912,-0.147349179,0.627483785
3655,74.920000,2,false,false,-0.574915767,0.965270162,1.508920074,0.188133121,-0.745668948,0.154372483,-0.620284617
3656,74.940000,2,false,false,-0.590470672,0.963564575,1.507349730,0.189801916,-0.743259549,0.156096131,-0.622233510
3657,74.960000,2,false,false,-0.609410048,0.960524261,1.501533031,0.192493051,-0.740936697,0.160052434,-0.623171329
3658,74.980000,2,false,false,-0.624314904,0.958800793,1.498111486,0.195883125,-0.740133762,0.167459771,-0.621119201
3659,75.000000,2,false,false,-0.641382217,0.959623098,1.494475961,0.199631736,-0.738022625,0.176532820,-0.619924188
3660,75.020000,2,false,false,-0.653708220,0.960101128,1.492429018,-0.202715963,0.735398889,-0.185412332,0.619448960
3661,75.040000,2,false,false,-0.669880509,0.965488732,1.490358472,-0.204798862,0.730734110,-0.196912736,0.620733857
3662,75.060000,2,false,false,-0.687434196,0.966868758,1.486509204,-0.209157810,0.724094629,-0.205306470,0.624331057
3663,75.080000,2,false,false,-0.699660420,0.969064951,1.486563325,-0.209646657,0.719156563,-0.210985333,0.627970874
3664,75.100000,2,false,false,-0.716199279,0.966011941,1.481926441,-0.207487881,0.714688420,-0.215305015,0.632307768
3665,75.120000,2,false,false,-0.732447028,0.967617035,1.475488067,-0.205362901,0.708611965,-0.220664158,0.637967527
3666,75.140000,2,false,false,-0.741068244,0.968711138,1.477725506,-0.209937036,0.700003922,-0.227348953,0.643609643
3667,75.160000,2,false,false,-0.757958889,0.969509959,1.476730824,-0.211467817,0.690979660,-0.231613338,0.651293993
3668,75.180000,2,false,false,-0.757231593,0.990350008,1.497850895,-0.208985627,0.690521359,-0.237422585,0.650488913
3669,75.200000,2,false,false,-0.770161986,0.989131510,1.495680809,-0.197028056,0.683091164,-0.234163046,0.663124561
3670,75.220000,2,false,false,-0.782900572,0.982906282,1.507698536,-0.181966484,0.669670999,-0.232659981,0.681394398
3671,75.240000,2,false,false,-0.800980330,0.978287041,1.505624890,-0.161125466,0.650732696,-0.223959982,0.707408965
3672,75.260000,2,false,false,-0.808529139,0.976235271,1.493795395,-0.143050626,0.637965679,-0.209693268,0.727024853
3673,75.280000,2,false,false,-0.833126068,0.967121959,1.483521938,-0.134318039,0.632752299,-0.194967598,0.737272620
3674,75.300000,2,false,false,-0.844770312,0.960373878,1.478555441,-0.131260157,0.628412127,-0.188899860,0.743092120
3675,75.320000,2,false,false,-0.857088089,0.954954386,1.441061735,-0.126461729,0.619292319,-0.188818827,0.751553059
3676,75.340000,2,false,false,-0.869048357,0.947160780,1.432243347,-0.125079885,0.622372746,-0.193975121,0.747917712
3677,75.360000,2,false,false,-0.874868155,0.943521023,1.429109693,-0.122477569,0.629315138,-0.202418223,0.740262508
3678,75.380000,2,false,false,-0.884840369,0.938339829,1.428708076,-0.125909150,0.635437429,-0.208127007,0.732836545
3679,75.400000,2,false,false,-0.894235730,0.936815679,1.424142838,-0.129700243,0.639869392,-0.208960399,0.728066444
3680,75.420000,2,false,false,-0.905930519,0.929147005,1.419434428,-0.135284528,0.643417180,-0.205113024,0.725011110
3681,75.440000,2,false,false,-0.913651466,0.923828959,1.419851303,-0.140830979,0.646718144,-0.204317138,0.721232831
3682,75.460000,2,false,false,-0.926013708,0.915424883,1.421983957,-0.149157107,0.649378300,-0.203768760,0.717313290
3683,75.480000,2,false,false,-0.934736848,0.914720535,1.415655136,-0.154727906,0.650746584,-0.203857735,0.714863837
3684,75.500000,2,false,false,-0.945648313,0.913706422,1.408838511,-0.156215146,0.654807091,-0.202696487,0.711153090
3685,75.520000,2,false,false,-0.954024673,0.919633389,1.395276070,-0.158639044,0.659836888,-0.204781547,0.705346465
3686,75.540000,2,false,false,-0.963418722,0.914098740,1.394341946,-0.170127213,0.663912773,-0.209372193,0.697452486
3687,75.560000,2,false,false,-0.972457051,0.916108549,1.393761396,-0.183198929,0.664110363,-0.215555221,0.692048848
3688,75.580000,2,false,false,-0.983477116,0.910271525,1.385075569,-0.191493750,0.661107779,-0.214300841,0.693066955
3689,75.600000,2,false,false,-0.995119333,0.904093087,1.375925183,-0.190747231,0.660538137,-0.207626224,0.695842206
3690,75.620000,2,false,false,-1.007108331,0.899418235,1.345332980,-0.182731390,0.659666300,-0.206816018,0.699054241
3691,75.640000,2,false,false,-1.017951012,0.893861651,1.346893787,-0.184798539,0.660569906,-0.212993801,0.695795000
3692,75.660000,2,false,false,-1.021056890,0.903689981,1.350349069,-0.190555185,0.659695446,-0.221501902,0.692407191
3693,75.680000,2,false,false,-1.046652317,0.872048497,1.256842613,-0.188748941,0.649786532,-0.221996129,0.702046394
3694,75.700000,2,false,false,-1.053452253,0.860937297,1.238003612,-0.183101341,0.660623610,-0.226110950,0.692043483
3695,75.720000,2,false,false,-1.063784361,0.858629346,1.228042364,-0.184411705,0.665657580,-0.233209386,0.684474885
3696,75.740000,2,false,false,-1.067238569,0.851676941,1.237234354,-0.194681630,0.665236890,-0.239408672,0.679884195
3697,75.760000,2,false,false,-1.076963186,0.838777065,1.228118658,-0.208593905,0.657478213,-0.238240734,0.683704853
3698,75.780000,2,false,false,-1.051310062,0.894997180,1.231125593,-0.208065838,0.654876947,-0.239784032,0.685819566
3699,75.800000,2,false,false,-1.069512963,0.862088084,1.221312761,-0.218222529,0.648914933,-0.229447767,0.691839635
3700,75.820000,2,false,false,-1.078845739,0.797649741,1.183818102,-0.229248300,0.641249001,-0.216240689,0.699631989
3701,75.840000,2,false,false,-1.077293396,0.799596906,1.170306563,-0.233088419,0.642987072,-0.211655721,0.698168576
3702,75.860000,2,false,false,-1.091099024,0.850007892,1.217627048,-0.237842232,0.659147918,-0.213414729,0.680741787
3703,75.880000,2,false,false,-1.076739669,0.830768883,1.184571505,-0.247363344,0.648741424,-0.207440212,0.689140439
3704,75.900000,2,false,false,-1.079212070,0.830910146,1.169622064,-0.251689970,0.649263799,-0.209677026,0.686399460
3705,75.920000,2,false,false,-1.078394055,0.828193069,1.160911202,-0.248675525,0.652009428,-0.214097202,0.683525085
3706,75.940000,2,false,false,-1.079617262,0.821291983,1.158205509,-0.242882192,0.654441714,-0.220296457,0.681310475
3707,75.960000,2,false,false,-1.083671808,0.819881201,1.153231740,-0.234702647,0.654135227,-0.230849534,0.680977523
3708,75.980000,2,false,false,-1.082418203,0.816462636,1.146497488,-0.226937637,0.653009534,-0.239835188,0.681584179
3709,76.000000,2,false,false,-1.087320328,0.776681423,1.159437656,-0.233074278,0.651942968,-0.240047634,0.680458665
3710,76.020000,2,false,false,-1.089008451,0.774916112,1.154437304,-0.224485099,0.650236547,-0.239942104,0.685001314
3711,76.040000,2,false,false,-1.089161754,0.773768067,1.149628401,-0.215147093,0.650245786,-0.235775143,0.689421713
3712,76.060000,2,false,false,-1.088948250,0.773693681,1.139429092,-0.204519749,0.650560319,-0.231526166,0.693785787
3713,76.080000,2,false,false,-1.087087512,0.770773768,1.133802891,-0.201707512,0.649981797,-0.229387477,0.695858598
3714,76.100000,2,false,false,-1.084025860,0.774102151,1.131511927,-0.202815622,0.649421751,-0.230775431,0.695600510
3715,76.120000,2,false,false,-1.085803032,0.777342916,1.130366802,-0.205692559,0.648995638,-0.231263399,0.694991112
3716,76.140000,2,false,false,-1.086193800,0.777746558,1.124213219,-0.208573908,0.647068560,-0.229069367,0.696653843
3717,76.160000,2,false,false,-1.082273126,0.778580487,1.126073122,-0.210382432,0.646158576,-0.227100939,0.697598398
3718,76.180000,2,false,false,-1.074246407,0.785925686,1.124463320,-0.213307247,0.647626758,-0.226986691,0.695382416
3719,76.200000,2,false,false,-1.071728706,0.787589848,1.117284060,-0.217079446,0.651548088,-0.229114845,0.689831972
3720,76.220000,2,false,false,-1.067488313,0.786038160,1.115302801,-0.222481012,0.657856643,-0.233753443,0.680504382
3721,76.240000,2,false,false,-1.059252858,0.791546166,1.119381905,-0.228798836,0.662089884,-0.239974618,0.672086537
3722,76.260000,2,false,false,-1.055961013,0.798505545,1.118110180,-0.232588604,0.662222564,-0.241973624,0.669934869
3723,76.280000,2,false,false,-1.052108049,0.795661271,1.114670992,-0.232087806,0.661622405,-0.235224232,0.673097789
3724,76.300000,2,false,false,-1.046908617,0.795915127,1.115405560,-0.229710013,0.663007200,-0.226157576,0.675653398
3725,76.320000,2,false,false,-1.045222282,0.796929061,1.110391498,-0.226471543,0.662236094,-0.219498560,0.679687023
3726,76.340000,2,false,false,-1.042905688,0.798390150,1.107276201,-0.224383369,0.659394562,-0.214386970,0.684754908
3727,76.360000,2,false,false,-1.041900754,0.797730267,1.101925254,-0.222957268,0.654932320,-0.209512189,0.690983653
3728,76.380000,2,false,false,-1.039856315,0.796508789,1.098450661,-0.222421825,0.652521312,-0.204025373,0.695067048
3729,76.400000,2,false,false,-1.040015817,0.791222930,1.090469241,-0.220300108,0.650731862,-0.198797375,0.698924601
3730,76.420000,2,false,false,-1.037694454,0.787064910,1.083921909,-0.215484411,0.649043560,-0.195303410,0.702969074
3731,76.440000,2,false,false,-1.036315680,0.784460962,1.076974154,-0.208761722,0.644047201,-0.194782138,0.709705412
3732,76.460000,2,false,false,-1.036680698,0.784497321,1.070721149,-0.204189435,0.637284040,-0.193472207,0.717456818
3733,76.480000,2,false,false,-1.036799431,0.777236223,1.058123231,-0.203831717,0.630911112,-0.189777642,0.724146664
3734,76.500000,2,false,false,-1.040276051,0.770391166,1.045777321,-0.201448575,0.627882183,-0.188853219,0.727679193
3735,76.520000,2,false,false,-1.039570093,0.758360386,1.031209946,-0.199429080,0.626543283,-0.189965591,0.729098558
3736,76.540000,2,false,false,-1.038242698,0.756411850,1.019998074,-0.199064165,0.625955105,-0.192684695,0.728989959
3737,76.560000,2,false,false,-1.038101792,0.752569556,1.008476257,-0.200638697,0.624005854,-0.192223907,0.730349839
3738,76.580000,2,false,false,-1.039598584,0.738676071,0.995238006,-0.203299478,0.621695220,-0.189815804,0.732212007
3739,76.600000,2,false,false,-1.039747834,0.717680514,0.984617770,-0.203790471,0.620324492,-0.188656747,0.733536363
3740,76.620000,2,false,false,-1.038983941,0.710110188,0.969125628,-0.202824533,0.621897876,-0.189000279,0.732382536
3741,76.640000,2,false,false,-1.040878177,0.699154735,0.955039382,-0.202184871,0.623285532,-0.188735768,0.731447399
3742,76.660000,2,false,false,-1.041949868,0.693074942,0.942465723,-0.201919273,0.622142375,-0.187766939,0.732742131
3743,76.680000,2,false,false,-1.041615486,0.683788896,0.931068361,-0.205451980,0.618962407,-0.184060201,0.735388994
3744,76.700000,2,false,false,-1.043127775,0.676004350,0.918699324,-0.209900960,0.616066039,-0.180407315,0.737466931
3745,76.720000,2,false,false,-1.043666363,0.662748575,0.906360090,-0.215175569,0.612993598,-0.177805364,0.739137053
3746,76.740000,2,false,false,-1.045269251,0.654264629,0.894524932,-0.219743624,0.609967530,-0.178472668,0.740135133
3747,76.760000,2,false,false,-1.045306444,0.644904613,0.881774068,-0.225601614,0.605641127,-0.177300110,0.742204487
3748,76.780000,2,false,false,-1.047219276,0.655111313,0.868903160,-0.229024217,0.603017449,-0.177845418,0.743161440
3749,76.800000,2,false,false,-1.048707962,0.645709634,0.856914461,-0.236084431,0.601118386,-0.175944880,0.742942929
3750,76.820000,2,false,false,-1.050460815,0.638317883,0.843446016,-0.242830127,0.599312186,-0.174917191,0.742470503
3751,76.840000,2,false,false,-1.051647902,0.631902874,0.832193255,-0.248092473,0.597146094,-0.175434157,0.742354095
3752,76.860000,2,false,false,-1.053039670,0.624229252,0.819001615,-0.251149297,0.593771577,-0.174930289,0.744149745
3753,76.880000,2,false,false,-1.053911209,0.618728757,0.807058036,-0.256008714,0.588993073,-0.173193201,0.746693313
3754,76.900000,2,false,false,-1.055777788,0.616456449,0.803291500,-0.264365613,0.584825158,-0.169150114,0.747983098
3755,76.920000,2,false,false,-1.055702686,0.605760694,0.792571902,-0.271053940,0.583333850,-0.164233282,0.747849524
3756,76.940000,2,false,false,-1.056536913,0.594799578,0.781483352,-0.275048226,0.584867120,-0.163034439,0.745452106
3757,76.960000,2,false,false,-1.058342457,0.593771994,0.771948755,-0.281809330,0.583423734,-0.168825179,0.742764056
3758,76.980000,2,false,false,-1.058958769,0.587132633,0.762360573,-0.291260093,0.578819096,-0.173935324,0.741540730
3759,77.000000,2,false,false,-1.061186552,0.573411644,0.764248669,-0.297774196,0.575959384,-0.171923295,0.741649330
3760,77.020000,2,false,false,-1.063273191,0.567162097,0.754990578,-0.300463796,0.575339079,-0.169459283,0.741613150
3761,77.040000,2,false,false,-1.063832402,0.561729193,0.746883452,-0.299715579,0.575667500,-0.165307701,0.742597401
3762,77.060000,2,false,false,-1.065158010,0.555149257,0.736383021,-0.295714021,0.574906588,-0.163728833,0.745136678
3763,77.080000,2,false,false,-1.067230940,0.550327361,0.727080464,-0.289077282,0.573657095,-0.164382771,0.748552144
3764,77.100000,2,false,false,-1.069174886,0.550465763,0.716979384,-0.283101052,0.573364556,-0.167058811,0.750465333
3765,77.120000,2,false,false,-1.071311951,0.547297359,0.706264973,-0.278527766,0.572734952,-0.168232426,0.752392769
3766,77.140000,2,false,false,-1.072577119,0.544849277,0.701288342,-0.275619477,0.572689295,-0.167292625,0.753706872
3767,77.160000,2,false,false,-1.074250937,0.538159132,0.693554163,-0.274399996,0.572098076,-0.163750231,0.755376995
3768,77.180000,2,false,false,-1.074815512,0.534171402,0.683507919,-0.271036059,0.573482454,-0.158927992,0.756570816
3769,77.200000,2,false,false,-1.074342728,0.526237130,0.677703440,-0.265644312,0.577369213,-0.153009996,0.756746888
3770,77.220000,2,false,false,-1.075588226,0.523288667,0.670173347,-0.260930002,0.579664648,-0.147610381,0.757704258
3771,77.240000,2,false,false,-1.076071262,0.517778516,0.666297495,-0.259965271,0.578715324,-0.140484720,0.760112345
3772,77.260000,2,false,false,-1.077665567,0.511685133,0.656016350,-0.258878857,0.576337993,-0.134109154,0.763433695
3773,77.280000,2,false,false,-1.078054786,0.506431520,0.650514960,-0.257370710,0.577058315,-0.127750531,0.764489353
3774,77.300000,2,false,false,-1.078238130,0.500832081,0.646731973,-0.254706085,0.578362048,-0.121594153,0.765399992
3775,77.320000,2,false,false,-1.079476357,0.497012973,0.636635244,-0.252028495,0.578514040,-0.117096230,0.766871333
3776,77.340000,2,false,false,-1.078083515,0.490957558,0.629578769,-0.251834750,0.578040242,-0.112321064,0.768005669
3777,77.360000,2,false,false,-1.082064867,0.487093449,0.640776098,-0.251304805,0.576997995,-0.104900867,0.770009756
3778,77.380000,2,false,false,-1.085266948,0.474227399,0.642410934,-0.246210918,0.571475446,-0.091014110,0.777504027
3779,77.400000,2,false,false,-1.085568547,0.467172444,0.632503748,-0.236074224,0.565619886,-0.080919929,0.785999477
3780,77.420000,2,false,false,-1.086820841,0.460219920,0.622007191,-0.227145374,0.561745346,-0.078112617,0.791672707
3781,77.440000,2,false,false,-1.088622451,0.458825946,0.617901564,-0.219370946,0.559343874,-0.079569817,0.795411527
3782,77.460000,2,false,false,-1.069206953,0.411888480,0.623590171,-0.219572619,0.555547297,-0.072436646,0.798691511
3783,77.480000,2,false,false,-1.072087407,0.407317936,0.616689146,-0.212170437,0.555304527,-0.072054163,0.800892532
3784,77.500000,2,false,false,-1.072696209,0.403904676,0.612335086,-0.210167140,0.555848062,-0.068827644,0.801327407
3785,77.520000,2,false,false,-1.072231054,0.398571908,0.605954885,-0.213863313,0.556194544,-0.063123330,0.800578356
3786,77.540000,2,false,false,-1.071151257,0.395166695,0.599568427,-0.220246464,0.557457685,-0.055735074,0.798514962
3787,77.560000,2,false,true,-1.083397150,0.445668042,0.559258342,-0.209412113,0.558448374,-0.057122290,0.800636649
3788,77.580000,2,false,false,-1.084163666,0.442575365,0.559881985,-0.208870336,0.561573029,-0.056142181,0.798659503
3789,77.600000,2,false,false,-1.083467484,0.437194347,0.557086468,-0.208923921,0.561863482,-0.054116827,0.798581064
3790,77.620000,2,false,false,-1.084830284,0.434482336,0.554248631,-0.210468709,0.561747551,-0.049858212,0.798534214
3791,77.640000,2,false,false,-1.076787472,0.396914780,0.571885705,-0.221181691,0.562246680,-0.047073722,0.795450449
3792,77.660000,2,false,false,-1.076145411,0.393394977,0.568526983,-0.222842231,0.563704729,-0.045741081,0.794031620
3793,77.680000,2,false,false,-1.084618092,0.425102383,0.551756561,-0.216436177,0.565334439,-0.044776287,0.794699669
3794,77.700000,2,false,false,-1.076252222,0.387144327,0.561371803,-0.225584775,0.562488794,-0.040706996,0.794393420
3795,77.720000,2,false,false,-1.075226068,0.387362838,0.557877243,-0.229501113,0.560951889,-0.038244180,0.794480801
3796,77.740000,2,false,false,-1.085033417,0.418069750,0.546126962,-0.227022484,0.562313855,-0.038461775,0.794219494
3797,77.760000,2,false,false,-1.073965788,0.380602270,0.557170987,-0.233521432,0.560739994,-0.038851298,0.793428719
3798,77.780000,2,false,false,-1.073413491,0.377589166,0.552686334,-0.234619290,0.560695112,-0.040682178,0.793044686
3799,77.800000,2,false,false,-1.085746527,0.416935205,0.538100958,-0.233270884,0.564000130,-0.043581955,0.790941954
3800,77.820000,2,false,false,-1.084281921,0.415708721,0.533086121,-0.239964008,0.565566421,-0.043532379,0.787817776
3801,77.840000,2,false,false,-1.084442854,0.413480103,0.533572316,-0.244208157,0.566478729,-0.043510702,0.785856843
3802,77.860000,2,false,false,-1.072026014,0.375556231,0.540209889,-0.252637625,0.565186918,-0.042681649,0.784166038
3803,77.880000,2,false,false,-1.084111929,0.411870062,0.526994765,-0.247688189,0.568470478,-0.043980747,0.783299208
3804,77.900000,2,false,false,-1.083791494,0.408818245,0.525995612,-0.251533687,0.570688426,-0.045666289,0.780358970
3805,77.920000,2,false,false,-1.082001328,0.408107460,0.519359291,-0.254587203,0.572380364,-0.048560631,0.777951181
3806,77.940000,2,false,false,-1.079929352,0.404704392,0.519606590,-0.258691192,0.575825572,-0.049200870,0.774004579
3807,77.960000,2,false,false,-1.082610846,0.405242503,0.517426908,-0.262277335,0.578064024,-0.049397912,0.771111250
3808,77.980000,2,false,false,-1.086620927,0.428270221,0.493977010,-0.267748594,0.576165617,-0.045595393,0.770885825
3809,78.000000,2,false,false,-1.088153124,0.427028865,0.490312099,-0.296131343,0.571347237,-0.036400873,0.764554560
3810,78.020000,2,false,false,-1.087641954,0.428214639,0.487676263,-0.315955758,0.569501102,-0.037373800,0.757920623
3811,78.040000,2,false,false,-1.087832928,0.426639825,0.477347434,-0.323841721,0.570460618,-0.043211471,0.753547609
3812,78.060000,2,false,false,-1.088751912,0.424533546,0.480065286,-0.328954101,0.570235014,-0.049089286,0.751140118
3813,78.080000,2,false,false,-1.088226676,0.425474614,0.468602240,-0.322014391,0.570712924,-0.059041720,0.753065526
3814,78.100000,2,false,false,-1.094456673,0.352099866,0.512646377,-0.340731949,0.570571840,-0.050724790,0.745504260
3815,78.120000,2,false,false,-1.095776320,0.350281388,0.513204873,-0.326184839,0.575166404,-0.062748924,0.747562528
3816,78.140000,2,false,false,-1.046638012,0.376055241,0.512497783,-0.298192084,0.586624384,-0.071202300,0.749589026
3817,78.160000,2,false,false,-1.085104465,0.402705342,0.479678154,-0.296101540,0.585565686,-0.078625865,0.750503004
3818,78.180000,2,false,false,-1.087455034,0.407702953,0.473495543,-0.301520765,0.584349275,-0.072774373,0.749883354
3819,78.200000,2,false,false,-1.084584117,0.397010922,0.484371662,-0.308892727,0.583684504,-0.066380695,0.747991621
3820,78.220000,2,false,false,-1.086505413,0.391705155,0.481453001,-0.312200218,0.582392812,-0.065247267,0.747724891
3821,78.240000,2,false,false,-1.087792397,0.390913218,0.480676234,-0.312145680,0.582695782,-0.070146821,0.747067809
3822,78.260000,2,false,false,-1.089903951,0.388050407,0.476396143,-0.307556093,0.583032548,-0.074565925,0.748279572
3823,78.280000,2,false,false,-1.090981245,0.385984331,0.474788070,-0.305084229,0.583575666,-0.078663163,0.748448610
3824,78.300000,2,false,false,-1.094194531,0.362688661,0.455234289,-0.306786329,0.580468178,-0.075245425,0.750517786
3825,78.320000,2,false,false,-1.095679045,0.370492935,0.467654288,-0.309118032,0.586147130,-0.074262626,0.745226562
3826,78.340000,2,false,false,-1.096939087,0.366135061,0.465815246,-0.315457433,0.589941323,-0.073991217,0.739581823
3827,78.360000,2,false,false,-1.097993731,0.361096948,0.462705672,-0.321929574,0.594641268,-0.075226352,0.732873917
3828,78.380000,2,false,false,-1.099567890,0.358130097,0.459223509,-0.327532500,0.599685788,-0.078310445,0.725924850
3829,78.400000,2,false,false,-1.102073669,0.353737473,0.456704617,-0.333428383,0.603983760,-0.082555793,0.719175696
3830,78.420000,2,false,false,-1.103897333,0.350287586,0.452687800,-0.339390308,0.606728256,-0.087420307,0.713479400
3831,78.440000,2,false,false,-1.105334520,0.341301471,0.445854306,-0.341855705,0.609861255,-0.087500900,0.709610879
3832,78.460000,2,false,false,-1.106567264,0.338981509,0.443490267,-0.347682595,0.614038527,-0.087693639,0.703123987
3833,78.480000,2,false,false,-1.108224869,0.335226059,0.441779077,-0.352755398,0.617534578,-0.086523131,0.697659314
3834,78.500000,2,false,false,-1.109524012,0.330796689,0.439046443,-0.354124367,0.620476723,-0.086094417,0.694400787
3835,78.520000,2,false,false,-1.112492204,0.326344103,0.438529164,-0.353011012,0.623255134,-0.088727511,0.692144334
3836,78.540000,2,false,false,-1.106688261,0.310587674,0.441770345,-0.355336100,0.624798357,-0.091002464,0.689261794
3837,78.560000,2,false,false,-1.108372211,0.308319330,0.438927442,-0.352463156,0.627923250,-0.093814105,0.687518060
3838,78.580000,2,false,false,-1.108821869,0.304954261,0.434654593,-0.351784647,0.630553722,-0.096425146,0.685092568
3839,78.600000,2,false,false,-1.110430002,0.301735312,0.434307069,-0.351651192,0.633040428,-0.098430157,0.682578087
3840,78.620000,2,false,false,-1.111568689,0.300602913,0.427920192,-0.351965576,0.633156419,-0.100674324,0.681980848
3841,78.640000,2,false,false,-1.111816883,0.299268007,0.425342232,-0.352507412,0.634041190,-0.101405740,0.680769563
3842,78.660000,2,false,false,-1.112179875,0.298595726,0.421831846,-0.354086787,0.634971380,-0.102410436,0.678930044
3843,78.680000,2,false,false,-1.112640858,0.297110081,0.419285834,-0.356203526,0.635927022,-0.103256151,0.676796973
3844,78.700000,2,false,false,-1.113261819,0.295917362,0.415555000,-0.358494878,0.637610674,-0.103241980,0.673999369
3845,78.720000,2,false,false,-1.113633037,0.294092566,0.413044989,-0.359978616,0.639588535,-0.103412688,0.671303093
3846,78.740000,2,false,false,-1.113890529,0.291971326,0.410438657,-0.359807909,0.641646743,-0.105363213,0.669123530
3847,78.760000,2,false,false,-1.112938523,0.289604932,0.406951070,-0.357925117,0.643188238,-0.108289033,0.668185592
3848,78.780000,2,false,false,-1.114311576,0.287262142,0.404764235,-0.354538947,0.644846797,-0.109941147,0.668122530
3849,78.800000,2,false,false,-1.115325451,0.284154445,0.401261985,-0.352826357,0.646176815,-0.109975517,0.667738318
3850,78.820000,2,false,false,-1.115739942,0.281686366,0.399516523,-0.353844762,0.647617161,-0.109768040,0.665835559
3851,78.840000,2,false,false,-1.116516113,0.279736638,0.396944523,-0.354898483,0.648961067,-0.110362895,0.663864970
3852,78.860000,2,false,false,-1.117282629,0.278291285,0.394652128,-0.355283797,0.650567293,-0.111048497,0.661969781
3853,78.880000,2,false,false,-1.119496942,0.275850683,0.393548369,-0.355821729,0.652401328,-0.110771693,0.659918964
3854,78.900000,2,false,false,-1.121909380,0.277918041,0.391451955,-0.356511831,0.654475749,-0.111610681,0.657346129
3855,78.920000,2,false,false,-1.124021053,0.277126968,0.389781713,-0.357090861,0.656997979,-0.112387091,0.654376745
3856,78.940000,2,false,false,-1.123203278,0.274063319,0.386826456,-0.358600080,0.659240067,-0.111593187,0.651425838
3857,78.960000,2,false,false,-1.124129295,0.272974283,0.385119557,-0.360272437,0.661808252,-0.111831293,0.647848368
3858,78.980000,2,false,false,-1.125334501,0.270564467,0.382927656,-0.362200439,0.664171875,-0.111914337,0.644330442
3859,79.000000,2,false,false,-1.126070380,0.270405859,0.381583452,-0.363252401,0.665991008,-0.112900935,0.641682982
3860,79.020000,2,false,false,-1.127844095,0.268260896,0.381321669,-0.364945829,0.666447520,-0.113944530,0.640061677
3861,79.040000,2,false,false,-1.128394127,0.268978268,0.379566312,-0.364522934,0.666076481,-0.116729289,0.640187144
3862,79.060000,2,false,false,-1.129770756,0.267384499,0.378844500,-0.361068189,0.665196180,-0.118535414,0.642723322
3863,79.080000,2,false,false,-1.130892873,0.268417358,0.378208041,-0.359306693,0.664585769,-0.119384661,0.644183040
3864,79.100000,2,false,false,-1.131568432,0.269254893,0.378221273,-0.360592157,0.663061798,-0.120177433,0.644887447
3865,79.120000,2,false,false,-1.132027984,0.269018233,0.377739191,-0.362040997,0.662107944,-0.122128762,0.644689023
3866,79.140000,2,false,false,-1.132650971,0.269227415,0.378117085,-0.360299021,0.662031829,-0.125429302,0.645109355
3867,79.160000,2,false,false,-1.132254481,0.271074474,0.378472805,-0.355660141,0.662469685,-0.127962485,0.646734416
3868,79.180000,2,false,false,-1.132748723,0.271643549,0.379787028,-0.352105170,0.662848711,-0.127527669,0.648375154
3869,79.200000,2,false,false,-1.132632494,0.274824977,0.380945146,-0.349966913,0.662866056,-0.125034496,0.649998546
3870,79.220000,2,false,false,-1.131107092,0.276994586,0.383351803,-0.348473638,0.663452387,-0.121607512,0.650852382
3871,79.240000,2,false,false,-1.129740477,0.281081170,0.385127306,-0.346772701,0.665456116,-0.120489329,0.649922550
3872,79.260000,2,false,false,-1.128016710,0.285526782,0.385300994,-0.346549749,0.667167664,-0.120658331,0.648253262
3873,79.280000,2,false,false,-1.126410961,0.291409701,0.386029541,-0.348039985,0.668543994,-0.121020794,0.645965278
3874,79.300000,2,false,false,-1.124176741,0.294856876,0.390314996,-0.349821270,0.669757962,-0.120171383,0.643900812
3875,79.320000,2,false,false,-1.121867180,0.299855053,0.393431604,-0.349730909,0.670513451,-0.119316190,0.643322468
3876,79.340000,2,false,false,-1.119491935,0.305153131,0.397610784,-0.350467831,0.668770254,-0.119304806,0.644736409
3877,79.360000,2,false,false,-1.118494153,0.308830053,0.402586937,-0.354058951,0.664969802,-0.119083568,0.646743059
3878,79.380000,2,false,false,-1.116047263,0.314034939,0.407662392,-0.355850756,0.662957668,-0.120205544,0.647617221
3879,79.400000,2,false,false,-1.115052581,0.317350596,0.423203647,-0.355904877,0.663003087,-0.122077495,0.647190630
3880,79.420000,2,false,false,-1.113959908,0.322041929,0.428603411,-0.355897218,0.660373390,-0.124716021,0.649376750
3881,79.440000,2,false,false,-1.112514496,0.327039808,0.435176253,-0.356217444,0.658967376,-0.125832021,0.650413334
3882,79.460000,2,false,false,-1.112476587,0.330823839,0.441192329,-0.356891960,0.657007992,-0.126544505,0.651885927
3883,79.480000,2,false,false,-1.111330152,0.334844321,0.448673129,-0.355080903,0.654599071,-0.129005224,0.654809415
3884,79.500000,2,false,false,-1.110928297,0.338785619,0.454656184,-0.352089733,0.651341379,-0.131954655,0.659071565
3885,79.520000,2,false,false,-1.110230207,0.342885196,0.462802827,-0.353132844,0.646191239,-0.132948712,0.663369298
3886,79.540000,2,false,false,-1.110280752,0.346922994,0.469682038,-0.356311440,0.641631722,-0.134342059,0.665810108
3887,79.560000,2,false,false,-1.109836340,0.351085871,0.477435291,-0.356827080,0.639923573,-0.137762129,0.666478693
3888,79.580000,2,false,false,-1.109778643,0.353606850,0.485313892,-0.353622407,0.640608728,-0.141981378,0.666643023
3889,79.600000,2,false,false,-1.108378649,0.357414365,0.493225873,-0.351363808,0.639184892,-0.143960074,0.668776274
3890,79.620000,2,false,false,-1.108551383,0.361488461,0.502469480,-0.350551158,0.634584308,-0.143899679,0.673579693
3891,79.640000,2,false,false,-1.107878685,0.366027355,0.510982692,-0.349056423,0.632604897,-0.146285668,0.675700486
3892,79.660000,2,false,false,-1.109536529,0.361144841,0.504453719,-0.345673323,0.632792652,-0.150644928,0.676305771
3893,79.680000,2,false,false,-1.109371185,0.364087880,0.514262080,-0.339336514,0.635713160,-0.155241519,0.675736368
3894,79.700000,2,false,false,-1.110519767,0.366452962,0.523990929,-0.334927917,0.635620832,-0.157827124,0.677421629
3895,79.720000,2,false,false,-1.110177755,0.370319486,0.533300638,-0.332668722,0.635416031,-0.162179485,0.677698910
3896,79.740000,2,false,false,-1.109686732,0.374670655,0.541825354,-0.328887880,0.638599634,-0.170834467,0.674417496
3897,79.760000,2,false,false,-1.109416246,0.375683755,0.549102902,-0.322937191,0.641057611,-0.181074619,0.672286212
3898,79.780000,2,false,false,-1.108208418,0.377520382,0.561059296,-0.317604303,0.641580403,-0.190716207,0.671661675
3899,79.800000,2,false,false,-1.108653545,0.377726197,0.575672865,-0.312476009,0.640475392,-0.197250798,0.673232615
3900,79.820000,2,false,false,-1.108190298,0.381451190,0.587347507,-0.307793140,0.637002826,-0.201134264,0.677521825
3901,79.840000,2,false,false,-1.108875155,0.382418305,0.599820435,-0.304652631,0.633357704,-0.202804312,0.681846976
3902,79.860000,2,false,false,-1.109682798,0.383929908,0.612825990,-0.304627359,0.629561663,-0.205738798,0.684489489
3903,79.880000,2,false,false,-1.108823061,0.384433091,0.624019742,-0.305849165,0.626307487,-0.210271105,0.685551822
3904,79.900000,2,false,false,-1.109612942,0.388757557,0.634339035,-0.303749949,0.626169622,-0.216400564,0.684703171
3905,79.920000,2,false,false,-1.109036207,0.391883761,0.644278228,-0.299734503,0.628168285,-0.219161555,0.683763266
3906,79.940000,2,false,false,-1.109578848,0.397260368,0.657933652,-0.295942098,0.627924562,-0.218352079,0.685894549
3907,79.960000,2,false,false,-1.112509012,0.401031256,0.670181215,-0.293599159,0.625115931,-0.216498733,0.690042019
3908,79.980000,2,false,false,-1.111114025,0.404027373,0.680184662,-0.292128503,0.622373879,-0.216320634,0.693193495
3909,80.000000,2,false,false,-1.110107303,0.407462895,0.689256847,-0.289593637,0.621312499,-0.218617365,0.694487453
3910,80.020000,2,false,false,-1.110664606,0.409676790,0.699585617,-0.286262095,0.622162044,-0.222220048,0.693964422
3911,80.040000,2,false,false,-1.112070203,0.415128857,0.707576156,-0.280754089,0.623916209,-0.225440651,0.693600953
3912,80.060000,2,false,false,-1.112347722,0.422687590,0.716688156,-0.277440280,0.625616550,-0.227502182,0.692729115
3913,80.080000,2,false,false,-1.111662865,0.427724481,0.727711141,-0.278407693,0.625639319,-0.228959560,0.691839755
3914,80.100000,2,false,false,-1.111662984,0.431444645,0.736027539,-0.278756261,0.625379622,-0.232738495,0.690672219
3915,80.120000,2,false,false,-1.111046314,0.439374208,0.744184971,-0.275694937,0.628477037,-0.238344401,0.687168717
3916,80.140000,2,false,false,-1.109404802,0.444316328,0.756759226,-0.270641476,0.634152591,-0.242618337,0.682451487
3917,80.160000,2,false,false,-1.109189272,0.453357518,0.768096268,-0.265416950,0.638708830,-0.245865747,0.679083943
3918,80.180000,2,false,false,-1.108321428,0.458676040,0.774766505,-0.263969392,0.639547706,-0.248189256,0.678012609
3919,80.200000,2,false,false,-1.107810974,0.462775707,0.786013663,-0.263933450,0.641684771,-0.251277000,0.674862683
3920,80.220000,2,false,false,-1.106042027,0.473006576,0.794826508,-0.260905892,0.646657765,-0.256781489,0.669197440
3921,80.240000,2,false,false,-1.103857160,0.478066146,0.807074726,-0.256478637,0.652500391,-0.260829091,0.663649201
3922,80.260000,2,false,true,-1.105802059,0.477931499,0.799958348,-0.252480567,0.652778327,-0.263792336,0.663737714
3923,80.280000,2,false,false,-1.103421211,0.485098749,0.809619963,-0.251533508,0.652454853,-0.266844928,0.663194895
3924,80.300000,2,false,false,-1.100340605,0.493590534,0.819788039,-0.249384329,0.654669881,-0.269894838,0.660584331
3925,80.320000,2,false,false,-1.099546432,0.494725287,0.826652944,-0.246179610,0.658251405,-0.272876501,0.656992555
3926,80.340000,2,false,false,-1.095444918,0.502363920,0.839307964,-0.242323965,0.661309540,-0.277426332,0.653439760
3927,80.360000,2,false,false,-1.097005010,0.510910690,0.851098061,-0.239593148,0.661204755,-0.282198340,0.652508736
3928,80.380000,2,false,false,-1.092118740,0.514860272,0.864881694,-0.240785182,0.659053922,-0.287066579,0.652122080
3929,80.400000,2,false,false,-1.090639830,0.523136139,0.875304163,-0.239661664,0.656589091,-0.292157590,0.652761102
3930,80.420000,2,false,false,-1.088326693,0.525045037,0.884130001,-0.237121388,0.654382706,-0.296220630,0.654071987
3931,80.440000,2,false,true,-1.084617615,0.540140986,0.879871964,-0.230589956,0.652483761,-0.300977737,0.656129301
3932,80.460000,2,false,false,-1.081207991,0.549908876,0.891104877,-0.225717947,0.648552537,-0.306529343,0.659144044
3933,80.480000,2,false,false,-1.076928496,0.557010889,0.903644204,-0.224579245,0.643078208,-0.310081154,0.663222730
3934,80.500000,2,false,false,-1.075042009,0.557982266,0.915414453,-0.222052112,0.636104465,-0.313843071,0.669004202
3935,80.520000,2,false,false,-1.072623372,0.565506935,0.925166190,-0.218354896,0.630850852,-0.320484281,0.672040403
3936,80.540000,2,false,false,-1.069816470,0.571206570,0.936076939,-0.217728317,0.626123250,-0.328202277,0.672939420
3937,80.560000,2,false,false,-1.066953421,0.576615989,0.956704259,-0.217958182,0.623353422,-0.332490802,0.673330963
3938,80.580000,2,false,false,-1.060155749,0.584391177,0.965965986,-0.217670441,0.619119406,-0.336221159,0.675474763
3939,80.600000,2,false,false,-1.059132338,0.588909507,0.976503074,-0.218471602,0.616387844,-0.338047147,0.676801562
3940,80.620000,2,false,false,-1.053533792,0.596872151,0.991859615,-0.216503054,0.614266217,-0.341941297,0.677406669
3941,80.640000,2,false,false,-1.052771091,0.602977753,1.004648328,-0.215175822,0.610704005,-0.347476840,0.678232908
3942,80.660000,2,false,false,-1.046746135,0.616106987,1.009681463,-0.216328695,0.604004979,-0.355705708,0.679597974
3943,80.680000,2,false,true,-1.042199731,0.615201712,1.021343112,-0.217953980,0.601800740,-0.359072000,0.679263830
3944,80.700000,2,false,false,-1.039600253,0.618206620,1.030586720,-0.216274485,0.600681305,-0.359917939,0.680342913
3945,80.720000,2,false,false,-1.039720416,0.618800223,1.035616755,-0.214980587,0.597794294,-0.360458225,0.683004677
3946,80.740000,2,false,false,-1.034134626,0.632033348,1.049416542,-0.214757890,0.595017076,-0.363031030,0.684136212
3947,80.760000,2,false,false,-1.030138254,0.635205388,1.060187101,-0.214999989,0.591668963,-0.364837795,0.686000168
3948,80.780000,2,false,false,-1.029122114,0.630533218,1.067483902,-0.215324283,0.588658631,-0.365423590,0.688173115
3949,80.800000,2,false,false,-1.022076726,0.650584638,1.070236921,-0.213539168,0.584965289,-0.370433003,0.689199686
3950,80.820000,2,false,false,-1.012678862,0.657800555,1.072654247,-0.217272639,0.583561957,-0.372669876,0.688015461
3951,80.840000,2,false,false,-1.008505106,0.659810185,1.073604345,-0.224425137,0.583645046,-0.371866494,0.686081052
3952,80.860000,2,false,false,-1.010901332,0.664123774,1.084729433,-0.227334857,0.583810091,-0.368481368,0.686808705
3953,80.880000,2,false,false,-1.005600214,0.670482993,1.094700336,-0.225508302,0.581736863,-0.365082771,0.690972447
3954,80.900000,2,false,false,-1.000249267,0.674307823,1.103548527,-0.223746538,0.580260575,-0.361843944,0.694481194
3955,80.920000,2,false,false,-0.994698524,0.676100731,1.104441404,-0.220842659,0.580890059,-0.360591948,0.695534945
3956,80.940000,2,false,false,-0.997524023,0.671892524,1.101960182,-0.222500995,0.581680417,-0.361764014,0.693734884
3957,80.960000,2,false,false,-0.990087390,0.680428505,1.103305817,-0.221010029,0.582280755,-0.362896353,0.693116188
3958,80.980000,2,false,false,-0.989235163,0.682053924,1.110160351,-0.221882448,0.583647072,-0.359521478,0.693446934
3959,81.000000,2,false,false,-0.986705422,0.683075845,1.110043526,-0.221711129,0.586285472,-0.355261177,0.693471789
3960,81.020000,2,false,false,-0.982519507,0.684322953,1.110739470,-0.220166996,0.592576444,-0.352225959,0.690156996
3961,81.040000,2,false,false,-0.979268789,0.685586989,1.111554861,-0.217421338,0.600772083,-0.350476593,0.684811711
3962,81.060000,2,false,false,-0.974486589,0.690324664,1.112977743,-0.213291451,0.609569132,-0.346498698,0.680346251
3963,81.080000,2,false,true,-0.970197320,0.696404457,1.077829242,-0.212668180,0.611729324,-0.345410496,0.679154694
3964,81.100000,2,false,false,-0.966764331,0.696468472,1.079357862,-0.208605945,0.622150540,-0.338283300,0.674519658
3965,81.120000,2,false,false,-0.964616179,0.695519984,1.080623627,-0.204107404,0.633110106,-0.329378128,0.670090973
3966,81.140000,2,false,false,-0.961611152,0.693360806,1.080086350,-0.200710475,0.643327057,-0.319359034,0.666224778
3967,81.160000,2,false,false,-0.957772493,0.694373727,1.081362009,-0.195906028,0.653434277,-0.311591506,0.661479652
3968,81.180000,2,false,false,-0.952942729,0.696603000,1.086830616,-0.191970631,0.663858116,-0.304078341,0.655725718
3969,81.200000,2,false,false,-0.950404286,0.696803391,1.090062857,-0.190854967,0.671780467,-0.297439069,0.651011109
3970,81.220000,2,false,false,-0.945742965,0.702617645,1.086192608,-0.190858752,0.676107466,-0.293026567,0.648526847
3971,81.240000,2,false,false,-0.942536950,0.700997472,1.089533091,-0.193249643,0.678184688,-0.287763774,0.648006380
3972,81.260000,2,false,false,-0.937749028,0.702843845,1.090739727,-0.193103969,0.678721189,-0.282948792,0.649606466
3973,81.280000,2,false,false,-0.933329701,0.702633142,1.090883255,-0.192310870,0.679294884,-0.278630853,0.651106656
3974,81.300000,2,false,false,-0.928403020,0.704845726,1.095001221,-0.192175075,0.680604339,-0.276127905,0.650845528
3975,81.320000,2,false,false,-0.922516108,0.708031714,1.094819069,-0.190392435,0.680802822,-0.275822341,0.651291311
3976,81.340000,2,false,false,-0.918395996,0.710570693,1.098082066,-0.188433319,0.679277420,-0.276239246,0.653274059
3977,81.360000,2,false,false,-0.911454320,0.711855590,1.100775719,-0.187658936,0.676291645,-0.275909722,0.656724930
3978,81.380000,2,false,false,-0.908311248,0.713442624,1.100141644,-0.187520057,0.674811542,-0.274716496,0.658784091
3979,81.400000,2,false,false,-0.897981763,0.715198696,1.104041338,-0.187175930,0.674512923,-0.273271531,0.659788013
3980,81.420000,2,false,false,-0.890407205,0.716447771,1.108098269,-0.186012432,0.672614753,-0.271591127,0.662742138
3981,81.440000,2,false,false,-0.882498503,0.713721991,1.115541458,-0.184654430,0.668924868,-0.267987400,0.668300092
3982,81.460000,2,false,false,-0.872549653,0.712982297,1.117251873,-0.183794111,0.664135218,-0.263719261,0.674978852
3983,81.480000,2,false,false,-0.863727212,0.710087478,1.121866941,-0.185655028,0.661476016,-0.260045618,0.678496957
3984,81.500000,2,false,false,-0.853381276,0.709558427,1.128176928,-0.188058421,0.659349620,-0.257894754,0.680722058
3985,81.520000,2,false,false,-0.844807386,0.706257582,1.132040262,-0.192519307,0.655657649,-0.255842388,0.683808565
3986,81.540000,2,false,false,-0.831611276,0.706997871,1.137380242,-0.194406316,0.652039230,-0.254922926,0.687070191
3987,81.560000,2,false,false,-0.820482969,0.705711365,1.141816378,-0.194145307,0.647371471,-0.254663050,0.691639066
3988,81.580000,2,false,true,-0.803205967,0.695794344,1.184229136,-0.194067433,0.648862600,-0.251285017,0.691499174
3989,81.600000,2,false,false,-0.791704655,0.692620873,1.189435959,-0.190883428,0.644258976,-0.251254082,0.696681678
3990,81.620000,2,false,false,-0.779197574,0.689612687,1.191699982,-0.187439859,0.640330851,-0.252364755,0.700824380
3991,81.640000,2,false,false,-0.764844298,0.685946226,1.192597628,-0.184556469,0.636190057,-0.255864859,0.704084098
3992,81.660000,2,false,false,-0.748914719,0.687634706,1.192932129,-0.182700336,0.631048143,-0.258328468,0.708283305
3993,81.680000,2,false,false,-0.734901309,0.685367227,1.196384549,-0.182659477,0.626054883,-0.257680476,0.712945700
3994,81.700000,2,false,false,-0.720913172,0.688936889,1.194580078,-0.181605771,0.620543778,-0.257836431,0.717958987
3995,81.720000,2,false,false,-0.706892967,0.686914802,1.193381429,-0.181168869,0.616243958,-0.256630152,0.722192585
3996,81.740000,2,false,false,-0.689679980,0.686829686,1.193012595,-0.179906681,0.614164412,-0.256662130,0.724265337
3997,81.760000,2,false,false,-0.674332976,0.682570517,1.194260359,-0.179986984,0.613073826,-0.256133109,0.725355864
3998,81.780000,2,false,false,-0.656624794,0.679381609,1.196433544,-0.177724034,0.612835765,-0.253866255,0.726910293
3999,81.800000,2,false,false,-0.640275359,0.677725732,1.193986654,-0.177267253,0.611682892,-0.253034383,0.728281498
4000,81.820000,2,false,false,-0.630969286,0.669286013,1.182595372,-0.176292181,0.609389961,-0.253183663,0.730385602
4001,81.840000,2,false,false,-0.616584063,0.662805080,1.184831142,-0.177472264,0.611210048,-0.256272614,0.727495909
4002,81.860000,2,false,false,-0.599632621,0.656487584,1.185387731,-0.179765642,0.611513495,-0.260000855,0.725351751
4003,81.880000,2,false,false,-0.584687114,0.647630930,1.188739061,-0.181121781,0.612715185,-0.260518104,0.723813057
4004,81.900000,2,false,false,-0.570758104,0.637302518,1.191757441,-0.180952355,0.615010321,-0.257977694,0.722818255
4005,81.920000,2,false,false,-0.558283925,0.626519382,1.195884347,-0.181928605,0.617295921,-0.255541831,0.721488893
4006,81.940000,2,false,false,-0.540755510,0.615565062,1.206098795,-0.183238894,0.621296227,-0.256830454,0.717253625
4007,81.960000,2,false,false,-0.528855324,0.602816701,1.212969065,-0.182672352,0.623480260,-0.257550806,0.715241849
4008,81.980000,2,false,true,-0.524778008,0.584657311,1.201996922,-0.183245912,0.621350765,-0.258014798,0.716779351
4009,82.000000,2,false,false,-0.515628815,0.568484306,1.206643581,-0.181979045,0.624409020,-0.259107143,0.714045227
4010,82.020000,2,false,false,-0.506869316,0.555541754,1.212250352,-0.177561432,0.627533138,-0.260214776,0.712012947
4011,82.040000,2,false,false,-0.500094652,0.541153312,1.222091436,-0.173040211,0.627922714,-0.263560414,0.711551964
4012,82.060000,2,false,false,-0.492394686,0.527981281,1.226480722,-0.168173060,0.626256287,-0.268556863,0.712318838
4013,82.080000,2,false,false,-0.487074733,0.513650835,1.232977152,-0.162915990,0.626238644,-0.272671312,0.711992919
4014,82.100000,2,false,false,-0.480714321,0.503046155,1.244343877,-0.159095570,0.628448367,-0.276147813,0.709565818
4015,82.120000,2,false,false,-0.483872175,0.480322212,1.251997113,-0.159202859,0.629104197,-0.276949972,0.708647370
4016,82.140000,2,false,false,-0.482269049,0.465275168,1.259360790,-0.156528071,0.629125357,-0.279974759,0.708035648
4017,82.160000,2,false,false,-0.479525089,0.452923298,1.265854001,-0.152812272,0.630559802,-0.282493889,0.706569135
4018,82.180000,2,false,false,-0.476294637,0.436235845,1.273341179,-0.149644598,0.632664263,-0.283912212,0.704795301
4019,82.200000,2,false,false,-0.476124763,0.425250083,1.278011322,-0.148922861,0.639142454,-0.285729676,0.698339105
4020,82.220000,2,false,false,-0.471727610,0.415125906,1.286558032,-0.148499280,0.647907019,-0.287546575,0.689551651
4021,82.240000,2,false,false,-0.466825008,0.402975887,1.295365691,-0.145822600,0.654627144,-0.287332326,0.683841586
4022,82.260000,2,false,false,-0.467538238,0.394885421,1.288927436,-0.143601611,0.658176780,-0.286362290,0.681306481
4023,82.280000,2,false,false,-0.465418577,0.381871134,1.294220924,-0.139121577,0.664327145,-0.282564998,0.677843392
4024,82.300000,2,false,false,-0.465279818,0.367499590,1.302850008,-0.135192513,0.670433462,-0.280740619,0.673369646
4025,82.320000,2,false,false,-0.464078903,0.355341047,1.308547497,-0.132976219,0.674029648,-0.281382442,0.669944286
4026,82.340000,2,false,false,-0.463009834,0.345125943,1.313218594,-0.129376158,0.676728845,-0.283335090,0.667099118
4027,82.360000,2,false,false,-0.464300036,0.334383875,1.316005707,-0.125974283,0.679199696,-0.285234898,0.664424062
4028,82.380000,2,false,false,-0.466587305,0.323637456,1.321747780,-0.123647109,0.681318223,-0.284545630,0.662986219
4029,82.400000,2,false,false,-0.465802073,0.313750923,1.330883145,-0.124041490,0.684876621,-0.283404112,0.659727216
4030,82.420000,2,false,true,-0.468828321,0.304792702,1.337971449,-0.122536749,0.687665045,-0.283772618,0.656943500
4031,82.440000,2,false,false,-0.469807625,0.295908898,1.341450095,-0.121350661,0.689736247,-0.284115672,0.654840708
4032,82.460000,2,false,false,-0.469828844,0.284892350,1.344440460,-0.115268305,0.691462874,-0.287364155,0.652697742
4033,82.480000,2,false,false,-0.470495582,0.276526541,1.348783493,-0.108990803,0.692621350,-0.293393016,0.649859488
4034,82.500000,2,false,false,-0.473764777,0.267588735,1.350806594,-0.108781695,0.693072438,-0.297075540,0.647737026
4035,82.520000,2,false,false,-0.471946478,0.263585031,1.350768447,-0.105815262,0.694987357,-0.299497128,0.645056009
4036,82.540000,2,false,false,-0.473967552,0.252068669,1.353956699,-0.103189886,0.697873235,-0.298274666,0.642928481
4037,82.560000,2,false,false,-0.478922606,0.251884878,1.352053761,-0.104097739,0.700988531,-0.296900004,0.640022755
4038,82.580000,2,false,false,-0.480774164,0.246734679,1.351080894,-0.104070388,0.703109086,-0.291881919,0.640009403
4039,82.600000,2,false,false,-0.481869578,0.243884295,1.347920656,-0.107320063,0.706204772,-0.281174093,0.640857577
4040,82.620000,2,false,false,-0.485195756,0.238153547,1.345963597,-0.117291734,0.711217701,-0.266131371,0.639989197
4041,82.640000,2,false,false,-0.482506514,0.241391093,1.341414332,-0.126027226,0.718609273,-0.256007403,0.634175241
4042,82.660000,2,false,false,-0.479527712,0.245440662,1.331776619,-0.137294978,0.726735711,-0.251097500,0.624464035
4043,82.680000,2,false,false,-0.477295160,0.249924719,1.328016281,-0.150340959,0.736330688,-0.243706331,0.613043249
4044,82.700000,2,false,false,-0.474349141,0.268668443,1.300721645,0.152103275,-0.740869403,0.238160968,-0.609308302
4045,82.720000,2,false,false,-0.473690271,0.274060965,1.292789102,0.165318444,-0.746683955,0.228787869,-0.602319777
4046,82.740000,2,false,false,-0.470991373,0.279197603,1.285676718,0.175857231,-0.750812829,0.220267370,-0.597358167
4047,82.760000,2,false,false,-0.470986009,0.287316382,1.270795107,0.178887427,-0.753723025,0.214031696,-0.595055819
4048,82.780000,2,false,false,-0.466883659,0.297898650,1.258257151,0.181663200,-0.757724166,0.206203967,-0.591888964
4049,82.800000,2,false,false,-0.466476321,0.307581097,1.244331360,0.191797420,-0.761321425,0.200973704,-0.585843921
4050,82.820000,2,false,true,-0.482234001,0.309427023,1.236077547,0.200027242,-0.767386377,0.193912357,-0.577499211
4051,82.840000,2,false,false,-0.479754925,0.317910194,1.226346254,0.206474394,-0.772162914,0.186921492,-0.571133196
4052,82.860000,2,false,false,-0.480114460,0.328481168,1.212848783,0.213504553,-0.775166273,0.175946146,-0.567957759
4053,82.880000,2,false,false,-0.475842476,0.336641371,1.196329594,0.224392250,-0.778553605,0.166849315,-0.561839581
4054,82.900000,2,false,false,-0.477462888,0.344803691,1.183981657,0.233880177,-0.782650650,0.160044119,-0.554205716
4055,82.920000,2,false,false,-0.468656659,0.354582548,1.171512246,0.239042670,-0.787152052,0.149012581,-0.548676252
4056,82.940000,2,false,false,-0.469973922,0.367706269,1.164166331,-0.244697571,0.790028214,-0.138118282,0.544887125
4057,82.960000,2,false,false,-0.455125690,0.389494598,1.146935940,0.253935695,-0.793462634,0.130298585,-0.537546396
4058,82.980000,2,false,false,-0.452722430,0.399588138,1.134227753,0.261813670,-0.795595109,0.123114169,-0.532282829
4059,83.000000,2,false,false,-0.448947787,0.411321521,1.123311281,0.265913993,-0.798622310,0.113849267,-0.527760029
4060,83.020000,2,false,false,-0.449326158,0.417656332,1.111766100,0.269911140,-0.800576150,0.103530563,-0.524887860
4061,83.040000,2,false,false,-0.449910641,0.428284436,1.101003647,0.275172055,-0.802488923,0.097319640,-0.520404458
4062,83.060000,2,false,false,-0.450908303,0.436267793,1.089705467,0.282544196,-0.802909315,0.091506965,-0.516848087
4063,83.080000,2,false,true,-0.441164136,0.443631858,1.091089010,0.290113181,-0.804917932,0.083925873,-0.510781765
4064,83.100000,2,false,false,-0.444278955,0.450636387,1.085439086,0.293362677,-0.805963099,0.076904520,-0.508377492
4065,83.120000,2,false,false,-0.442241788,0.458464235,1.078915954,0.298945844,-0.807158887,0.071748637,-0.503962457
4066,83.140000,2,false,false,-0.442050219,0.470921218,1.069987655,0.303953648,-0.807753265,0.069721006,-0.500285864
4067,83.160000,2,false,false,-0.438034177,0.475775123,1.065661430,0.308168918,-0.807838261,0.064643003,-0.498247534
4068,83.180000,2,false,false,-0.449149728,0.483694673,1.053757191,-0.307969660,0.806967854,-0.060719278,0.500270784
4069,83.200000,2,false,false,-0.449363112,0.489770830,1.047301769,-0.310735583,0.806936562,-0.056708246,0.499080122
4070,83.220000,2,false,false,-0.450649023,0.497582734,1.042502642,-0.313784391,0.806836903,-0.053932764,0.497639418
4071,83.240000,2,false,false,-0.447229505,0.506966949,1.038846970,-0.314446211,0.807987154,-0.049606577,0.495802045
4072,83.260000,2,false,false,-0.449149132,0.510648370,1.033012271,-0.316640854,0.808072090,-0.043819040,0.494811147
4073,83.280000,2,false,false,-0.449025512,0.513122141,1.027417541,-0.318085432,0.808576047,-0.039248116,0.493443131
4074,83.300000,2,false,false,-0.449900746,0.522604167,1.023126006,-0.318521589,0.809353828,-0.039263681,0.491882920
4075,83.320000,2,false,false,-0.450909138,0.528939962,1.017453671,-0.318486452,0.809776545,-0.040381469,0.491118848
4076,83.340000,2,false,false,-0.453960776,0.533119977,1.010347366,-0.315055460,0.810900867,-0.041984711,0.491342247
4077,83.360000,2,false,false,-0.457919359,0.537121713,1.002224445,-0.310358256,0.811682284,-0.044000536,0.492862642
4078,83.380000,2,false,false,-0.454034925,0.544963956,0.997259855,-0.304740518,0.813620687,-0.045692913,0.493018180
4079,83.400000,2,false,false,-0.459125161,0.545078695,0.988993227,-0.298656315,0.814038455,-0.048152901,0.495809644
4080,83.420000,2,false,false,-0.461698174,0.549591362,0.982626557,-0.291975975,0.814960837,-0.051465806,0.497935951
4081,83.440000,2,false,false,-0.464000702,0.551896214,0.975468934,-0.288048893,0.815772831,-0.053568825,0.498671204
4082,83.460000,2,false,false,-0.464603901,0.553663194,0.969816327,-0.284607619,0.816163063,-0.058358312,0.499470353
4083,83.480000,2,false,false,-0.466497779,0.557827592,0.962537467,-0.278748691,0.815763474,-0.065259025,0.502563894
4084,83.500000,2,false,false,-0.466335058,0.564249992,0.955540895,-0.269041061,0.816695571,-0.071122698,0.505536258
4085,83.520000,2,false,false,-0.471277952,0.563927472,0.948700011,-0.259426445,0.815808535,-0.079118460,0.510778546
4086,83.540000,2,false,false,-0.474702358,0.569846153,0.936482370,-0.249454036,0.813706160,-0.093640082,0.516610742
4087,83.560000,2,false,false,-0.476596236,0.574987292,0.931838393,-0.239394993,0.811941326,-0.107358679,0.521455228
4088,83.580000,2,false,true,-0.458043933,0.532424092,0.943640590,0.242997169,-0.811920345,0.105672866,-0.520164371
4089,83.600000,2,false,false,-0.457710147,0.535899878,0.936731577,0.233404890,-0.812063694,0.117917247,-0.521699369
4090,83.620000,2,false,false,-0.462973237,0.542068005,0.928188920,0.226764813,-0.810918510,0.129299477,-0.523708522
4091,83.640000,2,false,false,-0.465834498,0.548324525,0.918903947,0.218561649,-0.811285853,0.137829766,-0.524451315
4092,83.660000,2,false,false,-0.466450572,0.553318977,0.910100222,0.211680204,-0.811389744,0.142095998,-0.525972426
4093,83.680000,2,false,false,-0.473553061,0.571198523,0.892828465,-0.206865788,0.811206222,-0.146849930,0.526864529
4094,83.700000,2,false,false,-0.476277530,0.573252738,0.883370280,-0.207029998,0.813302040,-0.144447505,0.524226367
4095,83.720000,2,false,false,-0.488840342,0.608975828,0.856391430,0.201134682,-0.813025415,0.150683969,-0.525194108
4096,83.740000,2,false,false,-0.489433050,0.617345393,0.846665680,0.201888829,-0.811769962,0.152837649,-0.526223481
4097,83.760000,2,false,false,-0.487463474,0.623489559,0.838493943,0.194796652,-0.807831347,0.162957713,-0.531890690
4098,83.780000,2,false,false,-0.491979122,0.628154159,0.830757380,0.183915004,-0.803373039,0.176382676,-0.538197219
4099,83.800000,2,false,false,-0.491820872,0.639293671,0.828364074,0.175311595,-0.798669815,0.191559881,-0.542860270
4100,83.820000,2,false,false,-0.513810873,0.676478624,0.793792605,-0.180627435,0.793869257,-0.196306050,0.546451509
4101,83.840000,2,false,false,-0.475671768,0.647198021,0.838134825,0.176763415,-0.791218877,0.200555265,-0.550004661
4102,83.860000,2,false,false,-0.475288987,0.651651621,0.832714736,0.168821290,-0.785457730,0.213543713,-0.555836856
4103,83.880000,2,false,false,-0.470608950,0.659298182,0.833555400,0.153541163,-0.776949346,0.236524835,-0.562877357
4104,83.900000,2,false,false,-0.477442265,0.659736633,0.820963800,0.130548030,-0.761599243,0.268952310,-0.574968338
4105,83.920000,2,false,false,-0.472463965,0.662822366,0.833133817,0.105253123,-0.747959673,0.299892843,-0.582702816
4106,83.940000,2,false,false,-0.474378824,0.664079249,0.828357816,0.086208016,-0.733647585,0.318073750,-0.594271481
4107,83.960000,2,false,false,-0.475872636,0.668512404,0.825681031,-0.064167239,0.724552274,-0.315629989,0.609331012
4108,83.980000,2,false,true,-0.462648034,0.654678464,0.868792534,-0.064994290,0.722067416,-0.317874610,0.611023962
4109,84.000000,2,false,false,-0.457442164,0.656340480,0.871304750,-0.052939385,0.714456856,-0.321782291,0.619035542
4110,84.020000,2,false,false,-0.462953448,0.651863337,0.875578225,-0.038953044,0.703241885,-0.329269648,0.628899872
4111,84.040000,2,false,false,-0.459165931,0.648490071,0.881158650,-0.021388808,0.692101717,-0.338759124,0.637008667
4112,84.060000,2,false,false,-0.454046607,0.646270275,0.888465762,-0.004501080,0.682625055,-0.345046967,0.644162655
4113,84.080000,2,false,false,-0.456926107,0.645895839,0.889740288,0.007953470,0.673242390,-0.351693839,0.650379121
4114,84.100000,2,false,false,-0.455963254,0.638990641,0.895791888,0.014696479,0.667264402,-0.354779631,0.654731810
4115,84.120000,2,false,false,-0.438492894,0.640498817,0.895067096,0.025277939,0.661944568,-0.354659855,0.659853697
4116,84.140000,2,false,false,-0.442069411,0.644522429,0.882370472,0.033002548,0.653606296,-0.355767965,0.667187214
4117,84.160000,2,false,false,-0.443124413,0.640582144,0.886844695,0.038057450,0.648192883,-0.359398365,0.670246601
4118,84.180000,2,false,false,-0.439588547,0.636369467,0.893019497,0.047519714,0.640018821,-0.366444141,0.673673868
4119,84.200000,2,false,false,-0.438334465,0.633452773,0.899181962,0.060148105,0.628737867,-0.374499649,0.678837955
4120,84.220000,2,false,false,-0.434967637,0.627624631,0.904987335,0.068797126,0.618101656,-0.379913241,0.684750497
4121,84.240000,2,false,false,-0.440578580,0.625162244,0.907536745,0.070771948,0.610162795,-0.383142501,0.689851165
4122,84.260000,2,false,false,-0.439066410,0.617090166,0.917700231,0.072593227,0.604868829,-0.387490511,0.691892326
4123,84.280000,2,false,false,-0.447226405,0.602859378,0.931582332,0.079017043,0.597392857,-0.393041015,0.694548011
4124,84.300000,2,false,false,-0.448168039,0.596963763,0.936570525,0.085949540,0.587572873,-0.399848640,0.698206186
4125,84.320000,2,false,false,-0.445878148,0.594694853,0.940661430,0.089183368,0.580718219,-0.403870076,0.701214492
4126,84.340000,2,false,false,-0.445603251,0.588293076,0.945194125,0.085680962,0.578406692,-0.404206663,0.703364491
4127,84.360000,2,false,false,-0.439467549,0.589383960,0.947809756,0.088157438,0.573552787,-0.408119798,0.704772115
4128,84.380000,2,false,false,-0.437780857,0.581766546,0.953314781,0.092108890,0.566279829,-0.414892554,0.706192195
4129,84.400000,2,false,false,-0.424126625,0.566956401,0.971417546,0.101287887,0.561950445,-0.419383287,0.705740929
4130,84.420000,2,false,true,-0.422963738,0.588875771,0.937116921,0.107101634,0.553122520,-0.424133956,0.709009945
4131,84.440000,2,false,false,-0.418039680,0.589043617,0.941304088,0.104591735,0.553265512,-0.425540090,0.708430350
4132,84.460000,2,false,false,-0.413694382,0.583717287,0.946731329,0.103090547,0.553004682,-0.428049058,0.707341611
4133,84.480000,2,false,false,-0.411927223,0.578866959,0.948362470,0.105359741,0.549530745,-0.431629121,0.707539082
4134,84.500000,2,false,false,-0.408596039,0.573913276,0.954566419,0.107304215,0.545396090,-0.436044633,0.707738698
4135,84.520000,2,false,false,-0.405922174,0.571548164,0.959257543,0.107630827,0.542918742,-0.439058214,0.707730711
4136,84.540000,2,false,false,-0.409054041,0.563382745,0.968935370,0.101112634,0.544718385,-0.439243197,0.707194209
4137,84.560000,2,false,false,-0.416781902,0.543575585,0.981671751,0.100714922,0.543453395,-0.441734493,0.706672192
4138,84.580000,2,false,false,-0.416597247,0.542552829,0.980835795,0.108309180,0.535224617,-0.449575841,0.706884205
4139,84.600000,2,false,false,-0.410895109,0.543193996,0.983747363,0.116728686,0.528587401,-0.456193775,0.706298172
4140,84.620000,2,false,false,-0.406419039,0.541123867,0.989715099,0.113926075,0.526796520,-0.458150357,0.706827104
4141,84.640000,2,false,false,-0.403967261,0.538008869,0.993261456,0.105824001,0.530848026,-0.455199599,0.706961870
4142,84.660000,2,false,false,-0.401822686,0.536197901,0.993858576,0.095584802,0.538524449,-0.450245112,0.705786347
4143,84.680000,2,false,false,-0.408966780,0.516802788,1.013478041,0.086384274,0.547615945,-0.446758807,0.702183127
4144,84.700000,2,false,false,-0.411285520,0.518573642,1.008623838,0.080761947,0.550461531,-0.448673666,0.699400902
4145,84.720000,2,false,false,-0.408317685,0.513737202,1.009876490,0.077419780,0.554788470,-0.448003948,0.696784317
4146,84.740000,2,false,true,-0.374181747,0.569452584,0.953769207,0.085809223,0.549193323,-0.451918721,0.697705567
4147,84.760000,2,false,false,-0.315911889,0.609917819,0.907211423,0.077542864,0.556132197,-0.453665912,0.692019820
4148,84.780000,2,false,false,-0.261179686,0.624047399,0.869887352,0.046210475,0.580144227,-0.434474349,0.687407732
4149,84.800000,2,false,false,-0.367041349,0.562187850,0.941931903,-0.021993611,0.633125782,-0.375699908,0.676400542
4150,84.820000,2,false,false,-0.374860883,0.556594729,0.942017913,-0.042486947,0.648691058,-0.360452414,0.668931127
4151,84.840000,2,false,false,-0.379779816,0.550285459,0.936969280,-0.063861288,0.667048633,-0.343303651,0.658111334
4152,84.860000,2,false,false,-0.387252450,0.545726299,0.931573391,-0.090880379,0.689120710,-0.325814307,0.640857697
4153,84.880000,2,false,false,-0.367602468,0.572140098,0.853479981,-0.108392484,0.699207425,-0.313529789,0.633292377
4154,84.900000,2,false,false,-0.436918020,0.592742562,0.845254898,-0.137218893,0.724978328,-0.282717764,0.612901390
4155,84.920000,2,false,false,-0.445268393,0.565285683,0.860005319,-0.164005876,0.754235685,-0.242033452,0.587920487
4156,84.940000,2,false,false,-0.408201098,0.508912265,0.925483108,-0.196566507,0.788291097,-0.197631285,0.548544109
4157,84.960000,2,false,false,-0.455390513,0.559695005,0.848298252,-0.189549580,0.789987445,-0.194687784,0.549624979
4158,84.980000,2,false,false,-0.461521924,0.560235202,0.840852618,-0.200464636,0.805881083,-0.171574876,0.530029774
4159,85.000000,2,false,false,-0.427937567,0.514722407,0.904640317,-0.226833522,0.830832779,-0.128662705,0.491639555
4160,85.020000,2,false,false,-0.449109614,0.544296384,0.888359725,-0.237152055,0.838280141,-0.101742871,0.480305851
4161,85.040000,2,false,false,-0.490604639,0.606885254,0.835233927,-0.246424690,0.844966531,-0.072735488,0.469058633
4162,85.060000,2,false,false,-0.491074026,0.551488221,0.851084113,0.268002689,-0.843732476,0.047211796,-0.462667435
4163,85.080000,2,false,false,-0.494399548,0.558895826,0.850259185,0.284050733,-0.847231746,0.032643840,-0.447714180
4164,85.100000,2,false,false,-0.497478426,0.562446892,0.855704427,0.296460599,-0.849730134,0.018258274,-0.435587615
4165,85.120000,2,false,false,-0.507774055,0.568685293,0.848257065,0.306800634,-0.850864112,0.007200359,-0.426440924
4166,85.140000,2,false,false,-0.515865505,0.573657513,0.843485355,0.319656461,-0.851781249,-0.002751429,-0.415067494
4167,85.160000,2,false,false,-0.531467199,0.556159019,0.851101756,-0.332361221,0.850978613,0.015995597,0.406344324
4168,85.180000,2,false,false,-0.544302404,0.573691845,0.846139431,-0.338878989,0.851076484,0.022277970,0.400416791
4169,85.200000,2,false,true,-0.510761142,0.550169647,0.862260818,0.356466681,-0.849333942,-0.039069355,-0.387346148
4170,85.220000,2,false,false,-0.519447088,0.553769886,0.861608028,0.360794634,-0.848825514,-0.044450555,-0.383857727
4171,85.240000,2,false,false,-0.529332638,0.559023499,0.861487269,0.365408927,-0.848446190,-0.046609696,-0.380056530
4172,85.260000,2,false,false,-0.537166297,0.565436482,0.866757512,0.369162828,-0.847896159,-0.050730128,-0.377117157
4173,85.280000,2,false,false,-0.546398878,0.568666339,0.867445350,0.369408578,-0.847380042,-0.056036428,-0.377285451
4174,85.300000,2,false,false,-0.564167976,0.572621763,0.859158993,-0.369086951,0.846162021,0.058350362,0.379973501
4175,85.320000,2,false,false,-0.574648857,0.576468587,0.859740257,-0.368010312,0.846434176,0.060612999,0.380057603
4176,85.340000,2,false,false,-0.583557487,0.580043018,0.863201499,-0.365700871,0.846612334,0.063084461,0.381484926
4177,85.360000,2,false,false,-0.593421459,0.584369421,0.866884947,-0.362661272,0.846885264,0.063972287,0.383627087
4178,85.380000,2,false,false,-0.599647403,0.584662199,0.872801244,-0.359672397,0.847792327,0.062805243,0.384629071
4179,85.400000,2,false,false,-0.610844553,0.588349462,0.872977972,-0.355716556,0.848403931,0.060924020,0.387253016
4180,85.420000,2,false,false,-0.594574273,0.581276059,0.901356101,0.360070050,-0.849506199,-0.065037221,-0.380077690
4181,85.440000,2,false,false,-0.604665637,0.583557844,0.903199911,0.358043998,-0.849828899,-0.064010017,-0.381442159
4182,85.460000,2,false,false,-0.612947524,0.587800384,0.908311963,0.355071008,-0.850778043,-0.062918261,-0.382286072
4183,85.480000,2,false,false,-0.622142613,0.589751244,0.912534535,0.351361185,-0.852426529,-0.061871603,-0.382212400
4184,85.500000,2,false,false,-0.634373546,0.592893958,0.914863884,0.347359210,-0.855479300,-0.058567725,-0.379561067
4185,85.520000,2,false,false,-0.650151491,0.597501040,0.908845782,-0.343673766,0.857975602,0.054628536,0.377865136
4186,85.540000,2,false,false,-0.655347705,0.598681390,0.916974723,-0.340735793,0.860702038,0.054440860,0.374335945
4187,85.560000,2,false,false,-0.667040706,0.600897908,0.919105887,-0.335828424,0.862656176,0.055245027,0.374154478
4188,85.580000,2,false,true,-0.679283559,0.588413000,0.919924021,0.335527778,-0.863006651,-0.057581875,-0.373262614
4189,85.600000,2,false,false,-0.691088557,0.589554846,0.921763361,0.332820714,-0.865500391,-0.056503363,-0.370063424
4190,85.620000,2,false,false,-0.701966882,0.590836346,0.923828483,0.328635901,-0.868951321,-0.055524167,-0.365840375
4191,85.640000,2,false,false,-0.713949323,0.592069149,0.923227787,0.323990583,-0.872685373,-0.054171801,-0.361269802
4192,85.660000,2,false,false,-0.727718711,0.593039811,0.922779918,0.319017291,-0.876439691,-0.052077916,-0.356888473
4193,85.680000,2,false,false,-0.739797711,0.592340946,0.921929121,-0.314292014,0.879311562,0.052257773,0.353978723
4194,85.700000,2,false,false,-0.752345562,0.594369173,0.922238827,0.310473055,-0.881592751,-0.052229945,-0.351671517
4195,85.720000,2,false,false,-0.766500115,0.593005717,0.920455694,0.305955410,-0.884313345,-0.052610207,-0.348731250
4196,85.740000,2,false,false,-0.777071774,0.592401981,0.920671165,0.300560981,-0.888198674,-0.051731829,-0.343642503
4197,85.760000,2,false,false,-0.791643858,0.591200888,0.918975055,0.294699937,-0.891982973,-0.050206665,-0.339112997
4198,85.780000,2,false,false,-0.804774463,0.588815629,0.918622851,0.288583040,-0.895543158,-0.049684931,-0.335042864
4199,85.800000,2,false,false,-0.816998124,0.587792754,0.921463668,-0.281053334,0.899142325,0.050054263,0.331732869
4200,85.820000,2,false,false,-0.827159464,0.586092949,0.922695279,-0.275905132,0.902019799,0.050563324,0.328146547
4201,85.840000,2,false,false,-0.847067237,0.585382879,0.915077329,0.271505445,-0.904172480,-0.049201429,-0.326092243
4202,85.860000,2,false,false,-0.860906124,0.583145797,0.912155390,0.268146485,-0.907191277,-0.048199907,-0.320590377
4203,85.880000,2,false,false,-0.873793900,0.580838382,0.912771463,0.264482915,-0.910426915,-0.046649814,-0.314635485
4204,85.900000,2,false,false,-0.887498617,0.578609526,0.911540627,0.261083245,-0.912994921,-0.045966800,-0.310101479
4205,85.920000,2,false,false,-0.901888072,0.576382399,0.911993623,0.256931931,-0.915526390,-0.046418291,-0.306011200
4206,85.940000,2,false,false,-0.915760994,0.572130561,0.910619020,-0.253560781,0.918516576,0.046725441,0.299751490
4207,85.960000,2,false,true,-0.936892271,0.563547015,0.896925688,0.250502169,-0.920851052,-0.045408279,-0.295330763
4208,85.980000,2,false,false,-0.951414108,0.558688819,0.894468904,0.243551120,-0.924609005,-0.043584693,-0.289622962
4209,86.000000,2,false,false,-0.967826366,0.554106951,0.892696023,0.236683771,-0.927976072,-0.041481201,-0.284816772
4210,86.020000,2,false,false,-0.982073963,0.550182462,0.891099334,0.230387509,-0.931324422,-0.039365709,-0.279297173
4211,86.040000,2,false,false,-0.998848557,0.545520544,0.885974884,0.224116027,-0.934501886,-0.036569487,-0.274118453
4212,86.060000,2,false,false,-1.012762308,0.540634871,0.886851549,-0.217749655,0.938237429,0.033215325,0.266819000
4213,86.080000,2,false,false,-1.024317741,0.535771251,0.889629006,0.212896258,-0.941449702,-0.029396951,-0.259776086
4214,86.100000,2,false,false,-1.038848758,0.533164918,0.888855338,0.206725821,-0.944163322,-0.023515778,-0.255474418
4215,86.120000,2,false,false,-1.055507660,0.529730916,0.888064027,0.200528249,-0.946362257,-0.019675277,-0.252586335
4216,86.140000,2,false,false,-1.071932912,0.525875092,0.884447694,0.194082543,-0.948831201,-0.016662072,-0.248543158
4217,86.160000,2,false,false,-1.088018060,0.521155953,0.882313967,0.187302038,-0.951604187,-0.013505632,-0.243279874
4218,86.180000,2,false,false,-1.103876829,0.518822968,0.882477045,0.181201249,-0.954371035,-0.009187789,-0.237186894
4219,86.200000,2,false,false,-1.121736288,0.513350129,0.881926417,0.175784200,-0.956483901,-0.006123979,-0.232811242
4220,86.220000,2,false,false,-1.136313796,0.510811329,0.881081462,0.169909477,-0.958542228,-0.003172962,-0.228730381
4221,86.240000,2,false,false,-1.151777029,0.508010387,0.877874017,0.164392039,-0.960588276,-0.002522592,-0.224140912
4222,86.260000,2,false,false,-1.168140173,0.504062772,0.877527714,0.160198152,-0.962510526,-0.001524996,-0.218878388
4223,86.280000,2,false,false,-1.176510334,0.514893770,0.873125911,0.156449303,-0.964611828,0.003579766,-0.212214157
4224,86.300000,2,false,false,-1.190918446,0.511164010,0.871989965,0.153253317,-0.966261983,0.004887922,-0.206947699
4225,86.320000,2,false,false,-1.206554651,0.508046627,0.873507023,0.148787618,-0.967965484,0.005861964,-0.202165172
4226,86.340000,2,false,false,-1.223122120,0.506881475,0.869934559,0.144478083,-0.969533086,0.008166548,-0.197648957
4227,86.360000,2,false,false,-1.238671780,0.503705084,0.870987535,0.141436368,-0.971086025,0.009932867,-0.192065611
4228,86.380000,2,false,false,-1.252737045,0.501098096,0.869588256,-0.139136061,0.972444534,-0.011344980,0.186719552
4229,86.400000,2,false,true,-1.260068536,0.505635619,0.873288751,0.135451645,-0.974178255,0.014131844,-0.180083111
4230,86.420000,2,false,false,-1.275602579,0.503400207,0.871194601,0.132032976,-0.975542545,0.014406630,-0.175147384
4231,86.440000,2,false,false,-1.288816690,0.500995576,0.869678497,0.129818827,-0.976888001,0.015754176,-0.169082314
4232,86.460000,2,false,false,-1.308117151,0.499216855,0.870103359,0.127318174,-0.977780700,0.018027954,-0.165559709
4233,86.480000,2,false,false,-1.321882963,0.499459296,0.866626978,0.125172585,-0.978698373,0.019563431,-0.161550567
4234,86.500000,2,false,false,-1.338514209,0.502258182,0.864316463,-0.122933716,0.979371190,-0.022714892,0.158756196
4235,86.520000,2,false,false,-1.350487471,0.500173330,0.863484740,0.121617630,-0.980078399,0.025507184,-0.154935107
4236,86.540000,2,false,false,-1.365349650,0.499930620,0.861421108,0.121303312,-0.980355084,0.029981397,-0.152612492
4237,86.560000,2,false,false,-1.379033804,0.502167642,0.858282685,0.120258316,-0.980466127,0.035247058,-0.151597500
4238,86.580000,2,false,false,-1.394254804,0.500741899,0.855500937,0.118169941,-0.980321884,0.039295264,-0.153169081
4239,86.600000,2,false,false,-1.409312844,0.503280401,0.856233478,0.117325388,-0.979826272,0.043412052,-0.155854493
4240,86.620000,2,false,true,-1.402154922,0.499162555,0.875573277,0.117711209,-0.980173826,0.045492262,-0.152754128
4241,86.640000,2,false,false,-1.416374564,0.501211166,0.873617887,0.117376789,-0.979611993,0.050388698,-0.155061245
4242,86.660000,2,false,false,-1.432751894,0.500921488,0.873417616,0.115287662,-0.979128242,0.054598674,-0.158226758
4243,86.680000,2,false,false,-1.445802450,0.503829718,0.871985197,0.112280846,-0.978294492,0.061008599,-0.163128480
4244,86.700000,2,false,false,-1.460725427,0.507184327,0.870980740,0.112916008,-0.976599634,0.068017840,-0.169931591
4245,86.720000,2,false,true,-1.455836535,0.503899932,0.884369850,0.114197515,-0.975896597,0.071454108,-0.171694919
4246,86.740000,2,false,false,-1.467614293,0.508345068,0.884789467,0.120084077,-0.972863495,0.081333391,-0.180281579
4247,86.760000,2,false,false,-1.473176479,0.515746534,0.887588143,0.128090292,-0.968511760,0.094691806,-0.191341221
4248,86.780000,2,false,false,-1.482637644,0.521502614,0.890536427,0.139022782,-0.961923003,0.111023664,-0.207486346
4249,86.800000,2,false,false,-1.487665176,0.531047463,0.895378590,0.156069905,-0.952954888,0.128521591,-0.225835145
4250,86.820000,2,false,false,-1.447473645,0.518537939,0.947182178,-0.163235962,0.951535523,-0.127917439,0.227093637
4251,86.840000,2,false,false,-1.482202649,0.546559215,0.947058201,0.182791561,-0.936349452,0.152680501,-0.257925808
4252,86.860000,2,false,false,-1.484459639,0.555475235,0.960330248,0.213987321,-0.918669164,0.175263807,-0.282026649
4253,86.880000,2,false,false,-1.491018057,0.577340484,0.978858232,0.240916505,-0.899259388,0.198595092,-0.306352437
4254,86.900000,2,false,false,-1.523297071,0.613394737,0.890420914,0.269007146,-0.867213964,0.237681195,-0.345083773
4255,86.920000,2,false,false,-1.520622730,0.620489836,0.899800897,0.282223105,-0.848736465,0.254847437,-0.367490709
4256,86.940000,2,false,false,-1.529094696,0.612223506,0.955978513,-0.304974735,0.827842832,-0.263397217,0.390241742
4257,86.960000,2,false,false,-1.521543264,0.654856861,0.988289475,-0.304430366,0.813164830,-0.281910032,0.408181280
4258,86.980000,2,false,false,-1.525018692,0.667361259,0.995974541,-0.306634009,0.793152988,-0.299730629,0.432487667
4259,87.000000,2,false,false,-1.528971672,0.677990437,1.006316423,-0.306638509,0.775372744,-0.311341196,0.455891043
4260,87.020000,2,false,false,-1.538044691,0.686904848,1.016640425,-0.306217343,0.758406639,-0.320042312,0.478145719
4261,87.040000,2,false,false,-1.546860933,0.698070705,1.021614790,-0.305423737,0.740975320,-0.330013365,0.498761714
4262,87.060000,2,false,false,-1.553141475,0.711556733,1.026078939,-0.300591588,0.725607038,-0.343020082,0.515244126
4263,87.080000,2,false,false,-1.542883277,0.728441596,1.019966483,-0.298879504,0.700246096,-0.361537814,0.538160741
4264,87.100000,2,false,true,-1.508909702,0.675629437,1.071192384,-0.295615673,0.703908205,-0.358449548,0.537250936
4265,87.120000,2,false,false,-1.472723961,0.696810961,1.090548635,-0.295605987,0.709902346,-0.363384247,0.525935113
4266,87.140000,2,false,false,-1.487753153,0.691785812,1.097264290,-0.309616148,0.716703951,-0.366318792,0.506244957
4267,87.160000,2,false,false,-1.527176619,0.712562323,1.064848661,-0.325873733,0.717715502,-0.387042701,0.478423208
4268,87.180000,2,false,false,-1.532534361,0.749978662,1.091581345,-0.326589912,0.727085352,-0.410167813,0.443224907
4269,87.200000,2,false,false,-1.534197569,0.771443784,1.094497204,-0.327147305,0.711787462,-0.440831631,0.438179046
4270,87.220000,2,false,false,-1.570918322,0.834609628,0.920215845,-0.313265592,0.677105844,-0.470288992,0.471402794
4271,87.240000,2,false,false,-1.665597558,0.849278808,1.035517693,-0.295102686,0.661157072,-0.402589440,0.560096085
4272,87.260000,2,false,false,-1.698081017,0.906470060,1.023595214,-0.249281660,0.655385375,-0.431078970,0.567890584
4273,87.280000,2,false,false,-1.670971870,0.898437738,1.014698625,-0.194483459,0.656453192,-0.446329743,0.576225042
4274,87.300000,2,false,false,-1.638320684,0.899857163,1.015780210,-0.136586085,0.655554235,-0.456311077,0.585980415
4275,87.320000,2,false,false,-1.609604001,0.883663416,1.067178488,-0.093015321,0.655579150,-0.459127814,0.592254817
4276,87.340000,2,false,false,-1.624014616,0.886968493,1.064341784,-0.052869938,0.648299754,-0.470104396,0.596585333
4277,87.360000,2,false,false,-1.637864351,0.841596842,1.078331232,-0.023571573,0.646457136,-0.474334389,0.597113490
4278,87.380000,2,false,false,-1.656784296,0.839356661,1.071470141,0.003352403,0.646927476,-0.472382903,0.598605096
4279,87.400000,2,false,false,-1.668008924,0.891940713,0.962808013,-0.002240866,0.577905595,-0.600987315,0.552118123
4280,87.420000,2,false,true,-1.489348412,0.854838252,1.148306727,-0.000669822,0.593650401,-0.597143173,0.539443016
4281,87.440000,2,false,false,-1.495404840,0.866076350,1.141072512,0.021694923,0.578393757,-0.608627915,0.542735755
4282,87.460000,2,false,false,-1.490601897,0.867566943,1.158772588,0.052951716,0.571653843,-0.613697410,0.542017996
4283,87.480000,2,false,false,-1.493393183,0.875044107,1.158128977,0.080170020,0.566550851,-0.617343843,0.539888501
4284,87.500000,2,false,false,-1.505321383,0.894152641,1.130194664,0.103100277,0.559557796,-0.620133400,0.540092528
4285,87.520000,2,false,false,-1.507421851,0.922457337,1.106294870,0.120855927,0.552674472,-0.618564487,0.545273125
4286,87.540000,2,false,false,-1.541319609,0.950464964,1.013309717,0.128945172,0.526656806,-0.626627088,0.559771597
4287,87.560000,3,false,false,-1.560981750,0.927353621,1.088896036,0.111495838,0.511493623,-0.643710196,0.558193624
4288,87.580000,3,false,false,-1.892121911,1.344788432,0.678930223,0.142525405,0.393243104,-0.683840692,0.597836375
4289,87.600000,3,false,false,-1.688050747,0.893700242,1.205454826,0.036759716,0.537980378,-0.649360538,0.536243260
4290,87.620000,3,false,false,-1.543542862,1.742735744,1.857238531,0.230045259,0.642026722,-0.583593905,0.440793633
4291,87.640000,3,false,false,-2.622788668,1.432636380,0.049206257,0.225765437,0.528724492,-0.474132717,0.666842341
4292,87.660000,3,false,false,-2.616078854,1.478709102,0.039083958,0.205323800,0.541428208,-0.427126467,0.694449961
4293,87.680000,3,false,false,-3.567898273,1.302060127,0.683701754,0.251848519,0.560665369,-0.314170212,0.723549485
4294,87.700000,3,false,false,-3.565761089,1.313504219,0.661593676,0.249229565,0.579395354,-0.300901800,0.715292811
4295,87.720000,3,false,false,-3.562138081,1.326696754,0.637642145,0.238669276,0.589016438,-0.290470243,0.715348661
4296,87.740000,3,false,false,-3.555819988,1.339317441,0.612736225,0.233777285,0.594213843,-0.285310596,0.714742005
4297,87.760000,3,false,false,-3.544670343,1.348946333,0.587210417,0.240443811,0.610799551,-0.279383063,0.700753808
4298,87.780000,3,false,false,-2.801583052,1.131593585,0.216837406,0.248161882,0.613340378,-0.242253318,0.709607422
4299,87.800000,3,false,false,-2.707195282,1.201051712,0.211509466,0.277211130,0.650756001,-0.248507112,0.661751449
4300,87.820000,3,false,false,-2.773837328,0.628798664,1.968656301,0.398356944,0.765577197,-0.115285046,0.491846293
4301,87.840000,3,false,false,-2.750030518,0.638938785,1.947880745,0.400819272,0.754857063,-0.114400022,0.506406426
4302,87.860000,3,false,false,-1.263283610,0.385177076,0.893592119,0.392919362,0.730415642,-0.088618867,0.551592290
4303,87.880000,3,false,false,-1.406997919,0.267482162,0.738908768,0.346882224,0.719205678,-0.058589317,0.599152148
4304,87.900000,3,false,false,-1.440748096,0.386296511,0.813417912,0.347353458,0.699619293,-0.072191775,0.620215178
4305,87.920000,3,false,true,-1.409877777,1.039374590,1.031976700,0.298854202,0.576024890,-0.581973255,0.490090489
4306,87.940000,2,false,false,-1.417254090,1.054391861,1.020911813,0.290500283,0.560867071,-0.578073323,0.516593754
4307,87.960000,2,false,false,-1.418713689,1.027423859,0.966991544,0.279948145,0.535736203,-0.580811024,0.545228779
4308,87.980000,3,false,false,-1.461321473,1.013607621,0.994639277,0.280306309,0.544835925,-0.576091826,0.541018009
4309,88.000000,2,false,false,-1.698118329,0.525569558,0.928067684,0.379465401,0.629028976,-0.086229116,0.672973335
4310,88.020000,3,false,false,-1.519176245,0.946915269,1.123019099,0.322136551,0.541974783,-0.583193481,0.512227297
4311,88.040000,3,false,false,-1.625178456,0.388290673,0.902779222,0.420848638,0.608669817,-0.076872796,0.668205142
4312,88.060000,3,false,false,-1.653290868,0.205876380,0.893295348,0.454624236,0.582321525,-0.045101199,0.672446609
4313,88.080000,3,false,false,-1.603533268,0.808112741,1.079261303,0.343716651,0.471295536,-0.552543879,0.595344126
4314,88.100000,3,false,false,-1.603260756,0.757699490,1.038778424,0.340245754,0.437965840,-0.566901207,0.609132051
4315,88.120000,3,false,false,-3.443146467,0.969910383,-0.483153701,0.168199003,0.307313740,-0.472826421,0.808518827
4316,88.140000,3,false,false,-6.296943665,-3.276578903,0.136151314,-0.251506418,0.292769521,-0.230744690,0.893189549
4317,88.160000,3,false,false,-6.254216194,-3.267735004,0.088505983,-0.272690833,0.316927075,-0.214018166,0.882832468
4318,88.180000,3,false,false,-7.273909569,-3.280934572,0.053678989,-0.261244506,0.339751929,-0.217310011,0.876981378
4319,88.200000,3,false,false,-9.208872795,-4.541657448,-2.692078114,0.003908336,0.306746751,-0.100793555,0.946431160
4320,88.220000,3,false,false,-8.722391129,-38.500514984,11.943042755,-0.407830656,0.255178809,0.306379706,0.821394861
4321,88.240000,3,false,false,-8.666450500,-38.489513397,11.906637192,0.393811285,-0.252018839,-0.316995323,-0.825174689
4322,88.260000,3,false,false,-8.609790802,-38.473876953,11.869941711,0.372164488,-0.241491705,-0.331489950,-0.832640290
4323,88.280000,3,false,false,-8.552284241,-38.453666687,11.833024979,0.338270158,-0.228608772,-0.349043250,-0.843492866
4324,88.300000,3,false,false,-8.494281769,-38.428977966,11.794955254,0.296567649,-0.220885664,-0.364807010,-0.854501665
4325,88.320000,3,false,false,-8.436052322,-38.400085449,11.755309105,0.263028920,-0.210756958,-0.382038653,-0.860490382
4326,88.340000,3,false,false,-8.376596451,-38.361045837,11.723953247,0.252204299,-0.217319295,-0.387233704,-0.859776378
4327,88.360000,3,false,false,-8.317466736,-38.316078186,11.692993164,0.256618142,-0.215362668,-0.389235407,-0.858057082
4328,88.380000,3,false,false,-8.257595062,-38.265232086,11.662988663,0.255290836,-0.215980977,-0.388838828,-0.858477294
4329,88.400000,3,false,false,-8.197006226,-38.208671570,11.633843422,0.255095661,-0.216087326,-0.388787597,-0.858531713
4330,88.420000,3,false,true,-1.316272259,1.110393047,1.078096986,0.394104332,0.274966776,-0.583714366,0.654486597
4331,88.440000,3,false,false,-0.517776847,0.155465364,-0.580999076,-0.132416248,-0.000273991,0.777133465,-0.615247548
4332,88.460000,3,false,false,-0.654204905,-0.672592282,0.593485653,-0.026237024,-0.484002203,0.844310045,-0.228460178
4333,88.480000,3,false,false,-2.071727037,-3.420382500,2.937461853,-0.816610098,0.284657210,0.096583493,0.492737204
4334,88.500000,3,false,false,-2.053416967,-3.505826950,2.878671646,0.816583931,-0.284661770,-0.096576229,-0.492779195
4335,88.520000,2,false,false,-1.259931326,1.098484993,1.041056275,0.372440070,0.284817338,-0.601827562,0.646506786
4336,88.540000,2,false,false,-1.319888473,1.105194807,1.094172120,0.387207508,0.284701854,-0.586409390,0.652027011
4337,88.560000,2,false,false,-1.293306708,1.148045063,1.026582718,0.394711435,0.260623276,-0.586314678,0.657657683
4338,88.580000,2,false,false,-1.297231078,1.160482049,1.051592588,0.396270156,0.264461398,-0.585602283,0.655820251
4339,88.600000,2,false,false,-1.338259697,1.140425086,1.067599535,0.367331266,0.295363367,-0.593261003,0.652586818
4340,88.620000,2,false,false,-1.260533571,1.143910408,1.125744700,0.393202096,0.283381552,-0.592633486,0.643329382
4341,88.640000,2,false,false,-1.348956227,1.084806442,1.120955348,0.376942694,0.300161153,-0.586168706,0.651324630
4342,88.660000,2,false,false,-1.338229299,1.115731478,1.094683409,0.393864304,0.278537929,-0.579968989,0.656447649
4343,88.680000,2,false,false,-1.355261683,1.108570337,1.094113350,0.384808093,0.287637353,-0.581995606,0.656101108
4344,88.700000,2,false,false,-1.307112694,1.191910744,1.096955299,0.405663371,0.265201420,-0.579867542,0.654873431
4345,88.720000,2,false,false,-1.283350229,1.211537123,1.079769731,0.422780395,0.244598478,-0.573935151,0.657287538
4346,88.740000,2,false,false,-1.307014823,1.137405157,1.122679472,0.423267603,0.256642669,-0.570203006,0.655627728
4347,88.760000,2,false,false,-1.322682381,1.124139071,1.077390671,0.393921018,0.274623543,-0.581782520,0.656458199
4348,88.780000,2,false,false,-1.324749351,1.142771721,1.070058107,0.398615003,0.268182427,-0.579349816,0.658436120
4349,88.800000,2,false,false,-1.300640583,1.120690346,1.070062757,0.392014980,0.274215996,-0.585981250,0.654030442
4350,88.820000,2,false,false,-1.333764911,1.143203139,1.056787968,0.370420307,0.290967017,-0.591694295,0.654236078
4351,88.840000,2,false,false,-1.286700487,1.177431703,1.076581240,0.395234436,0.270867407,-0.587101460,0.652481914
4352,88.860000,2,false,false,-1.348143458,1.134608626,1.084178925,0.366398543,0.300649196,-0.591331720,0.652448535
4353,88.880000,2,false,false,-1.337392092,1.102412343,1.098941565,0.394105673,0.280049980,-0.579290807,0.656258345
4354,88.900000,2,false,false,-1.329451203,1.111620903,1.100771666,0.385004044,0.288118899,-0.584989309,0.653105557
4355,88.920000,2,false,true,-1.307973862,1.136664748,1.098760605,0.392430425,0.278833181,-0.583886147,0.653702915
4356,88.940000,2,false,false,-1.303915739,1.134628534,1.103334427,0.393581122,0.278462291,-0.584015012,0.653053701
4357,88.960000,2,false,false,-1.306381702,1.134571552,1.102435470,0.393197984,0.278961867,-0.583762407,0.653297186
4358,88.980000,2,false,false,-1.308973789,1.134678602,1.099821806,0.392563432,0.279233545,-0.583701253,0.653617203
4359,89.000000,2,false,false,-1.313792944,1.133916140,1.095994592,0.391139090,0.279929370,-0.583573401,0.654287279
4360,89.020000,2,false,false,-1.313223839,1.133696079,1.096589446,0.391410589,0.279904813,-0.583377600,0.654310048
4361,89.040000,2,false,false,-1.313340425,1.133416891,1.093842745,0.391412765,0.279253691,-0.583411455,0.654556692
